{
    "response": {
        "total": "275",
        "dateFormat": "YYYY-MM-DD\"T\"HH24",
        "frequency": "hourly",
        "data": [
            {
                "period": "2024-09-20T00",
                "subba": "ZONA",
                "subba-name": "West - NYIS",
                "parent": "NYIS",
                "parent-name": "New York Independent System Operator",
                "value": "2154",
                "value-units": "megawatthours"
            },
            {
                "period": "2024-09-20T00",
                "subba": "ZONB",
                "subba-name": "Genesee - NYIS",
                "parent": "NYIS",
                "parent-name": "New York Independent System Operator",
                "value": "1352",
                "value-units": "megawatthours"
            },
            {
                "period": "2024-09-20T00",
                "subba": "ZONC",
                "subba-name": "Central - NYIS",
                "parent": "NYIS",
                "parent-name": "New York Independent System Operator",
                "value": "2033",
                "value-units": "megawatthours"
            },
            {
                "period": "2024-09-20T00",
                "subba": "ZOND",
                "subba-name": "North - NYIS",
                "parent": "NYIS",
                "parent-name": "New York Independent System Operator",
                "value": "640",
                "value-units": "megawatthours"
            },
            {
                "period": "2024-09-20T00",
                "subba": "ZONE",
                "subba-name": "Mohawk Valley - NYIS",
                "parent": "NYIS",
                "parent-name": "New York Independent System Operator",
                "value": "997",
                "value-units": "megawatthours"
            },
            {
                "period": "2024-09-20T00",
                "subba": "ZONF",
                "subba-name": "Capital - NYIS",
                "parent": "NYIS",
                "parent-name": "New York Independent System Operator",
                "value": "1668",
                "value-units": "megawatthours"
            },
            {
                "period": "2024-09-20T00",
                "subba": "ZONG",
                "subba-name": "Hudson Valley - NYIS",
                "parent": "NYIS",
                "parent-name": "New York Independent System Operator",
                "value": "1371",
                "value-units": "megawatthours"
            },
            {
                "period": "2024-09-20T00",
                "subba": "ZONH",
                "subba-name": "Millwood - NYIS",
                "parent": "NYIS",
                "parent-name": "New York Independent System Operator",
                "value": "404",
                "value-units": "megawatthours"
            },
            {
                "period": "2024-09-20T00",
                "subba": "ZONI",
                "subba-name": "Dunwoodie - NYIS",
                "parent": "NYIS",
                "parent-name": "New York Independent System Operator",
                "value": "853",
                "value-units": "megawatthours"
            },
            {
                "period": "2024-09-20T00",
                "subba": "ZONJ",
                "subba-name": "New York City - NYIS",
                "parent": "NYIS",
                "parent-name": "New York Independent System Operator",
                "value": "7117",
                "value-units": "megawatthours"
            },
            {
                "period": "2024-09-20T00",
                "subba": "ZONK",
                "subba-name": "Long Island - NYIS",
                "parent": "NYIS",
                "parent-name": "New York Independent System Operator",
                "value": "3231",
                "value-units": "megawatthours"
            },
            {
                "period": "2024-09-19T23",
                "subba": "ZONA",
                "subba-name": "West - NYIS",
                "parent": "NYIS",
                "parent-name": "New York Independent System Operator",
                "value": "2202",
                "value-units": "megawatthours"
            },
            {
                "period": "2024-09-19T23",
                "subba": "ZONB",
                "subba-name": "Genesee - NYIS",
                "parent": "NYIS",
                "parent-name": "New York Independent System Operator",
                "value": "1363",
                "value-units": "megawatthours"
            },
            {
                "period": "2024-09-19T23",
                "subba": "ZONC",
                "subba-name": "Central - NYIS",
                "parent": "NYIS",
                "parent-name": "New York Independent System Operator",
                "value": "2041",
                "value-units": "megawatthours"
            },
            {
                "period": "2024-09-19T23",
                "subba": "ZOND",
                "subba-name": "North - NYIS",
                "parent": "NYIS",
                "parent-name": "New York Independent System Operator",
                "value": "651",
                "value-units": "megawatthours"
            },
            {
                "period": "2024-09-19T23",
                "subba": "ZONE",
                "subba-name": "Mohawk Valley - NYIS",
                "parent": "NYIS",
                "parent-name": "New York Independent System Operator",
                "value": "975",
                "value-units": "megawatthours"
            },
            {
                "period": "2024-09-19T23",
                "subba": "ZONF",
                "subba-name": "Capital - NYIS",
                "parent": "NYIS",
                "parent-name": "New York Independent System Operator",
                "value": "1678",
                "value-units": "megawatthours"
            },
            {
                "period": "2024-09-19T23",
                "subba": "ZONG",
                "subba-name": "Hudson Valley - NYIS",
                "parent": "NYIS",
                "parent-name": "New York Independent System Operator",
                "value": "1378",
                "value-units": "megawatthours"
            },
            {
                "period": "2024-09-19T23",
                "subba": "ZONH",
                "subba-name": "Millwood - NYIS",
                "parent": "NYIS",
                "parent-name": "New York Independent System Operator",
                "value": "405",
                "value-units": "megawatthours"
            },
            {
                "period": "2024-09-19T23",
                "subba": "ZONI",
                "subba-name": "Dunwoodie - NYIS",
                "parent": "NYIS",
                "parent-name": "New York Independent System Operator",
                "value": "858",
                "value-units": "megawatthours"
            },
            {
                "period": "2024-09-19T23",
                "subba": "ZONJ",
                "subba-name": "New York City - NYIS",
                "parent": "NYIS",
                "parent-name": "New York Independent System Operator",
                "value": "7248",
                "value-units": "megawatthours"
            },
            {
                "period": "2024-09-19T23",
                "subba": "ZONK",
                "subba-name": "Long Island - NYIS",
                "parent": "NYIS",
                "parent-name": "New York Independent System Operator",
                "value": "3256",
                "value-units": "megawatthours"
            },
            {
                "period": "2024-09-19T22",
                "subba": "ZONA",
                "subba-name": "West - NYIS",
                "parent": "NYIS",
                "parent-name": "New York Independent System Operator",
                "value": "2214",
                "value-units": "megawatthours"
            },
            {
                "period": "2024-09-19T22",
                "subba": "ZONB",
                "subba-name": "Genesee - NYIS",
                "parent": "NYIS",
                "parent-name": "New York Independent System Operator",
                "value": "1318",
                "value-units": "megawatthours"
            },
            {
                "period": "2024-09-19T22",
                "subba": "ZONC",
                "subba-name": "Central - NYIS",
                "parent": "NYIS",
                "parent-name": "New York Independent System Operator",
                "value": "1977",
                "value-units": "megawatthours"
            },
            {
                "period": "2024-09-19T22",
                "subba": "ZOND",
                "subba-name": "North - NYIS",
                "parent": "NYIS",
                "parent-name": "New York Independent System Operator",
                "value": "645",
                "value-units": "megawatthours"
            },
            {
                "period": "2024-09-19T22",
                "subba": "ZONE",
                "subba-name": "Mohawk Valley - NYIS",
                "parent": "NYIS",
                "parent-name": "New York Independent System Operator",
                "value": "878",
                "value-units": "megawatthours"
            },
            {
                "period": "2024-09-19T22",
                "subba": "ZONF",
                "subba-name": "Capital - NYIS",
                "parent": "NYIS",
                "parent-name": "New York Independent System Operator",
                "value": "1627",
                "value-units": "megawatthours"
            },
            {
                "period": "2024-09-19T22",
                "subba": "ZONG",
                "subba-name": "Hudson Valley - NYIS",
                "parent": "NYIS",
                "parent-name": "New York Independent System Operator",
                "value": "1351",
                "value-units": "megawatthours"
            },
            {
                "period": "2024-09-19T22",
                "subba": "ZONH",
                "subba-name": "Millwood - NYIS",
                "parent": "NYIS",
                "parent-name": "New York Independent System Operator",
                "value": "410",
                "value-units": "megawatthours"
            },
            {
                "period": "2024-09-19T22",
                "subba": "ZONI",
                "subba-name": "Dunwoodie - NYIS",
                "parent": "NYIS",
                "parent-name": "New York Independent System Operator",
                "value": "874",
                "value-units": "megawatthours"
            },
            {
                "period": "2024-09-19T22",
                "subba": "ZONJ",
                "subba-name": "New York City - NYIS",
                "parent": "NYIS",
                "parent-name": "New York Independent System Operator",
                "value": "7467",
                "value-units": "megawatthours"
            },
            {
                "period": "2024-09-19T22",
                "subba": "ZONK",
                "subba-name": "Long Island - NYIS",
                "parent": "NYIS",
                "parent-name": "New York Independent System Operator",
                "value": "3320",
                "value-units": "megawatthours"
            },
            {
                "period": "2024-09-19T21",
                "subba": "ZONA",
                "subba-name": "West - NYIS",
                "parent": "NYIS",
                "parent-name": "New York Independent System Operator",
                "value": "2186",
                "value-units": "megawatthours"
            },
            {
                "period": "2024-09-19T21",
                "subba": "ZONB",
                "subba-name": "Genesee - NYIS",
                "parent": "NYIS",
                "parent-name": "New York Independent System Operator",
                "value": "1252",
                "value-units": "megawatthours"
            },
            {
                "period": "2024-09-19T21",
                "subba": "ZONC",
                "subba-name": "Central - NYIS",
                "parent": "NYIS",
                "parent-name": "New York Independent System Operator",
                "value": "1830",
                "value-units": "megawatthours"
            },
            {
                "period": "2024-09-19T21",
                "subba": "ZOND",
                "subba-name": "North - NYIS",
                "parent": "NYIS",
                "parent-name": "New York Independent System Operator",
                "value": "623",
                "value-units": "megawatthours"
            },
            {
                "period": "2024-09-19T21",
                "subba": "ZONE",
                "subba-name": "Mohawk Valley - NYIS",
                "parent": "NYIS",
                "parent-name": "New York Independent System Operator",
                "value": "763",
                "value-units": "megawatthours"
            },
            {
                "period": "2024-09-19T21",
                "subba": "ZONF",
                "subba-name": "Capital - NYIS",
                "parent": "NYIS",
                "parent-name": "New York Independent System Operator",
                "value": "1500",
                "value-units": "megawatthours"
            },
            {
                "period": "2024-09-19T21",
                "subba": "ZONG",
                "subba-name": "Hudson Valley - NYIS",
                "parent": "NYIS",
                "parent-name": "New York Independent System Operator",
                "value": "1237",
                "value-units": "megawatthours"
            },
            {
                "period": "2024-09-19T21",
                "subba": "ZONH",
                "subba-name": "Millwood - NYIS",
                "parent": "NYIS",
                "parent-name": "New York Independent System Operator",
                "value": "398",
                "value-units": "megawatthours"
            },
            {
                "period": "2024-09-19T21",
                "subba": "ZONI",
                "subba-name": "Dunwoodie - NYIS",
                "parent": "NYIS",
                "parent-name": "New York Independent System Operator",
                "value": "859",
                "value-units": "megawatthours"
            },
            {
                "period": "2024-09-19T21",
                "subba": "ZONJ",
                "subba-name": "New York City - NYIS",
                "parent": "NYIS",
                "parent-name": "New York Independent System Operator",
                "value": "7436",
                "value-units": "megawatthours"
            },
            {
                "period": "2024-09-19T21",
                "subba": "ZONK",
                "subba-name": "Long Island - NYIS",
                "parent": "NYIS",
                "parent-name": "New York Independent System Operator",
                "value": "3254",
                "value-units": "megawatthours"
            },
            {
                "period": "2024-09-19T20",
                "subba": "ZONA",
                "subba-name": "West - NYIS",
                "parent": "NYIS",
                "parent-name": "New York Independent System Operator",
                "value": "2150",
                "value-units": "megawatthours"
            },
            {
                "period": "2024-09-19T20",
                "subba": "ZONB",
                "subba-name": "Genesee - NYIS",
                "parent": "NYIS",
                "parent-name": "New York Independent System Operator",
                "value": "1207",
                "value-units": "megawatthours"
            },
            {
                "period": "2024-09-19T20",
                "subba": "ZONC",
                "subba-name": "Central - NYIS",
                "parent": "NYIS",
                "parent-name": "New York Independent System Operator",
                "value": "1703",
                "value-units": "megawatthours"
            },
            {
                "period": "2024-09-19T20",
                "subba": "ZOND",
                "subba-name": "North - NYIS",
                "parent": "NYIS",
                "parent-name": "New York Independent System Operator",
                "value": "607",
                "value-units": "megawatthours"
            },
            {
                "period": "2024-09-19T20",
                "subba": "ZONE",
                "subba-name": "Mohawk Valley - NYIS",
                "parent": "NYIS",
                "parent-name": "New York Independent System Operator",
                "value": "692",
                "value-units": "megawatthours"
            },
            {
                "period": "2024-09-19T20",
                "subba": "ZONF",
                "subba-name": "Capital - NYIS",
                "parent": "NYIS",
                "parent-name": "New York Independent System Operator",
                "value": "1389",
                "value-units": "megawatthours"
            },
            {
                "period": "2024-09-19T20",
                "subba": "ZONG",
                "subba-name": "Hudson Valley - NYIS",
                "parent": "NYIS",
                "parent-name": "New York Independent System Operator",
                "value": "1108",
                "value-units": "megawatthours"
            },
            {
                "period": "2024-09-19T20",
                "subba": "ZONH",
                "subba-name": "Millwood - NYIS",
                "parent": "NYIS",
                "parent-name": "New York Independent System Operator",
                "value": "379",
                "value-units": "megawatthours"
            },
            {
                "period": "2024-09-19T20",
                "subba": "ZONI",
                "subba-name": "Dunwoodie - NYIS",
                "parent": "NYIS",
                "parent-name": "New York Independent System Operator",
                "value": "826",
                "value-units": "megawatthours"
            },
            {
                "period": "2024-09-19T20",
                "subba": "ZONJ",
                "subba-name": "New York City - NYIS",
                "parent": "NYIS",
                "parent-name": "New York Independent System Operator",
                "value": "7302",
                "value-units": "megawatthours"
            },
            {
                "period": "2024-09-19T20",
                "subba": "ZONK",
                "subba-name": "Long Island - NYIS",
                "parent": "NYIS",
                "parent-name": "New York Independent System Operator",
                "value": "3074",
                "value-units": "megawatthours"
            },
            {
                "period": "2024-09-19T19",
                "subba": "ZONA",
                "subba-name": "West - NYIS",
                "parent": "NYIS",
                "parent-name": "New York Independent System Operator",
                "value": "2096",
                "value-units": "megawatthours"
            },
            {
                "period": "2024-09-19T19",
                "subba": "ZONB",
                "subba-name": "Genesee - NYIS",
                "parent": "NYIS",
                "parent-name": "New York Independent System Operator",
                "value": "1181",
                "value-units": "megawatthours"
            },
            {
                "period": "2024-09-19T19",
                "subba": "ZONC",
                "subba-name": "Central - NYIS",
                "parent": "NYIS",
                "parent-name": "New York Independent System Operator",
                "value": "1618",
                "value-units": "megawatthours"
            },
            {
                "period": "2024-09-19T19",
                "subba": "ZOND",
                "subba-name": "North - NYIS",
                "parent": "NYIS",
                "parent-name": "New York Independent System Operator",
                "value": "617",
                "value-units": "megawatthours"
            },
            {
                "period": "2024-09-19T19",
                "subba": "ZONE",
                "subba-name": "Mohawk Valley - NYIS",
                "parent": "NYIS",
                "parent-name": "New York Independent System Operator",
                "value": "648",
                "value-units": "megawatthours"
            },
            {
                "period": "2024-09-19T19",
                "subba": "ZONF",
                "subba-name": "Capital - NYIS",
                "parent": "NYIS",
                "parent-name": "New York Independent System Operator",
                "value": "1296",
                "value-units": "megawatthours"
            },
            {
                "period": "2024-09-19T19",
                "subba": "ZONG",
                "subba-name": "Hudson Valley - NYIS",
                "parent": "NYIS",
                "parent-name": "New York Independent System Operator",
                "value": "1008",
                "value-units": "megawatthours"
            },
            {
                "period": "2024-09-19T19",
                "subba": "ZONH",
                "subba-name": "Millwood - NYIS",
                "parent": "NYIS",
                "parent-name": "New York Independent System Operator",
                "value": "368",
                "value-units": "megawatthours"
            },
            {
                "period": "2024-09-19T19",
                "subba": "ZONI",
                "subba-name": "Dunwoodie - NYIS",
                "parent": "NYIS",
                "parent-name": "New York Independent System Operator",
                "value": "789",
                "value-units": "megawatthours"
            },
            {
                "period": "2024-09-19T19",
                "subba": "ZONJ",
                "subba-name": "New York City - NYIS",
                "parent": "NYIS",
                "parent-name": "New York Independent System Operator",
                "value": "7126",
                "value-units": "megawatthours"
            },
            {
                "period": "2024-09-19T19",
                "subba": "ZONK",
                "subba-name": "Long Island - NYIS",
                "parent": "NYIS",
                "parent-name": "New York Independent System Operator",
                "value": "2862",
                "value-units": "megawatthours"
            },
            {
                "period": "2024-09-19T18",
                "subba": "ZONA",
                "subba-name": "West - NYIS",
                "parent": "NYIS",
                "parent-name": "New York Independent System Operator",
                "value": "2055",
                "value-units": "megawatthours"
            },
            {
                "period": "2024-09-19T18",
                "subba": "ZONB",
                "subba-name": "Genesee - NYIS",
                "parent": "NYIS",
                "parent-name": "New York Independent System Operator",
                "value": "1153",
                "value-units": "megawatthours"
            },
            {
                "period": "2024-09-19T18",
                "subba": "ZONC",
                "subba-name": "Central - NYIS",
                "parent": "NYIS",
                "parent-name": "New York Independent System Operator",
                "value": "1552",
                "value-units": "megawatthours"
            },
            {
                "period": "2024-09-19T18",
                "subba": "ZOND",
                "subba-name": "North - NYIS",
                "parent": "NYIS",
                "parent-name": "New York Independent System Operator",
                "value": "610",
                "value-units": "megawatthours"
            },
            {
                "period": "2024-09-19T18",
                "subba": "ZONE",
                "subba-name": "Mohawk Valley - NYIS",
                "parent": "NYIS",
                "parent-name": "New York Independent System Operator",
                "value": "626",
                "value-units": "megawatthours"
            },
            {
                "period": "2024-09-19T18",
                "subba": "ZONF",
                "subba-name": "Capital - NYIS",
                "parent": "NYIS",
                "parent-name": "New York Independent System Operator",
                "value": "1232",
                "value-units": "megawatthours"
            },
            {
                "period": "2024-09-19T18",
                "subba": "ZONG",
                "subba-name": "Hudson Valley - NYIS",
                "parent": "NYIS",
                "parent-name": "New York Independent System Operator",
                "value": "926",
                "value-units": "megawatthours"
            },
            {
                "period": "2024-09-19T18",
                "subba": "ZONH",
                "subba-name": "Millwood - NYIS",
                "parent": "NYIS",
                "parent-name": "New York Independent System Operator",
                "value": "346",
                "value-units": "megawatthours"
            },
            {
                "period": "2024-09-19T18",
                "subba": "ZONI",
                "subba-name": "Dunwoodie - NYIS",
                "parent": "NYIS",
                "parent-name": "New York Independent System Operator",
                "value": "754",
                "value-units": "megawatthours"
            },
            {
                "period": "2024-09-19T18",
                "subba": "ZONJ",
                "subba-name": "New York City - NYIS",
                "parent": "NYIS",
                "parent-name": "New York Independent System Operator",
                "value": "6973",
                "value-units": "megawatthours"
            },
            {
                "period": "2024-09-19T18",
                "subba": "ZONK",
                "subba-name": "Long Island - NYIS",
                "parent": "NYIS",
                "parent-name": "New York Independent System Operator",
                "value": "2650",
                "value-units": "megawatthours"
            },
            {
                "period": "2024-09-19T17",
                "subba": "ZONA",
                "subba-name": "West - NYIS",
                "parent": "NYIS",
                "parent-name": "New York Independent System Operator",
                "value": "1978",
                "value-units": "megawatthours"
            },
            {
                "period": "2024-09-19T17",
                "subba": "ZONB",
                "subba-name": "Genesee - NYIS",
                "parent": "NYIS",
                "parent-name": "New York Independent System Operator",
                "value": "1096",
                "value-units": "megawatthours"
            },
            {
                "period": "2024-09-19T17",
                "subba": "ZONC",
                "subba-name": "Central - NYIS",
                "parent": "NYIS",
                "parent-name": "New York Independent System Operator",
                "value": "1500",
                "value-units": "megawatthours"
            },
            {
                "period": "2024-09-19T17",
                "subba": "ZOND",
                "subba-name": "North - NYIS",
                "parent": "NYIS",
                "parent-name": "New York Independent System Operator",
                "value": "602",
                "value-units": "megawatthours"
            },
            {
                "period": "2024-09-19T17",
                "subba": "ZONE",
                "subba-name": "Mohawk Valley - NYIS",
                "parent": "NYIS",
                "parent-name": "New York Independent System Operator",
                "value": "601",
                "value-units": "megawatthours"
            },
            {
                "period": "2024-09-19T17",
                "subba": "ZONF",
                "subba-name": "Capital - NYIS",
                "parent": "NYIS",
                "parent-name": "New York Independent System Operator",
                "value": "1174",
                "value-units": "megawatthours"
            },
            {
                "period": "2024-09-19T17",
                "subba": "ZONG",
                "subba-name": "Hudson Valley - NYIS",
                "parent": "NYIS",
                "parent-name": "New York Independent System Operator",
                "value": "849",
                "value-units": "megawatthours"
            },
            {
                "period": "2024-09-19T17",
                "subba": "ZONH",
                "subba-name": "Millwood - NYIS",
                "parent": "NYIS",
                "parent-name": "New York Independent System Operator",
                "value": "321",
                "value-units": "megawatthours"
            },
            {
                "period": "2024-09-19T17",
                "subba": "ZONI",
                "subba-name": "Dunwoodie - NYIS",
                "parent": "NYIS",
                "parent-name": "New York Independent System Operator",
                "value": "719",
                "value-units": "megawatthours"
            },
            {
                "period": "2024-09-19T17",
                "subba": "ZONJ",
                "subba-name": "New York City - NYIS",
                "parent": "NYIS",
                "parent-name": "New York Independent System Operator",
                "value": "6836",
                "value-units": "megawatthours"
            },
            {
                "period": "2024-09-19T17",
                "subba": "ZONK",
                "subba-name": "Long Island - NYIS",
                "parent": "NYIS",
                "parent-name": "New York Independent System Operator",
                "value": "2492",
                "value-units": "megawatthours"
            },
            {
                "period": "2024-09-19T16",
                "subba": "ZONA",
                "subba-name": "West - NYIS",
                "parent": "NYIS",
                "parent-name": "New York Independent System Operator",
                "value": "1958",
                "value-units": "megawatthours"
            },
            {
                "period": "2024-09-19T16",
                "subba": "ZONB",
                "subba-name": "Genesee - NYIS",
                "parent": "NYIS",
                "parent-name": "New York Independent System Operator",
                "value": "1081",
                "value-units": "megawatthours"
            },
            {
                "period": "2024-09-19T16",
                "subba": "ZONC",
                "subba-name": "Central - NYIS",
                "parent": "NYIS",
                "parent-name": "New York Independent System Operator",
                "value": "1472",
                "value-units": "megawatthours"
            },
            {
                "period": "2024-09-19T16",
                "subba": "ZOND",
                "subba-name": "North - NYIS",
                "parent": "NYIS",
                "parent-name": "New York Independent System Operator",
                "value": "605",
                "value-units": "megawatthours"
            },
            {
                "period": "2024-09-19T16",
                "subba": "ZONE",
                "subba-name": "Mohawk Valley - NYIS",
                "parent": "NYIS",
                "parent-name": "New York Independent System Operator",
                "value": "589",
                "value-units": "megawatthours"
            },
            {
                "period": "2024-09-19T16",
                "subba": "ZONF",
                "subba-name": "Capital - NYIS",
                "parent": "NYIS",
                "parent-name": "New York Independent System Operator",
                "value": "1153",
                "value-units": "megawatthours"
            },
            {
                "period": "2024-09-19T16",
                "subba": "ZONG",
                "subba-name": "Hudson Valley - NYIS",
                "parent": "NYIS",
                "parent-name": "New York Independent System Operator",
                "value": "806",
                "value-units": "megawatthours"
            },
            {
                "period": "2024-09-19T16",
                "subba": "ZONH",
                "subba-name": "Millwood - NYIS",
                "parent": "NYIS",
                "parent-name": "New York Independent System Operator",
                "value": "312",
                "value-units": "megawatthours"
            },
            {
                "period": "2024-09-19T16",
                "subba": "ZONI",
                "subba-name": "Dunwoodie - NYIS",
                "parent": "NYIS",
                "parent-name": "New York Independent System Operator",
                "value": "702",
                "value-units": "megawatthours"
            },
            {
                "period": "2024-09-19T16",
                "subba": "ZONJ",
                "subba-name": "New York City - NYIS",
                "parent": "NYIS",
                "parent-name": "New York Independent System Operator",
                "value": "6696",
                "value-units": "megawatthours"
            },
            {
                "period": "2024-09-19T16",
                "subba": "ZONK",
                "subba-name": "Long Island - NYIS",
                "parent": "NYIS",
                "parent-name": "New York Independent System Operator",
                "value": "2395",
                "value-units": "megawatthours"
            },
            {
                "period": "2024-09-19T15",
                "subba": "ZONA",
                "subba-name": "West - NYIS",
                "parent": "NYIS",
                "parent-name": "New York Independent System Operator",
                "value": "1920",
                "value-units": "megawatthours"
            },
            {
                "period": "2024-09-19T15",
                "subba": "ZONB",
                "subba-name": "Genesee - NYIS",
                "parent": "NYIS",
                "parent-name": "New York Independent System Operator",
                "value": "1072",
                "value-units": "megawatthours"
            },
            {
                "period": "2024-09-19T15",
                "subba": "ZONC",
                "subba-name": "Central - NYIS",
                "parent": "NYIS",
                "parent-name": "New York Independent System Operator",
                "value": "1476",
                "value-units": "megawatthours"
            },
            {
                "period": "2024-09-19T15",
                "subba": "ZOND",
                "subba-name": "North - NYIS",
                "parent": "NYIS",
                "parent-name": "New York Independent System Operator",
                "value": "609",
                "value-units": "megawatthours"
            },
            {
                "period": "2024-09-19T15",
                "subba": "ZONE",
                "subba-name": "Mohawk Valley - NYIS",
                "parent": "NYIS",
                "parent-name": "New York Independent System Operator",
                "value": "594",
                "value-units": "megawatthours"
            },
            {
                "period": "2024-09-19T15",
                "subba": "ZONF",
                "subba-name": "Capital - NYIS",
                "parent": "NYIS",
                "parent-name": "New York Independent System Operator",
                "value": "1147",
                "value-units": "megawatthours"
            },
            {
                "period": "2024-09-19T15",
                "subba": "ZONG",
                "subba-name": "Hudson Valley - NYIS",
                "parent": "NYIS",
                "parent-name": "New York Independent System Operator",
                "value": "817",
                "value-units": "megawatthours"
            },
            {
                "period": "2024-09-19T15",
                "subba": "ZONH",
                "subba-name": "Millwood - NYIS",
                "parent": "NYIS",
                "parent-name": "New York Independent System Operator",
                "value": "299",
                "value-units": "megawatthours"
            },
            {
                "period": "2024-09-19T15",
                "subba": "ZONI",
                "subba-name": "Dunwoodie - NYIS",
                "parent": "NYIS",
                "parent-name": "New York Independent System Operator",
                "value": "686",
                "value-units": "megawatthours"
            },
            {
                "period": "2024-09-19T15",
                "subba": "ZONJ",
                "subba-name": "New York City - NYIS",
                "parent": "NYIS",
                "parent-name": "New York Independent System Operator",
                "value": "6507",
                "value-units": "megawatthours"
            },
            {
                "period": "2024-09-19T15",
                "subba": "ZONK",
                "subba-name": "Long Island - NYIS",
                "parent": "NYIS",
                "parent-name": "New York Independent System Operator",
                "value": "2349",
                "value-units": "megawatthours"
            },
            {
                "period": "2024-09-19T14",
                "subba": "ZONA",
                "subba-name": "West - NYIS",
                "parent": "NYIS",
                "parent-name": "New York Independent System Operator",
                "value": "1870",
                "value-units": "megawatthours"
            },
            {
                "period": "2024-09-19T14",
                "subba": "ZONB",
                "subba-name": "Genesee - NYIS",
                "parent": "NYIS",
                "parent-name": "New York Independent System Operator",
                "value": "1106",
                "value-units": "megawatthours"
            },
            {
                "period": "2024-09-19T14",
                "subba": "ZONC",
                "subba-name": "Central - NYIS",
                "parent": "NYIS",
                "parent-name": "New York Independent System Operator",
                "value": "1510",
                "value-units": "megawatthours"
            },
            {
                "period": "2024-09-19T14",
                "subba": "ZOND",
                "subba-name": "North - NYIS",
                "parent": "NYIS",
                "parent-name": "New York Independent System Operator",
                "value": "602",
                "value-units": "megawatthours"
            },
            {
                "period": "2024-09-19T14",
                "subba": "ZONE",
                "subba-name": "Mohawk Valley - NYIS",
                "parent": "NYIS",
                "parent-name": "New York Independent System Operator",
                "value": "632",
                "value-units": "megawatthours"
            },
            {
                "period": "2024-09-19T14",
                "subba": "ZONF",
                "subba-name": "Capital - NYIS",
                "parent": "NYIS",
                "parent-name": "New York Independent System Operator",
                "value": "1196",
                "value-units": "megawatthours"
            },
            {
                "period": "2024-09-19T14",
                "subba": "ZONG",
                "subba-name": "Hudson Valley - NYIS",
                "parent": "NYIS",
                "parent-name": "New York Independent System Operator",
                "value": "880",
                "value-units": "megawatthours"
            },
            {
                "period": "2024-09-19T14",
                "subba": "ZONH",
                "subba-name": "Millwood - NYIS",
                "parent": "NYIS",
                "parent-name": "New York Independent System Operator",
                "value": "294",
                "value-units": "megawatthours"
            },
            {
                "period": "2024-09-19T14",
                "subba": "ZONI",
                "subba-name": "Dunwoodie - NYIS",
                "parent": "NYIS",
                "parent-name": "New York Independent System Operator",
                "value": "668",
                "value-units": "megawatthours"
            },
            {
                "period": "2024-09-19T14",
                "subba": "ZONJ",
                "subba-name": "New York City - NYIS",
                "parent": "NYIS",
                "parent-name": "New York Independent System Operator",
                "value": "6357",
                "value-units": "megawatthours"
            },
            {
                "period": "2024-09-19T14",
                "subba": "ZONK",
                "subba-name": "Long Island - NYIS",
                "parent": "NYIS",
                "parent-name": "New York Independent System Operator",
                "value": "2330",
                "value-units": "megawatthours"
            },
            {
                "period": "2024-09-19T13",
                "subba": "ZONA",
                "subba-name": "West - NYIS",
                "parent": "NYIS",
                "parent-name": "New York Independent System Operator",
                "value": "1842",
                "value-units": "megawatthours"
            },
            {
                "period": "2024-09-19T13",
                "subba": "ZONB",
                "subba-name": "Genesee - NYIS",
                "parent": "NYIS",
                "parent-name": "New York Independent System Operator",
                "value": "1116",
                "value-units": "megawatthours"
            },
            {
                "period": "2024-09-19T13",
                "subba": "ZONC",
                "subba-name": "Central - NYIS",
                "parent": "NYIS",
                "parent-name": "New York Independent System Operator",
                "value": "1600",
                "value-units": "megawatthours"
            },
            {
                "period": "2024-09-19T13",
                "subba": "ZOND",
                "subba-name": "North - NYIS",
                "parent": "NYIS",
                "parent-name": "New York Independent System Operator",
                "value": "602",
                "value-units": "megawatthours"
            },
            {
                "period": "2024-09-19T13",
                "subba": "ZONE",
                "subba-name": "Mohawk Valley - NYIS",
                "parent": "NYIS",
                "parent-name": "New York Independent System Operator",
                "value": "721",
                "value-units": "megawatthours"
            },
            {
                "period": "2024-09-19T13",
                "subba": "ZONF",
                "subba-name": "Capital - NYIS",
                "parent": "NYIS",
                "parent-name": "New York Independent System Operator",
                "value": "1276",
                "value-units": "megawatthours"
            },
            {
                "period": "2024-09-19T13",
                "subba": "ZONG",
                "subba-name": "Hudson Valley - NYIS",
                "parent": "NYIS",
                "parent-name": "New York Independent System Operator",
                "value": "930",
                "value-units": "megawatthours"
            },
            {
                "period": "2024-09-19T13",
                "subba": "ZONH",
                "subba-name": "Millwood - NYIS",
                "parent": "NYIS",
                "parent-name": "New York Independent System Operator",
                "value": "295",
                "value-units": "megawatthours"
            },
            {
                "period": "2024-09-19T13",
                "subba": "ZONI",
                "subba-name": "Dunwoodie - NYIS",
                "parent": "NYIS",
                "parent-name": "New York Independent System Operator",
                "value": "639",
                "value-units": "megawatthours"
            },
            {
                "period": "2024-09-19T13",
                "subba": "ZONJ",
                "subba-name": "New York City - NYIS",
                "parent": "NYIS",
                "parent-name": "New York Independent System Operator",
                "value": "6173",
                "value-units": "megawatthours"
            },
            {
                "period": "2024-09-19T13",
                "subba": "ZONK",
                "subba-name": "Long Island - NYIS",
                "parent": "NYIS",
                "parent-name": "New York Independent System Operator",
                "value": "2294",
                "value-units": "megawatthours"
            },
            {
                "period": "2024-09-19T12",
                "subba": "ZONA",
                "subba-name": "West - NYIS",
                "parent": "NYIS",
                "parent-name": "New York Independent System Operator",
                "value": "1806",
                "value-units": "megawatthours"
            },
            {
                "period": "2024-09-19T12",
                "subba": "ZONB",
                "subba-name": "Genesee - NYIS",
                "parent": "NYIS",
                "parent-name": "New York Independent System Operator",
                "value": "1099",
                "value-units": "megawatthours"
            },
            {
                "period": "2024-09-19T12",
                "subba": "ZONC",
                "subba-name": "Central - NYIS",
                "parent": "NYIS",
                "parent-name": "New York Independent System Operator",
                "value": "1659",
                "value-units": "megawatthours"
            },
            {
                "period": "2024-09-19T12",
                "subba": "ZOND",
                "subba-name": "North - NYIS",
                "parent": "NYIS",
                "parent-name": "New York Independent System Operator",
                "value": "606",
                "value-units": "megawatthours"
            },
            {
                "period": "2024-09-19T12",
                "subba": "ZONE",
                "subba-name": "Mohawk Valley - NYIS",
                "parent": "NYIS",
                "parent-name": "New York Independent System Operator",
                "value": "798",
                "value-units": "megawatthours"
            },
            {
                "period": "2024-09-19T12",
                "subba": "ZONF",
                "subba-name": "Capital - NYIS",
                "parent": "NYIS",
                "parent-name": "New York Independent System Operator",
                "value": "1307",
                "value-units": "megawatthours"
            },
            {
                "period": "2024-09-19T12",
                "subba": "ZONG",
                "subba-name": "Hudson Valley - NYIS",
                "parent": "NYIS",
                "parent-name": "New York Independent System Operator",
                "value": "942",
                "value-units": "megawatthours"
            },
            {
                "period": "2024-09-19T12",
                "subba": "ZONH",
                "subba-name": "Millwood - NYIS",
                "parent": "NYIS",
                "parent-name": "New York Independent System Operator",
                "value": "283",
                "value-units": "megawatthours"
            },
            {
                "period": "2024-09-19T12",
                "subba": "ZONI",
                "subba-name": "Dunwoodie - NYIS",
                "parent": "NYIS",
                "parent-name": "New York Independent System Operator",
                "value": "633",
                "value-units": "megawatthours"
            },
            {
                "period": "2024-09-19T12",
                "subba": "ZONJ",
                "subba-name": "New York City - NYIS",
                "parent": "NYIS",
                "parent-name": "New York Independent System Operator",
                "value": "5852",
                "value-units": "megawatthours"
            },
            {
                "period": "2024-09-19T12",
                "subba": "ZONK",
                "subba-name": "Long Island - NYIS",
                "parent": "NYIS",
                "parent-name": "New York Independent System Operator",
                "value": "2227",
                "value-units": "megawatthours"
            },
            {
                "period": "2024-09-19T11",
                "subba": "ZONA",
                "subba-name": "West - NYIS",
                "parent": "NYIS",
                "parent-name": "New York Independent System Operator",
                "value": "1726",
                "value-units": "megawatthours"
            },
            {
                "period": "2024-09-19T11",
                "subba": "ZONB",
                "subba-name": "Genesee - NYIS",
                "parent": "NYIS",
                "parent-name": "New York Independent System Operator",
                "value": "1044",
                "value-units": "megawatthours"
            },
            {
                "period": "2024-09-19T11",
                "subba": "ZONC",
                "subba-name": "Central - NYIS",
                "parent": "NYIS",
                "parent-name": "New York Independent System Operator",
                "value": "1603",
                "value-units": "megawatthours"
            },
            {
                "period": "2024-09-19T11",
                "subba": "ZOND",
                "subba-name": "North - NYIS",
                "parent": "NYIS",
                "parent-name": "New York Independent System Operator",
                "value": "610",
                "value-units": "megawatthours"
            },
            {
                "period": "2024-09-19T11",
                "subba": "ZONE",
                "subba-name": "Mohawk Valley - NYIS",
                "parent": "NYIS",
                "parent-name": "New York Independent System Operator",
                "value": "790",
                "value-units": "megawatthours"
            },
            {
                "period": "2024-09-19T11",
                "subba": "ZONF",
                "subba-name": "Capital - NYIS",
                "parent": "NYIS",
                "parent-name": "New York Independent System Operator",
                "value": "1263",
                "value-units": "megawatthours"
            },
            {
                "period": "2024-09-19T11",
                "subba": "ZONG",
                "subba-name": "Hudson Valley - NYIS",
                "parent": "NYIS",
                "parent-name": "New York Independent System Operator",
                "value": "905",
                "value-units": "megawatthours"
            },
            {
                "period": "2024-09-19T11",
                "subba": "ZONH",
                "subba-name": "Millwood - NYIS",
                "parent": "NYIS",
                "parent-name": "New York Independent System Operator",
                "value": "260",
                "value-units": "megawatthours"
            },
            {
                "period": "2024-09-19T11",
                "subba": "ZONI",
                "subba-name": "Dunwoodie - NYIS",
                "parent": "NYIS",
                "parent-name": "New York Independent System Operator",
                "value": "591",
                "value-units": "megawatthours"
            },
            {
                "period": "2024-09-19T11",
                "subba": "ZONJ",
                "subba-name": "New York City - NYIS",
                "parent": "NYIS",
                "parent-name": "New York Independent System Operator",
                "value": "5394",
                "value-units": "megawatthours"
            },
            {
                "period": "2024-09-19T11",
                "subba": "ZONK",
                "subba-name": "Long Island - NYIS",
                "parent": "NYIS",
                "parent-name": "New York Independent System Operator",
                "value": "2132",
                "value-units": "megawatthours"
            },
            {
                "period": "2024-09-19T10",
                "subba": "ZONA",
                "subba-name": "West - NYIS",
                "parent": "NYIS",
                "parent-name": "New York Independent System Operator",
                "value": "1642",
                "value-units": "megawatthours"
            },
            {
                "period": "2024-09-19T10",
                "subba": "ZONB",
                "subba-name": "Genesee - NYIS",
                "parent": "NYIS",
                "parent-name": "New York Independent System Operator",
                "value": "956",
                "value-units": "megawatthours"
            },
            {
                "period": "2024-09-19T10",
                "subba": "ZONC",
                "subba-name": "Central - NYIS",
                "parent": "NYIS",
                "parent-name": "New York Independent System Operator",
                "value": "1443",
                "value-units": "megawatthours"
            },
            {
                "period": "2024-09-19T10",
                "subba": "ZOND",
                "subba-name": "North - NYIS",
                "parent": "NYIS",
                "parent-name": "New York Independent System Operator",
                "value": "590",
                "value-units": "megawatthours"
            },
            {
                "period": "2024-09-19T10",
                "subba": "ZONE",
                "subba-name": "Mohawk Valley - NYIS",
                "parent": "NYIS",
                "parent-name": "New York Independent System Operator",
                "value": "714",
                "value-units": "megawatthours"
            },
            {
                "period": "2024-09-19T10",
                "subba": "ZONF",
                "subba-name": "Capital - NYIS",
                "parent": "NYIS",
                "parent-name": "New York Independent System Operator",
                "value": "1164",
                "value-units": "megawatthours"
            },
            {
                "period": "2024-09-19T10",
                "subba": "ZONG",
                "subba-name": "Hudson Valley - NYIS",
                "parent": "NYIS",
                "parent-name": "New York Independent System Operator",
                "value": "833",
                "value-units": "megawatthours"
            },
            {
                "period": "2024-09-19T10",
                "subba": "ZONH",
                "subba-name": "Millwood - NYIS",
                "parent": "NYIS",
                "parent-name": "New York Independent System Operator",
                "value": "236",
                "value-units": "megawatthours"
            },
            {
                "period": "2024-09-19T10",
                "subba": "ZONI",
                "subba-name": "Dunwoodie - NYIS",
                "parent": "NYIS",
                "parent-name": "New York Independent System Operator",
                "value": "540",
                "value-units": "megawatthours"
            },
            {
                "period": "2024-09-19T10",
                "subba": "ZONJ",
                "subba-name": "New York City - NYIS",
                "parent": "NYIS",
                "parent-name": "New York Independent System Operator",
                "value": "4910",
                "value-units": "megawatthours"
            },
            {
                "period": "2024-09-19T10",
                "subba": "ZONK",
                "subba-name": "Long Island - NYIS",
                "parent": "NYIS",
                "parent-name": "New York Independent System Operator",
                "value": "1972",
                "value-units": "megawatthours"
            },
            {
                "period": "2024-09-19T09",
                "subba": "ZONA",
                "subba-name": "West - NYIS",
                "parent": "NYIS",
                "parent-name": "New York Independent System Operator",
                "value": "1592",
                "value-units": "megawatthours"
            },
            {
                "period": "2024-09-19T09",
                "subba": "ZONB",
                "subba-name": "Genesee - NYIS",
                "parent": "NYIS",
                "parent-name": "New York Independent System Operator",
                "value": "917",
                "value-units": "megawatthours"
            },
            {
                "period": "2024-09-19T09",
                "subba": "ZONC",
                "subba-name": "Central - NYIS",
                "parent": "NYIS",
                "parent-name": "New York Independent System Operator",
                "value": "1373",
                "value-units": "megawatthours"
            },
            {
                "period": "2024-09-19T09",
                "subba": "ZOND",
                "subba-name": "North - NYIS",
                "parent": "NYIS",
                "parent-name": "New York Independent System Operator",
                "value": "582",
                "value-units": "megawatthours"
            },
            {
                "period": "2024-09-19T09",
                "subba": "ZONE",
                "subba-name": "Mohawk Valley - NYIS",
                "parent": "NYIS",
                "parent-name": "New York Independent System Operator",
                "value": "673",
                "value-units": "megawatthours"
            },
            {
                "period": "2024-09-19T09",
                "subba": "ZONF",
                "subba-name": "Capital - NYIS",
                "parent": "NYIS",
                "parent-name": "New York Independent System Operator",
                "value": "1122",
                "value-units": "megawatthours"
            },
            {
                "period": "2024-09-19T09",
                "subba": "ZONG",
                "subba-name": "Hudson Valley - NYIS",
                "parent": "NYIS",
                "parent-name": "New York Independent System Operator",
                "value": "796",
                "value-units": "megawatthours"
            },
            {
                "period": "2024-09-19T09",
                "subba": "ZONH",
                "subba-name": "Millwood - NYIS",
                "parent": "NYIS",
                "parent-name": "New York Independent System Operator",
                "value": "226",
                "value-units": "megawatthours"
            },
            {
                "period": "2024-09-19T09",
                "subba": "ZONI",
                "subba-name": "Dunwoodie - NYIS",
                "parent": "NYIS",
                "parent-name": "New York Independent System Operator",
                "value": "515",
                "value-units": "megawatthours"
            },
            {
                "period": "2024-09-19T09",
                "subba": "ZONJ",
                "subba-name": "New York City - NYIS",
                "parent": "NYIS",
                "parent-name": "New York Independent System Operator",
                "value": "4703",
                "value-units": "megawatthours"
            },
            {
                "period": "2024-09-19T09",
                "subba": "ZONK",
                "subba-name": "Long Island - NYIS",
                "parent": "NYIS",
                "parent-name": "New York Independent System Operator",
                "value": "1880",
                "value-units": "megawatthours"
            },
            {
                "period": "2024-09-19T08",
                "subba": "ZONA",
                "subba-name": "West - NYIS",
                "parent": "NYIS",
                "parent-name": "New York Independent System Operator",
                "value": "1587",
                "value-units": "megawatthours"
            },
            {
                "period": "2024-09-19T08",
                "subba": "ZONB",
                "subba-name": "Genesee - NYIS",
                "parent": "NYIS",
                "parent-name": "New York Independent System Operator",
                "value": "912",
                "value-units": "megawatthours"
            },
            {
                "period": "2024-09-19T08",
                "subba": "ZONC",
                "subba-name": "Central - NYIS",
                "parent": "NYIS",
                "parent-name": "New York Independent System Operator",
                "value": "1363",
                "value-units": "megawatthours"
            },
            {
                "period": "2024-09-19T08",
                "subba": "ZOND",
                "subba-name": "North - NYIS",
                "parent": "NYIS",
                "parent-name": "New York Independent System Operator",
                "value": "579",
                "value-units": "megawatthours"
            },
            {
                "period": "2024-09-19T08",
                "subba": "ZONE",
                "subba-name": "Mohawk Valley - NYIS",
                "parent": "NYIS",
                "parent-name": "New York Independent System Operator",
                "value": "661",
                "value-units": "megawatthours"
            },
            {
                "period": "2024-09-19T08",
                "subba": "ZONF",
                "subba-name": "Capital - NYIS",
                "parent": "NYIS",
                "parent-name": "New York Independent System Operator",
                "value": "1112",
                "value-units": "megawatthours"
            },
            {
                "period": "2024-09-19T08",
                "subba": "ZONG",
                "subba-name": "Hudson Valley - NYIS",
                "parent": "NYIS",
                "parent-name": "New York Independent System Operator",
                "value": "798",
                "value-units": "megawatthours"
            },
            {
                "period": "2024-09-19T08",
                "subba": "ZONH",
                "subba-name": "Millwood - NYIS",
                "parent": "NYIS",
                "parent-name": "New York Independent System Operator",
                "value": "226",
                "value-units": "megawatthours"
            },
            {
                "period": "2024-09-19T08",
                "subba": "ZONI",
                "subba-name": "Dunwoodie - NYIS",
                "parent": "NYIS",
                "parent-name": "New York Independent System Operator",
                "value": "517",
                "value-units": "megawatthours"
            },
            {
                "period": "2024-09-19T08",
                "subba": "ZONJ",
                "subba-name": "New York City - NYIS",
                "parent": "NYIS",
                "parent-name": "New York Independent System Operator",
                "value": "4703",
                "value-units": "megawatthours"
            },
            {
                "period": "2024-09-19T08",
                "subba": "ZONK",
                "subba-name": "Long Island - NYIS",
                "parent": "NYIS",
                "parent-name": "New York Independent System Operator",
                "value": "1867",
                "value-units": "megawatthours"
            },
            {
                "period": "2024-09-19T07",
                "subba": "ZONA",
                "subba-name": "West - NYIS",
                "parent": "NYIS",
                "parent-name": "New York Independent System Operator",
                "value": "1607",
                "value-units": "megawatthours"
            },
            {
                "period": "2024-09-19T07",
                "subba": "ZONB",
                "subba-name": "Genesee - NYIS",
                "parent": "NYIS",
                "parent-name": "New York Independent System Operator",
                "value": "925",
                "value-units": "megawatthours"
            },
            {
                "period": "2024-09-19T07",
                "subba": "ZONC",
                "subba-name": "Central - NYIS",
                "parent": "NYIS",
                "parent-name": "New York Independent System Operator",
                "value": "1372",
                "value-units": "megawatthours"
            },
            {
                "period": "2024-09-19T07",
                "subba": "ZOND",
                "subba-name": "North - NYIS",
                "parent": "NYIS",
                "parent-name": "New York Independent System Operator",
                "value": "581",
                "value-units": "megawatthours"
            },
            {
                "period": "2024-09-19T07",
                "subba": "ZONE",
                "subba-name": "Mohawk Valley - NYIS",
                "parent": "NYIS",
                "parent-name": "New York Independent System Operator",
                "value": "671",
                "value-units": "megawatthours"
            },
            {
                "period": "2024-09-19T07",
                "subba": "ZONF",
                "subba-name": "Capital - NYIS",
                "parent": "NYIS",
                "parent-name": "New York Independent System Operator",
                "value": "1130",
                "value-units": "megawatthours"
            },
            {
                "period": "2024-09-19T07",
                "subba": "ZONG",
                "subba-name": "Hudson Valley - NYIS",
                "parent": "NYIS",
                "parent-name": "New York Independent System Operator",
                "value": "819",
                "value-units": "megawatthours"
            },
            {
                "period": "2024-09-19T07",
                "subba": "ZONH",
                "subba-name": "Millwood - NYIS",
                "parent": "NYIS",
                "parent-name": "New York Independent System Operator",
                "value": "234",
                "value-units": "megawatthours"
            },
            {
                "period": "2024-09-19T07",
                "subba": "ZONI",
                "subba-name": "Dunwoodie - NYIS",
                "parent": "NYIS",
                "parent-name": "New York Independent System Operator",
                "value": "535",
                "value-units": "megawatthours"
            },
            {
                "period": "2024-09-19T07",
                "subba": "ZONJ",
                "subba-name": "New York City - NYIS",
                "parent": "NYIS",
                "parent-name": "New York Independent System Operator",
                "value": "4811",
                "value-units": "megawatthours"
            },
            {
                "period": "2024-09-19T07",
                "subba": "ZONK",
                "subba-name": "Long Island - NYIS",
                "parent": "NYIS",
                "parent-name": "New York Independent System Operator",
                "value": "1909",
                "value-units": "megawatthours"
            },
            {
                "period": "2024-09-19T06",
                "subba": "ZONA",
                "subba-name": "West - NYIS",
                "parent": "NYIS",
                "parent-name": "New York Independent System Operator",
                "value": "1639",
                "value-units": "megawatthours"
            },
            {
                "period": "2024-09-19T06",
                "subba": "ZONB",
                "subba-name": "Genesee - NYIS",
                "parent": "NYIS",
                "parent-name": "New York Independent System Operator",
                "value": "951",
                "value-units": "megawatthours"
            },
            {
                "period": "2024-09-19T06",
                "subba": "ZONC",
                "subba-name": "Central - NYIS",
                "parent": "NYIS",
                "parent-name": "New York Independent System Operator",
                "value": "1395",
                "value-units": "megawatthours"
            },
            {
                "period": "2024-09-19T06",
                "subba": "ZOND",
                "subba-name": "North - NYIS",
                "parent": "NYIS",
                "parent-name": "New York Independent System Operator",
                "value": "588",
                "value-units": "megawatthours"
            },
            {
                "period": "2024-09-19T06",
                "subba": "ZONE",
                "subba-name": "Mohawk Valley - NYIS",
                "parent": "NYIS",
                "parent-name": "New York Independent System Operator",
                "value": "685",
                "value-units": "megawatthours"
            },
            {
                "period": "2024-09-19T06",
                "subba": "ZONF",
                "subba-name": "Capital - NYIS",
                "parent": "NYIS",
                "parent-name": "New York Independent System Operator",
                "value": "1156",
                "value-units": "megawatthours"
            },
            {
                "period": "2024-09-19T06",
                "subba": "ZONG",
                "subba-name": "Hudson Valley - NYIS",
                "parent": "NYIS",
                "parent-name": "New York Independent System Operator",
                "value": "848",
                "value-units": "megawatthours"
            },
            {
                "period": "2024-09-19T06",
                "subba": "ZONH",
                "subba-name": "Millwood - NYIS",
                "parent": "NYIS",
                "parent-name": "New York Independent System Operator",
                "value": "242",
                "value-units": "megawatthours"
            },
            {
                "period": "2024-09-19T06",
                "subba": "ZONI",
                "subba-name": "Dunwoodie - NYIS",
                "parent": "NYIS",
                "parent-name": "New York Independent System Operator",
                "value": "558",
                "value-units": "megawatthours"
            },
            {
                "period": "2024-09-19T06",
                "subba": "ZONJ",
                "subba-name": "New York City - NYIS",
                "parent": "NYIS",
                "parent-name": "New York Independent System Operator",
                "value": "4976",
                "value-units": "megawatthours"
            },
            {
                "period": "2024-09-19T06",
                "subba": "ZONK",
                "subba-name": "Long Island - NYIS",
                "parent": "NYIS",
                "parent-name": "New York Independent System Operator",
                "value": "1986",
                "value-units": "megawatthours"
            },
            {
                "period": "2024-09-19T05",
                "subba": "ZONA",
                "subba-name": "West - NYIS",
                "parent": "NYIS",
                "parent-name": "New York Independent System Operator",
                "value": "1668",
                "value-units": "megawatthours"
            },
            {
                "period": "2024-09-19T05",
                "subba": "ZONB",
                "subba-name": "Genesee - NYIS",
                "parent": "NYIS",
                "parent-name": "New York Independent System Operator",
                "value": "993",
                "value-units": "megawatthours"
            },
            {
                "period": "2024-09-19T05",
                "subba": "ZONC",
                "subba-name": "Central - NYIS",
                "parent": "NYIS",
                "parent-name": "New York Independent System Operator",
                "value": "1451",
                "value-units": "megawatthours"
            },
            {
                "period": "2024-09-19T05",
                "subba": "ZOND",
                "subba-name": "North - NYIS",
                "parent": "NYIS",
                "parent-name": "New York Independent System Operator",
                "value": "595",
                "value-units": "megawatthours"
            },
            {
                "period": "2024-09-19T05",
                "subba": "ZONE",
                "subba-name": "Mohawk Valley - NYIS",
                "parent": "NYIS",
                "parent-name": "New York Independent System Operator",
                "value": "710",
                "value-units": "megawatthours"
            },
            {
                "period": "2024-09-19T05",
                "subba": "ZONF",
                "subba-name": "Capital - NYIS",
                "parent": "NYIS",
                "parent-name": "New York Independent System Operator",
                "value": "1194",
                "value-units": "megawatthours"
            },
            {
                "period": "2024-09-19T05",
                "subba": "ZONG",
                "subba-name": "Hudson Valley - NYIS",
                "parent": "NYIS",
                "parent-name": "New York Independent System Operator",
                "value": "887",
                "value-units": "megawatthours"
            },
            {
                "period": "2024-09-19T05",
                "subba": "ZONH",
                "subba-name": "Millwood - NYIS",
                "parent": "NYIS",
                "parent-name": "New York Independent System Operator",
                "value": "247",
                "value-units": "megawatthours"
            },
            {
                "period": "2024-09-19T05",
                "subba": "ZONI",
                "subba-name": "Dunwoodie - NYIS",
                "parent": "NYIS",
                "parent-name": "New York Independent System Operator",
                "value": "578",
                "value-units": "megawatthours"
            },
            {
                "period": "2024-09-19T05",
                "subba": "ZONJ",
                "subba-name": "New York City - NYIS",
                "parent": "NYIS",
                "parent-name": "New York Independent System Operator",
                "value": "5216",
                "value-units": "megawatthours"
            },
            {
                "period": "2024-09-19T05",
                "subba": "ZONK",
                "subba-name": "Long Island - NYIS",
                "parent": "NYIS",
                "parent-name": "New York Independent System Operator",
                "value": "2099",
                "value-units": "megawatthours"
            },
            {
                "period": "2024-09-19T04",
                "subba": "ZONA",
                "subba-name": "West - NYIS",
                "parent": "NYIS",
                "parent-name": "New York Independent System Operator",
                "value": "1752",
                "value-units": "megawatthours"
            },
            {
                "period": "2024-09-19T04",
                "subba": "ZONB",
                "subba-name": "Genesee - NYIS",
                "parent": "NYIS",
                "parent-name": "New York Independent System Operator",
                "value": "1049",
                "value-units": "megawatthours"
            },
            {
                "period": "2024-09-19T04",
                "subba": "ZONC",
                "subba-name": "Central - NYIS",
                "parent": "NYIS",
                "parent-name": "New York Independent System Operator",
                "value": "1537",
                "value-units": "megawatthours"
            },
            {
                "period": "2024-09-19T04",
                "subba": "ZOND",
                "subba-name": "North - NYIS",
                "parent": "NYIS",
                "parent-name": "New York Independent System Operator",
                "value": "619",
                "value-units": "megawatthours"
            },
            {
                "period": "2024-09-19T04",
                "subba": "ZONE",
                "subba-name": "Mohawk Valley - NYIS",
                "parent": "NYIS",
                "parent-name": "New York Independent System Operator",
                "value": "748",
                "value-units": "megawatthours"
            },
            {
                "period": "2024-09-19T04",
                "subba": "ZONF",
                "subba-name": "Capital - NYIS",
                "parent": "NYIS",
                "parent-name": "New York Independent System Operator",
                "value": "1255",
                "value-units": "megawatthours"
            },
            {
                "period": "2024-09-19T04",
                "subba": "ZONG",
                "subba-name": "Hudson Valley - NYIS",
                "parent": "NYIS",
                "parent-name": "New York Independent System Operator",
                "value": "940",
                "value-units": "megawatthours"
            },
            {
                "period": "2024-09-19T04",
                "subba": "ZONH",
                "subba-name": "Millwood - NYIS",
                "parent": "NYIS",
                "parent-name": "New York Independent System Operator",
                "value": "267",
                "value-units": "megawatthours"
            },
            {
                "period": "2024-09-19T04",
                "subba": "ZONI",
                "subba-name": "Dunwoodie - NYIS",
                "parent": "NYIS",
                "parent-name": "New York Independent System Operator",
                "value": "604",
                "value-units": "megawatthours"
            },
            {
                "period": "2024-09-19T04",
                "subba": "ZONJ",
                "subba-name": "New York City - NYIS",
                "parent": "NYIS",
                "parent-name": "New York Independent System Operator",
                "value": "5520",
                "value-units": "megawatthours"
            },
            {
                "period": "2024-09-19T04",
                "subba": "ZONK",
                "subba-name": "Long Island - NYIS",
                "parent": "NYIS",
                "parent-name": "New York Independent System Operator",
                "value": "2252",
                "value-units": "megawatthours"
            },
            {
                "period": "2024-09-19T03",
                "subba": "ZONA",
                "subba-name": "West - NYIS",
                "parent": "NYIS",
                "parent-name": "New York Independent System Operator",
                "value": "1857",
                "value-units": "megawatthours"
            },
            {
                "period": "2024-09-19T03",
                "subba": "ZONB",
                "subba-name": "Genesee - NYIS",
                "parent": "NYIS",
                "parent-name": "New York Independent System Operator",
                "value": "1118",
                "value-units": "megawatthours"
            },
            {
                "period": "2024-09-19T03",
                "subba": "ZONC",
                "subba-name": "Central - NYIS",
                "parent": "NYIS",
                "parent-name": "New York Independent System Operator",
                "value": "1641",
                "value-units": "megawatthours"
            },
            {
                "period": "2024-09-19T03",
                "subba": "ZOND",
                "subba-name": "North - NYIS",
                "parent": "NYIS",
                "parent-name": "New York Independent System Operator",
                "value": "623",
                "value-units": "megawatthours"
            },
            {
                "period": "2024-09-19T03",
                "subba": "ZONE",
                "subba-name": "Mohawk Valley - NYIS",
                "parent": "NYIS",
                "parent-name": "New York Independent System Operator",
                "value": "805",
                "value-units": "megawatthours"
            },
            {
                "period": "2024-09-19T03",
                "subba": "ZONF",
                "subba-name": "Capital - NYIS",
                "parent": "NYIS",
                "parent-name": "New York Independent System Operator",
                "value": "1348",
                "value-units": "megawatthours"
            },
            {
                "period": "2024-09-19T03",
                "subba": "ZONG",
                "subba-name": "Hudson Valley - NYIS",
                "parent": "NYIS",
                "parent-name": "New York Independent System Operator",
                "value": "1022",
                "value-units": "megawatthours"
            },
            {
                "period": "2024-09-19T03",
                "subba": "ZONH",
                "subba-name": "Millwood - NYIS",
                "parent": "NYIS",
                "parent-name": "New York Independent System Operator",
                "value": "298",
                "value-units": "megawatthours"
            },
            {
                "period": "2024-09-19T03",
                "subba": "ZONI",
                "subba-name": "Dunwoodie - NYIS",
                "parent": "NYIS",
                "parent-name": "New York Independent System Operator",
                "value": "649",
                "value-units": "megawatthours"
            },
            {
                "period": "2024-09-19T03",
                "subba": "ZONJ",
                "subba-name": "New York City - NYIS",
                "parent": "NYIS",
                "parent-name": "New York Independent System Operator",
                "value": "5862",
                "value-units": "megawatthours"
            },
            {
                "period": "2024-09-19T03",
                "subba": "ZONK",
                "subba-name": "Long Island - NYIS",
                "parent": "NYIS",
                "parent-name": "New York Independent System Operator",
                "value": "2439",
                "value-units": "megawatthours"
            },
            {
                "period": "2024-09-19T02",
                "subba": "ZONA",
                "subba-name": "West - NYIS",
                "parent": "NYIS",
                "parent-name": "New York Independent System Operator",
                "value": "1977",
                "value-units": "megawatthours"
            },
            {
                "period": "2024-09-19T02",
                "subba": "ZONB",
                "subba-name": "Genesee - NYIS",
                "parent": "NYIS",
                "parent-name": "New York Independent System Operator",
                "value": "1208",
                "value-units": "megawatthours"
            },
            {
                "period": "2024-09-19T02",
                "subba": "ZONC",
                "subba-name": "Central - NYIS",
                "parent": "NYIS",
                "parent-name": "New York Independent System Operator",
                "value": "1749",
                "value-units": "megawatthours"
            },
            {
                "period": "2024-09-19T02",
                "subba": "ZOND",
                "subba-name": "North - NYIS",
                "parent": "NYIS",
                "parent-name": "New York Independent System Operator",
                "value": "636",
                "value-units": "megawatthours"
            },
            {
                "period": "2024-09-19T02",
                "subba": "ZONE",
                "subba-name": "Mohawk Valley - NYIS",
                "parent": "NYIS",
                "parent-name": "New York Independent System Operator",
                "value": "868",
                "value-units": "megawatthours"
            },
            {
                "period": "2024-09-19T02",
                "subba": "ZONF",
                "subba-name": "Capital - NYIS",
                "parent": "NYIS",
                "parent-name": "New York Independent System Operator",
                "value": "1453",
                "value-units": "megawatthours"
            },
            {
                "period": "2024-09-19T02",
                "subba": "ZONG",
                "subba-name": "Hudson Valley - NYIS",
                "parent": "NYIS",
                "parent-name": "New York Independent System Operator",
                "value": "1107",
                "value-units": "megawatthours"
            },
            {
                "period": "2024-09-19T02",
                "subba": "ZONH",
                "subba-name": "Millwood - NYIS",
                "parent": "NYIS",
                "parent-name": "New York Independent System Operator",
                "value": "324",
                "value-units": "megawatthours"
            },
            {
                "period": "2024-09-19T02",
                "subba": "ZONI",
                "subba-name": "Dunwoodie - NYIS",
                "parent": "NYIS",
                "parent-name": "New York Independent System Operator",
                "value": "696",
                "value-units": "megawatthours"
            },
            {
                "period": "2024-09-19T02",
                "subba": "ZONJ",
                "subba-name": "New York City - NYIS",
                "parent": "NYIS",
                "parent-name": "New York Independent System Operator",
                "value": "6134",
                "value-units": "megawatthours"
            },
            {
                "period": "2024-09-19T02",
                "subba": "ZONK",
                "subba-name": "Long Island - NYIS",
                "parent": "NYIS",
                "parent-name": "New York Independent System Operator",
                "value": "2622",
                "value-units": "megawatthours"
            },
            {
                "period": "2024-09-19T01",
                "subba": "ZONA",
                "subba-name": "West - NYIS",
                "parent": "NYIS",
                "parent-name": "New York Independent System Operator",
                "value": "2064",
                "value-units": "megawatthours"
            },
            {
                "period": "2024-09-19T01",
                "subba": "ZONB",
                "subba-name": "Genesee - NYIS",
                "parent": "NYIS",
                "parent-name": "New York Independent System Operator",
                "value": "1283",
                "value-units": "megawatthours"
            },
            {
                "period": "2024-09-19T01",
                "subba": "ZONC",
                "subba-name": "Central - NYIS",
                "parent": "NYIS",
                "parent-name": "New York Independent System Operator",
                "value": "1852",
                "value-units": "megawatthours"
            },
            {
                "period": "2024-09-19T01",
                "subba": "ZOND",
                "subba-name": "North - NYIS",
                "parent": "NYIS",
                "parent-name": "New York Independent System Operator",
                "value": "640",
                "value-units": "megawatthours"
            },
            {
                "period": "2024-09-19T01",
                "subba": "ZONE",
                "subba-name": "Mohawk Valley - NYIS",
                "parent": "NYIS",
                "parent-name": "New York Independent System Operator",
                "value": "929",
                "value-units": "megawatthours"
            },
            {
                "period": "2024-09-19T01",
                "subba": "ZONF",
                "subba-name": "Capital - NYIS",
                "parent": "NYIS",
                "parent-name": "New York Independent System Operator",
                "value": "1547",
                "value-units": "megawatthours"
            },
            {
                "period": "2024-09-19T01",
                "subba": "ZONG",
                "subba-name": "Hudson Valley - NYIS",
                "parent": "NYIS",
                "parent-name": "New York Independent System Operator",
                "value": "1179",
                "value-units": "megawatthours"
            },
            {
                "period": "2024-09-19T01",
                "subba": "ZONH",
                "subba-name": "Millwood - NYIS",
                "parent": "NYIS",
                "parent-name": "New York Independent System Operator",
                "value": "340",
                "value-units": "megawatthours"
            },
            {
                "period": "2024-09-19T01",
                "subba": "ZONI",
                "subba-name": "Dunwoodie - NYIS",
                "parent": "NYIS",
                "parent-name": "New York Independent System Operator",
                "value": "728",
                "value-units": "megawatthours"
            },
            {
                "period": "2024-09-19T01",
                "subba": "ZONJ",
                "subba-name": "New York City - NYIS",
                "parent": "NYIS",
                "parent-name": "New York Independent System Operator",
                "value": "6323",
                "value-units": "megawatthours"
            },
            {
                "period": "2024-09-19T01",
                "subba": "ZONK",
                "subba-name": "Long Island - NYIS",
                "parent": "NYIS",
                "parent-name": "New York Independent System Operator",
                "value": "2764",
                "value-units": "megawatthours"
            },
            {
                "period": "2024-09-19T00",
                "subba": "ZONA",
                "subba-name": "West - NYIS",
                "parent": "NYIS",
                "parent-name": "New York Independent System Operator",
                "value": "2100",
                "value-units": "megawatthours"
            },
            {
                "period": "2024-09-19T00",
                "subba": "ZONB",
                "subba-name": "Genesee - NYIS",
                "parent": "NYIS",
                "parent-name": "New York Independent System Operator",
                "value": "1314",
                "value-units": "megawatthours"
            },
            {
                "period": "2024-09-19T00",
                "subba": "ZONC",
                "subba-name": "Central - NYIS",
                "parent": "NYIS",
                "parent-name": "New York Independent System Operator",
                "value": "1907",
                "value-units": "megawatthours"
            },
            {
                "period": "2024-09-19T00",
                "subba": "ZOND",
                "subba-name": "North - NYIS",
                "parent": "NYIS",
                "parent-name": "New York Independent System Operator",
                "value": "647",
                "value-units": "megawatthours"
            },
            {
                "period": "2024-09-19T00",
                "subba": "ZONE",
                "subba-name": "Mohawk Valley - NYIS",
                "parent": "NYIS",
                "parent-name": "New York Independent System Operator",
                "value": "960",
                "value-units": "megawatthours"
            },
            {
                "period": "2024-09-19T00",
                "subba": "ZONF",
                "subba-name": "Capital - NYIS",
                "parent": "NYIS",
                "parent-name": "New York Independent System Operator",
                "value": "1601",
                "value-units": "megawatthours"
            },
            {
                "period": "2024-09-19T00",
                "subba": "ZONG",
                "subba-name": "Hudson Valley - NYIS",
                "parent": "NYIS",
                "parent-name": "New York Independent System Operator",
                "value": "1222",
                "value-units": "megawatthours"
            },
            {
                "period": "2024-09-19T00",
                "subba": "ZONH",
                "subba-name": "Millwood - NYIS",
                "parent": "NYIS",
                "parent-name": "New York Independent System Operator",
                "value": "349",
                "value-units": "megawatthours"
            },
            {
                "period": "2024-09-19T00",
                "subba": "ZONI",
                "subba-name": "Dunwoodie - NYIS",
                "parent": "NYIS",
                "parent-name": "New York Independent System Operator",
                "value": "747",
                "value-units": "megawatthours"
            },
            {
                "period": "2024-09-19T00",
                "subba": "ZONJ",
                "subba-name": "New York City - NYIS",
                "parent": "NYIS",
                "parent-name": "New York Independent System Operator",
                "value": "6453",
                "value-units": "megawatthours"
            },
            {
                "period": "2024-09-19T00",
                "subba": "ZONK",
                "subba-name": "Long Island - NYIS",
                "parent": "NYIS",
                "parent-name": "New York Independent System Operator",
                "value": "2847",
                "value-units": "megawatthours"
            }
        ],
        "description": "Hourly demand by balancing authority subregion.  \n    Source: Form EIA-930\n    Product: Hourly Electric Grid Monitor"
    },
    "request": {
        "command": "/v2/electricity/rto/region-sub-ba-data/data/",
        "params": {
            "frequency": "hourly",
            "data": [
                "value"
            ],
            "sort": [
                {
                    "column": "period",
                    "direction": "desc"
                }
            ],
            "facets": {
                "parent": [
                    "NYIS"
                ]
            },
            "offset": "0",
            "length": "5000",
            "start": "2024-09-19",
            "end": "2024-09-20",
            "api_key": "dqRq8VpXSoyUrCbrPhuYFxGl6Rul9kmVcRshZ98c"
        }
    },
    "apiVersion": "2.1.8",
    "ExcelAddInVersion": "2.1.0"
}