{
    "response": {
        "total": "275",
        "dateFormat": "YYYY-MM-DD\"T\"HH24",
        "frequency": "hourly",
        "data": [
            {
                "period": "2024-12-13T00",
                "subba": "ZONA",
                "subba-name": "West",
                "parent": "NYIS",
                "parent-name": "New York Independent System Operator",
                "value": "2118",
                "value-units": "megawatthours"
            },
            {
                "period": "2024-12-13T00",
                "subba": "ZONB",
                "subba-name": "Genesee",
                "parent": "NYIS",
                "parent-name": "New York Independent System Operator",
                "value": "1409",
                "value-units": "megawatthours"
            },
            {
                "period": "2024-12-13T00",
                "subba": "ZONC",
                "subba-name": "Central",
                "parent": "NYIS",
                "parent-name": "New York Independent System Operator",
                "value": "2258",
                "value-units": "megawatthours"
            },
            {
                "period": "2024-12-13T00",
                "subba": "ZOND",
                "subba-name": "North",
                "parent": "NYIS",
                "parent-name": "New York Independent System Operator",
                "value": "772",
                "value-units": "megawatthours"
            },
            {
                "period": "2024-12-13T00",
                "subba": "ZONE",
                "subba-name": "Mohawk Valley",
                "parent": "NYIS",
                "parent-name": "New York Independent System Operator",
                "value": "1195",
                "value-units": "megawatthours"
            },
            {
                "period": "2024-12-13T00",
                "subba": "ZONF",
                "subba-name": "Capital",
                "parent": "NYIS",
                "parent-name": "New York Independent System Operator",
                "value": "1733",
                "value-units": "megawatthours"
            },
            {
                "period": "2024-12-13T00",
                "subba": "ZONG",
                "subba-name": "Hudson Valley",
                "parent": "NYIS",
                "parent-name": "New York Independent System Operator",
                "value": "1412",
                "value-units": "megawatthours"
            },
            {
                "period": "2024-12-13T00",
                "subba": "ZONH",
                "subba-name": "Millwood",
                "parent": "NYIS",
                "parent-name": "New York Independent System Operator",
                "value": "430",
                "value-units": "megawatthours"
            },
            {
                "period": "2024-12-13T00",
                "subba": "ZONI",
                "subba-name": "Dunwoodie",
                "parent": "NYIS",
                "parent-name": "New York Independent System Operator",
                "value": "821",
                "value-units": "megawatthours"
            },
            {
                "period": "2024-12-13T00",
                "subba": "ZONJ",
                "subba-name": "New York City",
                "parent": "NYIS",
                "parent-name": "New York Independent System Operator",
                "value": "6452",
                "value-units": "megawatthours"
            },
            {
                "period": "2024-12-13T00",
                "subba": "ZONK",
                "subba-name": "Long Island",
                "parent": "NYIS",
                "parent-name": "New York Independent System Operator",
                "value": "2776",
                "value-units": "megawatthours"
            },
            {
                "period": "2024-12-12T23",
                "subba": "ZONA",
                "subba-name": "West",
                "parent": "NYIS",
                "parent-name": "New York Independent System Operator",
                "value": "2109",
                "value-units": "megawatthours"
            },
            {
                "period": "2024-12-12T23",
                "subba": "ZONB",
                "subba-name": "Genesee",
                "parent": "NYIS",
                "parent-name": "New York Independent System Operator",
                "value": "1427",
                "value-units": "megawatthours"
            },
            {
                "period": "2024-12-12T23",
                "subba": "ZONC",
                "subba-name": "Central",
                "parent": "NYIS",
                "parent-name": "New York Independent System Operator",
                "value": "2263",
                "value-units": "megawatthours"
            },
            {
                "period": "2024-12-12T23",
                "subba": "ZOND",
                "subba-name": "North",
                "parent": "NYIS",
                "parent-name": "New York Independent System Operator",
                "value": "768",
                "value-units": "megawatthours"
            },
            {
                "period": "2024-12-12T23",
                "subba": "ZONE",
                "subba-name": "Mohawk Valley",
                "parent": "NYIS",
                "parent-name": "New York Independent System Operator",
                "value": "1200",
                "value-units": "megawatthours"
            },
            {
                "period": "2024-12-12T23",
                "subba": "ZONF",
                "subba-name": "Capital",
                "parent": "NYIS",
                "parent-name": "New York Independent System Operator",
                "value": "1744",
                "value-units": "megawatthours"
            },
            {
                "period": "2024-12-12T23",
                "subba": "ZONG",
                "subba-name": "Hudson Valley",
                "parent": "NYIS",
                "parent-name": "New York Independent System Operator",
                "value": "1415",
                "value-units": "megawatthours"
            },
            {
                "period": "2024-12-12T23",
                "subba": "ZONH",
                "subba-name": "Millwood",
                "parent": "NYIS",
                "parent-name": "New York Independent System Operator",
                "value": "421",
                "value-units": "megawatthours"
            },
            {
                "period": "2024-12-12T23",
                "subba": "ZONI",
                "subba-name": "Dunwoodie",
                "parent": "NYIS",
                "parent-name": "New York Independent System Operator",
                "value": "811",
                "value-units": "megawatthours"
            },
            {
                "period": "2024-12-12T23",
                "subba": "ZONJ",
                "subba-name": "New York City",
                "parent": "NYIS",
                "parent-name": "New York Independent System Operator",
                "value": "6563",
                "value-units": "megawatthours"
            },
            {
                "period": "2024-12-12T23",
                "subba": "ZONK",
                "subba-name": "Long Island",
                "parent": "NYIS",
                "parent-name": "New York Independent System Operator",
                "value": "2761",
                "value-units": "megawatthours"
            },
            {
                "period": "2024-12-12T22",
                "subba": "ZONA",
                "subba-name": "West",
                "parent": "NYIS",
                "parent-name": "New York Independent System Operator",
                "value": "2022",
                "value-units": "megawatthours"
            },
            {
                "period": "2024-12-12T22",
                "subba": "ZONB",
                "subba-name": "Genesee",
                "parent": "NYIS",
                "parent-name": "New York Independent System Operator",
                "value": "1364",
                "value-units": "megawatthours"
            },
            {
                "period": "2024-12-12T22",
                "subba": "ZONC",
                "subba-name": "Central",
                "parent": "NYIS",
                "parent-name": "New York Independent System Operator",
                "value": "2195",
                "value-units": "megawatthours"
            },
            {
                "period": "2024-12-12T22",
                "subba": "ZOND",
                "subba-name": "North",
                "parent": "NYIS",
                "parent-name": "New York Independent System Operator",
                "value": "755",
                "value-units": "megawatthours"
            },
            {
                "period": "2024-12-12T22",
                "subba": "ZONE",
                "subba-name": "Mohawk Valley",
                "parent": "NYIS",
                "parent-name": "New York Independent System Operator",
                "value": "1159",
                "value-units": "megawatthours"
            },
            {
                "period": "2024-12-12T22",
                "subba": "ZONF",
                "subba-name": "Capital",
                "parent": "NYIS",
                "parent-name": "New York Independent System Operator",
                "value": "1664",
                "value-units": "megawatthours"
            },
            {
                "period": "2024-12-12T22",
                "subba": "ZONG",
                "subba-name": "Hudson Valley",
                "parent": "NYIS",
                "parent-name": "New York Independent System Operator",
                "value": "1329",
                "value-units": "megawatthours"
            },
            {
                "period": "2024-12-12T22",
                "subba": "ZONH",
                "subba-name": "Millwood",
                "parent": "NYIS",
                "parent-name": "New York Independent System Operator",
                "value": "389",
                "value-units": "megawatthours"
            },
            {
                "period": "2024-12-12T22",
                "subba": "ZONI",
                "subba-name": "Dunwoodie",
                "parent": "NYIS",
                "parent-name": "New York Independent System Operator",
                "value": "768",
                "value-units": "megawatthours"
            },
            {
                "period": "2024-12-12T22",
                "subba": "ZONJ",
                "subba-name": "New York City",
                "parent": "NYIS",
                "parent-name": "New York Independent System Operator",
                "value": "6438",
                "value-units": "megawatthours"
            },
            {
                "period": "2024-12-12T22",
                "subba": "ZONK",
                "subba-name": "Long Island",
                "parent": "NYIS",
                "parent-name": "New York Independent System Operator",
                "value": "2578",
                "value-units": "megawatthours"
            },
            {
                "period": "2024-12-12T21",
                "subba": "ZONA",
                "subba-name": "West",
                "parent": "NYIS",
                "parent-name": "New York Independent System Operator",
                "value": "1956",
                "value-units": "megawatthours"
            },
            {
                "period": "2024-12-12T21",
                "subba": "ZONB",
                "subba-name": "Genesee",
                "parent": "NYIS",
                "parent-name": "New York Independent System Operator",
                "value": "1287",
                "value-units": "megawatthours"
            },
            {
                "period": "2024-12-12T21",
                "subba": "ZONC",
                "subba-name": "Central",
                "parent": "NYIS",
                "parent-name": "New York Independent System Operator",
                "value": "2076",
                "value-units": "megawatthours"
            },
            {
                "period": "2024-12-12T21",
                "subba": "ZOND",
                "subba-name": "North",
                "parent": "NYIS",
                "parent-name": "New York Independent System Operator",
                "value": "705",
                "value-units": "megawatthours"
            },
            {
                "period": "2024-12-12T21",
                "subba": "ZONE",
                "subba-name": "Mohawk Valley",
                "parent": "NYIS",
                "parent-name": "New York Independent System Operator",
                "value": "1071",
                "value-units": "megawatthours"
            },
            {
                "period": "2024-12-12T21",
                "subba": "ZONF",
                "subba-name": "Capital",
                "parent": "NYIS",
                "parent-name": "New York Independent System Operator",
                "value": "1543",
                "value-units": "megawatthours"
            },
            {
                "period": "2024-12-12T21",
                "subba": "ZONG",
                "subba-name": "Hudson Valley",
                "parent": "NYIS",
                "parent-name": "New York Independent System Operator",
                "value": "1197",
                "value-units": "megawatthours"
            },
            {
                "period": "2024-12-12T21",
                "subba": "ZONH",
                "subba-name": "Millwood",
                "parent": "NYIS",
                "parent-name": "New York Independent System Operator",
                "value": "352",
                "value-units": "megawatthours"
            },
            {
                "period": "2024-12-12T21",
                "subba": "ZONI",
                "subba-name": "Dunwoodie",
                "parent": "NYIS",
                "parent-name": "New York Independent System Operator",
                "value": "720",
                "value-units": "megawatthours"
            },
            {
                "period": "2024-12-12T21",
                "subba": "ZONJ",
                "subba-name": "New York City",
                "parent": "NYIS",
                "parent-name": "New York Independent System Operator",
                "value": "6237",
                "value-units": "megawatthours"
            },
            {
                "period": "2024-12-12T21",
                "subba": "ZONK",
                "subba-name": "Long Island",
                "parent": "NYIS",
                "parent-name": "New York Independent System Operator",
                "value": "2320",
                "value-units": "megawatthours"
            },
            {
                "period": "2024-12-12T20",
                "subba": "ZONA",
                "subba-name": "West",
                "parent": "NYIS",
                "parent-name": "New York Independent System Operator",
                "value": "1961",
                "value-units": "megawatthours"
            },
            {
                "period": "2024-12-12T20",
                "subba": "ZONB",
                "subba-name": "Genesee",
                "parent": "NYIS",
                "parent-name": "New York Independent System Operator",
                "value": "1237",
                "value-units": "megawatthours"
            },
            {
                "period": "2024-12-12T20",
                "subba": "ZONC",
                "subba-name": "Central",
                "parent": "NYIS",
                "parent-name": "New York Independent System Operator",
                "value": "2013",
                "value-units": "megawatthours"
            },
            {
                "period": "2024-12-12T20",
                "subba": "ZOND",
                "subba-name": "North",
                "parent": "NYIS",
                "parent-name": "New York Independent System Operator",
                "value": "684",
                "value-units": "megawatthours"
            },
            {
                "period": "2024-12-12T20",
                "subba": "ZONE",
                "subba-name": "Mohawk Valley",
                "parent": "NYIS",
                "parent-name": "New York Independent System Operator",
                "value": "1029",
                "value-units": "megawatthours"
            },
            {
                "period": "2024-12-12T20",
                "subba": "ZONF",
                "subba-name": "Capital",
                "parent": "NYIS",
                "parent-name": "New York Independent System Operator",
                "value": "1455",
                "value-units": "megawatthours"
            },
            {
                "period": "2024-12-12T20",
                "subba": "ZONG",
                "subba-name": "Hudson Valley",
                "parent": "NYIS",
                "parent-name": "New York Independent System Operator",
                "value": "1064",
                "value-units": "megawatthours"
            },
            {
                "period": "2024-12-12T20",
                "subba": "ZONH",
                "subba-name": "Millwood",
                "parent": "NYIS",
                "parent-name": "New York Independent System Operator",
                "value": "324",
                "value-units": "megawatthours"
            },
            {
                "period": "2024-12-12T20",
                "subba": "ZONI",
                "subba-name": "Dunwoodie",
                "parent": "NYIS",
                "parent-name": "New York Independent System Operator",
                "value": "698",
                "value-units": "megawatthours"
            },
            {
                "period": "2024-12-12T20",
                "subba": "ZONJ",
                "subba-name": "New York City",
                "parent": "NYIS",
                "parent-name": "New York Independent System Operator",
                "value": "6110",
                "value-units": "megawatthours"
            },
            {
                "period": "2024-12-12T20",
                "subba": "ZONK",
                "subba-name": "Long Island",
                "parent": "NYIS",
                "parent-name": "New York Independent System Operator",
                "value": "2125",
                "value-units": "megawatthours"
            },
            {
                "period": "2024-12-12T19",
                "subba": "ZONA",
                "subba-name": "West",
                "parent": "NYIS",
                "parent-name": "New York Independent System Operator",
                "value": "1952",
                "value-units": "megawatthours"
            },
            {
                "period": "2024-12-12T19",
                "subba": "ZONB",
                "subba-name": "Genesee",
                "parent": "NYIS",
                "parent-name": "New York Independent System Operator",
                "value": "1202",
                "value-units": "megawatthours"
            },
            {
                "period": "2024-12-12T19",
                "subba": "ZONC",
                "subba-name": "Central",
                "parent": "NYIS",
                "parent-name": "New York Independent System Operator",
                "value": "2008",
                "value-units": "megawatthours"
            },
            {
                "period": "2024-12-12T19",
                "subba": "ZOND",
                "subba-name": "North",
                "parent": "NYIS",
                "parent-name": "New York Independent System Operator",
                "value": "664",
                "value-units": "megawatthours"
            },
            {
                "period": "2024-12-12T19",
                "subba": "ZONE",
                "subba-name": "Mohawk Valley",
                "parent": "NYIS",
                "parent-name": "New York Independent System Operator",
                "value": "1009",
                "value-units": "megawatthours"
            },
            {
                "period": "2024-12-12T19",
                "subba": "ZONF",
                "subba-name": "Capital",
                "parent": "NYIS",
                "parent-name": "New York Independent System Operator",
                "value": "1387",
                "value-units": "megawatthours"
            },
            {
                "period": "2024-12-12T19",
                "subba": "ZONG",
                "subba-name": "Hudson Valley",
                "parent": "NYIS",
                "parent-name": "New York Independent System Operator",
                "value": "959",
                "value-units": "megawatthours"
            },
            {
                "period": "2024-12-12T19",
                "subba": "ZONH",
                "subba-name": "Millwood",
                "parent": "NYIS",
                "parent-name": "New York Independent System Operator",
                "value": "318",
                "value-units": "megawatthours"
            },
            {
                "period": "2024-12-12T19",
                "subba": "ZONI",
                "subba-name": "Dunwoodie",
                "parent": "NYIS",
                "parent-name": "New York Independent System Operator",
                "value": "677",
                "value-units": "megawatthours"
            },
            {
                "period": "2024-12-12T19",
                "subba": "ZONJ",
                "subba-name": "New York City",
                "parent": "NYIS",
                "parent-name": "New York Independent System Operator",
                "value": "6038",
                "value-units": "megawatthours"
            },
            {
                "period": "2024-12-12T19",
                "subba": "ZONK",
                "subba-name": "Long Island",
                "parent": "NYIS",
                "parent-name": "New York Independent System Operator",
                "value": "2002",
                "value-units": "megawatthours"
            },
            {
                "period": "2024-12-12T18",
                "subba": "ZONA",
                "subba-name": "West",
                "parent": "NYIS",
                "parent-name": "New York Independent System Operator",
                "value": "1934",
                "value-units": "megawatthours"
            },
            {
                "period": "2024-12-12T18",
                "subba": "ZONB",
                "subba-name": "Genesee",
                "parent": "NYIS",
                "parent-name": "New York Independent System Operator",
                "value": "1193",
                "value-units": "megawatthours"
            },
            {
                "period": "2024-12-12T18",
                "subba": "ZONC",
                "subba-name": "Central",
                "parent": "NYIS",
                "parent-name": "New York Independent System Operator",
                "value": "1964",
                "value-units": "megawatthours"
            },
            {
                "period": "2024-12-12T18",
                "subba": "ZOND",
                "subba-name": "North",
                "parent": "NYIS",
                "parent-name": "New York Independent System Operator",
                "value": "661",
                "value-units": "megawatthours"
            },
            {
                "period": "2024-12-12T18",
                "subba": "ZONE",
                "subba-name": "Mohawk Valley",
                "parent": "NYIS",
                "parent-name": "New York Independent System Operator",
                "value": "1003",
                "value-units": "megawatthours"
            },
            {
                "period": "2024-12-12T18",
                "subba": "ZONF",
                "subba-name": "Capital",
                "parent": "NYIS",
                "parent-name": "New York Independent System Operator",
                "value": "1332",
                "value-units": "megawatthours"
            },
            {
                "period": "2024-12-12T18",
                "subba": "ZONG",
                "subba-name": "Hudson Valley",
                "parent": "NYIS",
                "parent-name": "New York Independent System Operator",
                "value": "899",
                "value-units": "megawatthours"
            },
            {
                "period": "2024-12-12T18",
                "subba": "ZONH",
                "subba-name": "Millwood",
                "parent": "NYIS",
                "parent-name": "New York Independent System Operator",
                "value": "310",
                "value-units": "megawatthours"
            },
            {
                "period": "2024-12-12T18",
                "subba": "ZONI",
                "subba-name": "Dunwoodie",
                "parent": "NYIS",
                "parent-name": "New York Independent System Operator",
                "value": "668",
                "value-units": "megawatthours"
            },
            {
                "period": "2024-12-12T18",
                "subba": "ZONJ",
                "subba-name": "New York City",
                "parent": "NYIS",
                "parent-name": "New York Independent System Operator",
                "value": "5994",
                "value-units": "megawatthours"
            },
            {
                "period": "2024-12-12T18",
                "subba": "ZONK",
                "subba-name": "Long Island",
                "parent": "NYIS",
                "parent-name": "New York Independent System Operator",
                "value": "1934",
                "value-units": "megawatthours"
            },
            {
                "period": "2024-12-12T17",
                "subba": "ZONA",
                "subba-name": "West",
                "parent": "NYIS",
                "parent-name": "New York Independent System Operator",
                "value": "1958",
                "value-units": "megawatthours"
            },
            {
                "period": "2024-12-12T17",
                "subba": "ZONB",
                "subba-name": "Genesee",
                "parent": "NYIS",
                "parent-name": "New York Independent System Operator",
                "value": "1226",
                "value-units": "megawatthours"
            },
            {
                "period": "2024-12-12T17",
                "subba": "ZONC",
                "subba-name": "Central",
                "parent": "NYIS",
                "parent-name": "New York Independent System Operator",
                "value": "1894",
                "value-units": "megawatthours"
            },
            {
                "period": "2024-12-12T17",
                "subba": "ZOND",
                "subba-name": "North",
                "parent": "NYIS",
                "parent-name": "New York Independent System Operator",
                "value": "657",
                "value-units": "megawatthours"
            },
            {
                "period": "2024-12-12T17",
                "subba": "ZONE",
                "subba-name": "Mohawk Valley",
                "parent": "NYIS",
                "parent-name": "New York Independent System Operator",
                "value": "990",
                "value-units": "megawatthours"
            },
            {
                "period": "2024-12-12T17",
                "subba": "ZONF",
                "subba-name": "Capital",
                "parent": "NYIS",
                "parent-name": "New York Independent System Operator",
                "value": "1331",
                "value-units": "megawatthours"
            },
            {
                "period": "2024-12-12T17",
                "subba": "ZONG",
                "subba-name": "Hudson Valley",
                "parent": "NYIS",
                "parent-name": "New York Independent System Operator",
                "value": "949",
                "value-units": "megawatthours"
            },
            {
                "period": "2024-12-12T17",
                "subba": "ZONH",
                "subba-name": "Millwood",
                "parent": "NYIS",
                "parent-name": "New York Independent System Operator",
                "value": "319",
                "value-units": "megawatthours"
            },
            {
                "period": "2024-12-12T17",
                "subba": "ZONI",
                "subba-name": "Dunwoodie",
                "parent": "NYIS",
                "parent-name": "New York Independent System Operator",
                "value": "672",
                "value-units": "megawatthours"
            },
            {
                "period": "2024-12-12T17",
                "subba": "ZONJ",
                "subba-name": "New York City",
                "parent": "NYIS",
                "parent-name": "New York Independent System Operator",
                "value": "5977",
                "value-units": "megawatthours"
            },
            {
                "period": "2024-12-12T17",
                "subba": "ZONK",
                "subba-name": "Long Island",
                "parent": "NYIS",
                "parent-name": "New York Independent System Operator",
                "value": "1942",
                "value-units": "megawatthours"
            },
            {
                "period": "2024-12-12T16",
                "subba": "ZONA",
                "subba-name": "West",
                "parent": "NYIS",
                "parent-name": "New York Independent System Operator",
                "value": "1945",
                "value-units": "megawatthours"
            },
            {
                "period": "2024-12-12T16",
                "subba": "ZONB",
                "subba-name": "Genesee",
                "parent": "NYIS",
                "parent-name": "New York Independent System Operator",
                "value": "1254",
                "value-units": "megawatthours"
            },
            {
                "period": "2024-12-12T16",
                "subba": "ZONC",
                "subba-name": "Central",
                "parent": "NYIS",
                "parent-name": "New York Independent System Operator",
                "value": "1897",
                "value-units": "megawatthours"
            },
            {
                "period": "2024-12-12T16",
                "subba": "ZOND",
                "subba-name": "North",
                "parent": "NYIS",
                "parent-name": "New York Independent System Operator",
                "value": "673",
                "value-units": "megawatthours"
            },
            {
                "period": "2024-12-12T16",
                "subba": "ZONE",
                "subba-name": "Mohawk Valley",
                "parent": "NYIS",
                "parent-name": "New York Independent System Operator",
                "value": "1009",
                "value-units": "megawatthours"
            },
            {
                "period": "2024-12-12T16",
                "subba": "ZONF",
                "subba-name": "Capital",
                "parent": "NYIS",
                "parent-name": "New York Independent System Operator",
                "value": "1340",
                "value-units": "megawatthours"
            },
            {
                "period": "2024-12-12T16",
                "subba": "ZONG",
                "subba-name": "Hudson Valley",
                "parent": "NYIS",
                "parent-name": "New York Independent System Operator",
                "value": "1027",
                "value-units": "megawatthours"
            },
            {
                "period": "2024-12-12T16",
                "subba": "ZONH",
                "subba-name": "Millwood",
                "parent": "NYIS",
                "parent-name": "New York Independent System Operator",
                "value": "335",
                "value-units": "megawatthours"
            },
            {
                "period": "2024-12-12T16",
                "subba": "ZONI",
                "subba-name": "Dunwoodie",
                "parent": "NYIS",
                "parent-name": "New York Independent System Operator",
                "value": "682",
                "value-units": "megawatthours"
            },
            {
                "period": "2024-12-12T16",
                "subba": "ZONJ",
                "subba-name": "New York City",
                "parent": "NYIS",
                "parent-name": "New York Independent System Operator",
                "value": "5943",
                "value-units": "megawatthours"
            },
            {
                "period": "2024-12-12T16",
                "subba": "ZONK",
                "subba-name": "Long Island",
                "parent": "NYIS",
                "parent-name": "New York Independent System Operator",
                "value": "1999",
                "value-units": "megawatthours"
            },
            {
                "period": "2024-12-12T15",
                "subba": "ZONA",
                "subba-name": "West",
                "parent": "NYIS",
                "parent-name": "New York Independent System Operator",
                "value": "1948",
                "value-units": "megawatthours"
            },
            {
                "period": "2024-12-12T15",
                "subba": "ZONB",
                "subba-name": "Genesee",
                "parent": "NYIS",
                "parent-name": "New York Independent System Operator",
                "value": "1258",
                "value-units": "megawatthours"
            },
            {
                "period": "2024-12-12T15",
                "subba": "ZONC",
                "subba-name": "Central",
                "parent": "NYIS",
                "parent-name": "New York Independent System Operator",
                "value": "1969",
                "value-units": "megawatthours"
            },
            {
                "period": "2024-12-12T15",
                "subba": "ZOND",
                "subba-name": "North",
                "parent": "NYIS",
                "parent-name": "New York Independent System Operator",
                "value": "628",
                "value-units": "megawatthours"
            },
            {
                "period": "2024-12-12T15",
                "subba": "ZONE",
                "subba-name": "Mohawk Valley",
                "parent": "NYIS",
                "parent-name": "New York Independent System Operator",
                "value": "1018",
                "value-units": "megawatthours"
            },
            {
                "period": "2024-12-12T15",
                "subba": "ZONF",
                "subba-name": "Capital",
                "parent": "NYIS",
                "parent-name": "New York Independent System Operator",
                "value": "1320",
                "value-units": "megawatthours"
            },
            {
                "period": "2024-12-12T15",
                "subba": "ZONG",
                "subba-name": "Hudson Valley",
                "parent": "NYIS",
                "parent-name": "New York Independent System Operator",
                "value": "1068",
                "value-units": "megawatthours"
            },
            {
                "period": "2024-12-12T15",
                "subba": "ZONH",
                "subba-name": "Millwood",
                "parent": "NYIS",
                "parent-name": "New York Independent System Operator",
                "value": "338",
                "value-units": "megawatthours"
            },
            {
                "period": "2024-12-12T15",
                "subba": "ZONI",
                "subba-name": "Dunwoodie",
                "parent": "NYIS",
                "parent-name": "New York Independent System Operator",
                "value": "683",
                "value-units": "megawatthours"
            },
            {
                "period": "2024-12-12T15",
                "subba": "ZONJ",
                "subba-name": "New York City",
                "parent": "NYIS",
                "parent-name": "New York Independent System Operator",
                "value": "5903",
                "value-units": "megawatthours"
            },
            {
                "period": "2024-12-12T15",
                "subba": "ZONK",
                "subba-name": "Long Island",
                "parent": "NYIS",
                "parent-name": "New York Independent System Operator",
                "value": "2079",
                "value-units": "megawatthours"
            },
            {
                "period": "2024-12-12T14",
                "subba": "ZONA",
                "subba-name": "West",
                "parent": "NYIS",
                "parent-name": "New York Independent System Operator",
                "value": "1956",
                "value-units": "megawatthours"
            },
            {
                "period": "2024-12-12T14",
                "subba": "ZONB",
                "subba-name": "Genesee",
                "parent": "NYIS",
                "parent-name": "New York Independent System Operator",
                "value": "1273",
                "value-units": "megawatthours"
            },
            {
                "period": "2024-12-12T14",
                "subba": "ZONC",
                "subba-name": "Central",
                "parent": "NYIS",
                "parent-name": "New York Independent System Operator",
                "value": "2037",
                "value-units": "megawatthours"
            },
            {
                "period": "2024-12-12T14",
                "subba": "ZOND",
                "subba-name": "North",
                "parent": "NYIS",
                "parent-name": "New York Independent System Operator",
                "value": "598",
                "value-units": "megawatthours"
            },
            {
                "period": "2024-12-12T14",
                "subba": "ZONE",
                "subba-name": "Mohawk Valley",
                "parent": "NYIS",
                "parent-name": "New York Independent System Operator",
                "value": "1043",
                "value-units": "megawatthours"
            },
            {
                "period": "2024-12-12T14",
                "subba": "ZONF",
                "subba-name": "Capital",
                "parent": "NYIS",
                "parent-name": "New York Independent System Operator",
                "value": "1449",
                "value-units": "megawatthours"
            },
            {
                "period": "2024-12-12T14",
                "subba": "ZONG",
                "subba-name": "Hudson Valley",
                "parent": "NYIS",
                "parent-name": "New York Independent System Operator",
                "value": "1141",
                "value-units": "megawatthours"
            },
            {
                "period": "2024-12-12T14",
                "subba": "ZONH",
                "subba-name": "Millwood",
                "parent": "NYIS",
                "parent-name": "New York Independent System Operator",
                "value": "349",
                "value-units": "megawatthours"
            },
            {
                "period": "2024-12-12T14",
                "subba": "ZONI",
                "subba-name": "Dunwoodie",
                "parent": "NYIS",
                "parent-name": "New York Independent System Operator",
                "value": "688",
                "value-units": "megawatthours"
            },
            {
                "period": "2024-12-12T14",
                "subba": "ZONJ",
                "subba-name": "New York City",
                "parent": "NYIS",
                "parent-name": "New York Independent System Operator",
                "value": "5796",
                "value-units": "megawatthours"
            },
            {
                "period": "2024-12-12T14",
                "subba": "ZONK",
                "subba-name": "Long Island",
                "parent": "NYIS",
                "parent-name": "New York Independent System Operator",
                "value": "2178",
                "value-units": "megawatthours"
            },
            {
                "period": "2024-12-12T13",
                "subba": "ZONA",
                "subba-name": "West",
                "parent": "NYIS",
                "parent-name": "New York Independent System Operator",
                "value": "1886",
                "value-units": "megawatthours"
            },
            {
                "period": "2024-12-12T13",
                "subba": "ZONB",
                "subba-name": "Genesee",
                "parent": "NYIS",
                "parent-name": "New York Independent System Operator",
                "value": "1266",
                "value-units": "megawatthours"
            },
            {
                "period": "2024-12-12T13",
                "subba": "ZONC",
                "subba-name": "Central",
                "parent": "NYIS",
                "parent-name": "New York Independent System Operator",
                "value": "2065",
                "value-units": "megawatthours"
            },
            {
                "period": "2024-12-12T13",
                "subba": "ZOND",
                "subba-name": "North",
                "parent": "NYIS",
                "parent-name": "New York Independent System Operator",
                "value": "583",
                "value-units": "megawatthours"
            },
            {
                "period": "2024-12-12T13",
                "subba": "ZONE",
                "subba-name": "Mohawk Valley",
                "parent": "NYIS",
                "parent-name": "New York Independent System Operator",
                "value": "1042",
                "value-units": "megawatthours"
            },
            {
                "period": "2024-12-12T13",
                "subba": "ZONF",
                "subba-name": "Capital",
                "parent": "NYIS",
                "parent-name": "New York Independent System Operator",
                "value": "1523",
                "value-units": "megawatthours"
            },
            {
                "period": "2024-12-12T13",
                "subba": "ZONG",
                "subba-name": "Hudson Valley",
                "parent": "NYIS",
                "parent-name": "New York Independent System Operator",
                "value": "1176",
                "value-units": "megawatthours"
            },
            {
                "period": "2024-12-12T13",
                "subba": "ZONH",
                "subba-name": "Millwood",
                "parent": "NYIS",
                "parent-name": "New York Independent System Operator",
                "value": "353",
                "value-units": "megawatthours"
            },
            {
                "period": "2024-12-12T13",
                "subba": "ZONI",
                "subba-name": "Dunwoodie",
                "parent": "NYIS",
                "parent-name": "New York Independent System Operator",
                "value": "689",
                "value-units": "megawatthours"
            },
            {
                "period": "2024-12-12T13",
                "subba": "ZONJ",
                "subba-name": "New York City",
                "parent": "NYIS",
                "parent-name": "New York Independent System Operator",
                "value": "5573",
                "value-units": "megawatthours"
            },
            {
                "period": "2024-12-12T13",
                "subba": "ZONK",
                "subba-name": "Long Island",
                "parent": "NYIS",
                "parent-name": "New York Independent System Operator",
                "value": "2222",
                "value-units": "megawatthours"
            },
            {
                "period": "2024-12-12T12",
                "subba": "ZONA",
                "subba-name": "West",
                "parent": "NYIS",
                "parent-name": "New York Independent System Operator",
                "value": "1779",
                "value-units": "megawatthours"
            },
            {
                "period": "2024-12-12T12",
                "subba": "ZONB",
                "subba-name": "Genesee",
                "parent": "NYIS",
                "parent-name": "New York Independent System Operator",
                "value": "1182",
                "value-units": "megawatthours"
            },
            {
                "period": "2024-12-12T12",
                "subba": "ZONC",
                "subba-name": "Central",
                "parent": "NYIS",
                "parent-name": "New York Independent System Operator",
                "value": "1945",
                "value-units": "megawatthours"
            },
            {
                "period": "2024-12-12T12",
                "subba": "ZOND",
                "subba-name": "North",
                "parent": "NYIS",
                "parent-name": "New York Independent System Operator",
                "value": "574",
                "value-units": "megawatthours"
            },
            {
                "period": "2024-12-12T12",
                "subba": "ZONE",
                "subba-name": "Mohawk Valley",
                "parent": "NYIS",
                "parent-name": "New York Independent System Operator",
                "value": "986",
                "value-units": "megawatthours"
            },
            {
                "period": "2024-12-12T12",
                "subba": "ZONF",
                "subba-name": "Capital",
                "parent": "NYIS",
                "parent-name": "New York Independent System Operator",
                "value": "1438",
                "value-units": "megawatthours"
            },
            {
                "period": "2024-12-12T12",
                "subba": "ZONG",
                "subba-name": "Hudson Valley",
                "parent": "NYIS",
                "parent-name": "New York Independent System Operator",
                "value": "1110",
                "value-units": "megawatthours"
            },
            {
                "period": "2024-12-12T12",
                "subba": "ZONH",
                "subba-name": "Millwood",
                "parent": "NYIS",
                "parent-name": "New York Independent System Operator",
                "value": "337",
                "value-units": "megawatthours"
            },
            {
                "period": "2024-12-12T12",
                "subba": "ZONI",
                "subba-name": "Dunwoodie",
                "parent": "NYIS",
                "parent-name": "New York Independent System Operator",
                "value": "636",
                "value-units": "megawatthours"
            },
            {
                "period": "2024-12-12T12",
                "subba": "ZONJ",
                "subba-name": "New York City",
                "parent": "NYIS",
                "parent-name": "New York Independent System Operator",
                "value": "5111",
                "value-units": "megawatthours"
            },
            {
                "period": "2024-12-12T12",
                "subba": "ZONK",
                "subba-name": "Long Island",
                "parent": "NYIS",
                "parent-name": "New York Independent System Operator",
                "value": "2094",
                "value-units": "megawatthours"
            },
            {
                "period": "2024-12-12T11",
                "subba": "ZONA",
                "subba-name": "West",
                "parent": "NYIS",
                "parent-name": "New York Independent System Operator",
                "value": "1667",
                "value-units": "megawatthours"
            },
            {
                "period": "2024-12-12T11",
                "subba": "ZONB",
                "subba-name": "Genesee",
                "parent": "NYIS",
                "parent-name": "New York Independent System Operator",
                "value": "1072",
                "value-units": "megawatthours"
            },
            {
                "period": "2024-12-12T11",
                "subba": "ZONC",
                "subba-name": "Central",
                "parent": "NYIS",
                "parent-name": "New York Independent System Operator",
                "value": "1759",
                "value-units": "megawatthours"
            },
            {
                "period": "2024-12-12T11",
                "subba": "ZOND",
                "subba-name": "North",
                "parent": "NYIS",
                "parent-name": "New York Independent System Operator",
                "value": "545",
                "value-units": "megawatthours"
            },
            {
                "period": "2024-12-12T11",
                "subba": "ZONE",
                "subba-name": "Mohawk Valley",
                "parent": "NYIS",
                "parent-name": "New York Independent System Operator",
                "value": "884",
                "value-units": "megawatthours"
            },
            {
                "period": "2024-12-12T11",
                "subba": "ZONF",
                "subba-name": "Capital",
                "parent": "NYIS",
                "parent-name": "New York Independent System Operator",
                "value": "1287",
                "value-units": "megawatthours"
            },
            {
                "period": "2024-12-12T11",
                "subba": "ZONG",
                "subba-name": "Hudson Valley",
                "parent": "NYIS",
                "parent-name": "New York Independent System Operator",
                "value": "1020",
                "value-units": "megawatthours"
            },
            {
                "period": "2024-12-12T11",
                "subba": "ZONH",
                "subba-name": "Millwood",
                "parent": "NYIS",
                "parent-name": "New York Independent System Operator",
                "value": "292",
                "value-units": "megawatthours"
            },
            {
                "period": "2024-12-12T11",
                "subba": "ZONI",
                "subba-name": "Dunwoodie",
                "parent": "NYIS",
                "parent-name": "New York Independent System Operator",
                "value": "570",
                "value-units": "megawatthours"
            },
            {
                "period": "2024-12-12T11",
                "subba": "ZONJ",
                "subba-name": "New York City",
                "parent": "NYIS",
                "parent-name": "New York Independent System Operator",
                "value": "4629",
                "value-units": "megawatthours"
            },
            {
                "period": "2024-12-12T11",
                "subba": "ZONK",
                "subba-name": "Long Island",
                "parent": "NYIS",
                "parent-name": "New York Independent System Operator",
                "value": "1885",
                "value-units": "megawatthours"
            },
            {
                "period": "2024-12-12T10",
                "subba": "ZONA",
                "subba-name": "West",
                "parent": "NYIS",
                "parent-name": "New York Independent System Operator",
                "value": "1626",
                "value-units": "megawatthours"
            },
            {
                "period": "2024-12-12T10",
                "subba": "ZONB",
                "subba-name": "Genesee",
                "parent": "NYIS",
                "parent-name": "New York Independent System Operator",
                "value": "1007",
                "value-units": "megawatthours"
            },
            {
                "period": "2024-12-12T10",
                "subba": "ZONC",
                "subba-name": "Central",
                "parent": "NYIS",
                "parent-name": "New York Independent System Operator",
                "value": "1654",
                "value-units": "megawatthours"
            },
            {
                "period": "2024-12-12T10",
                "subba": "ZOND",
                "subba-name": "North",
                "parent": "NYIS",
                "parent-name": "New York Independent System Operator",
                "value": "543",
                "value-units": "megawatthours"
            },
            {
                "period": "2024-12-12T10",
                "subba": "ZONE",
                "subba-name": "Mohawk Valley",
                "parent": "NYIS",
                "parent-name": "New York Independent System Operator",
                "value": "834",
                "value-units": "megawatthours"
            },
            {
                "period": "2024-12-12T10",
                "subba": "ZONF",
                "subba-name": "Capital",
                "parent": "NYIS",
                "parent-name": "New York Independent System Operator",
                "value": "1206",
                "value-units": "megawatthours"
            },
            {
                "period": "2024-12-12T10",
                "subba": "ZONG",
                "subba-name": "Hudson Valley",
                "parent": "NYIS",
                "parent-name": "New York Independent System Operator",
                "value": "957",
                "value-units": "megawatthours"
            },
            {
                "period": "2024-12-12T10",
                "subba": "ZONH",
                "subba-name": "Millwood",
                "parent": "NYIS",
                "parent-name": "New York Independent System Operator",
                "value": "267",
                "value-units": "megawatthours"
            },
            {
                "period": "2024-12-12T10",
                "subba": "ZONI",
                "subba-name": "Dunwoodie",
                "parent": "NYIS",
                "parent-name": "New York Independent System Operator",
                "value": "536",
                "value-units": "megawatthours"
            },
            {
                "period": "2024-12-12T10",
                "subba": "ZONJ",
                "subba-name": "New York City",
                "parent": "NYIS",
                "parent-name": "New York Independent System Operator",
                "value": "4387",
                "value-units": "megawatthours"
            },
            {
                "period": "2024-12-12T10",
                "subba": "ZONK",
                "subba-name": "Long Island",
                "parent": "NYIS",
                "parent-name": "New York Independent System Operator",
                "value": "1745",
                "value-units": "megawatthours"
            },
            {
                "period": "2024-12-12T09",
                "subba": "ZONA",
                "subba-name": "West",
                "parent": "NYIS",
                "parent-name": "New York Independent System Operator",
                "value": "1609",
                "value-units": "megawatthours"
            },
            {
                "period": "2024-12-12T09",
                "subba": "ZONB",
                "subba-name": "Genesee",
                "parent": "NYIS",
                "parent-name": "New York Independent System Operator",
                "value": "981",
                "value-units": "megawatthours"
            },
            {
                "period": "2024-12-12T09",
                "subba": "ZONC",
                "subba-name": "Central",
                "parent": "NYIS",
                "parent-name": "New York Independent System Operator",
                "value": "1607",
                "value-units": "megawatthours"
            },
            {
                "period": "2024-12-12T09",
                "subba": "ZOND",
                "subba-name": "North",
                "parent": "NYIS",
                "parent-name": "New York Independent System Operator",
                "value": "534",
                "value-units": "megawatthours"
            },
            {
                "period": "2024-12-12T09",
                "subba": "ZONE",
                "subba-name": "Mohawk Valley",
                "parent": "NYIS",
                "parent-name": "New York Independent System Operator",
                "value": "818",
                "value-units": "megawatthours"
            },
            {
                "period": "2024-12-12T09",
                "subba": "ZONF",
                "subba-name": "Capital",
                "parent": "NYIS",
                "parent-name": "New York Independent System Operator",
                "value": "1168",
                "value-units": "megawatthours"
            },
            {
                "period": "2024-12-12T09",
                "subba": "ZONG",
                "subba-name": "Hudson Valley",
                "parent": "NYIS",
                "parent-name": "New York Independent System Operator",
                "value": "934",
                "value-units": "megawatthours"
            },
            {
                "period": "2024-12-12T09",
                "subba": "ZONH",
                "subba-name": "Millwood",
                "parent": "NYIS",
                "parent-name": "New York Independent System Operator",
                "value": "256",
                "value-units": "megawatthours"
            },
            {
                "period": "2024-12-12T09",
                "subba": "ZONI",
                "subba-name": "Dunwoodie",
                "parent": "NYIS",
                "parent-name": "New York Independent System Operator",
                "value": "528",
                "value-units": "megawatthours"
            },
            {
                "period": "2024-12-12T09",
                "subba": "ZONJ",
                "subba-name": "New York City",
                "parent": "NYIS",
                "parent-name": "New York Independent System Operator",
                "value": "4317",
                "value-units": "megawatthours"
            },
            {
                "period": "2024-12-12T09",
                "subba": "ZONK",
                "subba-name": "Long Island",
                "parent": "NYIS",
                "parent-name": "New York Independent System Operator",
                "value": "1694",
                "value-units": "megawatthours"
            },
            {
                "period": "2024-12-12T08",
                "subba": "ZONA",
                "subba-name": "West",
                "parent": "NYIS",
                "parent-name": "New York Independent System Operator",
                "value": "1611",
                "value-units": "megawatthours"
            },
            {
                "period": "2024-12-12T08",
                "subba": "ZONB",
                "subba-name": "Genesee",
                "parent": "NYIS",
                "parent-name": "New York Independent System Operator",
                "value": "982",
                "value-units": "megawatthours"
            },
            {
                "period": "2024-12-12T08",
                "subba": "ZONC",
                "subba-name": "Central",
                "parent": "NYIS",
                "parent-name": "New York Independent System Operator",
                "value": "1603",
                "value-units": "megawatthours"
            },
            {
                "period": "2024-12-12T08",
                "subba": "ZOND",
                "subba-name": "North",
                "parent": "NYIS",
                "parent-name": "New York Independent System Operator",
                "value": "528",
                "value-units": "megawatthours"
            },
            {
                "period": "2024-12-12T08",
                "subba": "ZONE",
                "subba-name": "Mohawk Valley",
                "parent": "NYIS",
                "parent-name": "New York Independent System Operator",
                "value": "795",
                "value-units": "megawatthours"
            },
            {
                "period": "2024-12-12T08",
                "subba": "ZONF",
                "subba-name": "Capital",
                "parent": "NYIS",
                "parent-name": "New York Independent System Operator",
                "value": "1162",
                "value-units": "megawatthours"
            },
            {
                "period": "2024-12-12T08",
                "subba": "ZONG",
                "subba-name": "Hudson Valley",
                "parent": "NYIS",
                "parent-name": "New York Independent System Operator",
                "value": "931",
                "value-units": "megawatthours"
            },
            {
                "period": "2024-12-12T08",
                "subba": "ZONH",
                "subba-name": "Millwood",
                "parent": "NYIS",
                "parent-name": "New York Independent System Operator",
                "value": "254",
                "value-units": "megawatthours"
            },
            {
                "period": "2024-12-12T08",
                "subba": "ZONI",
                "subba-name": "Dunwoodie",
                "parent": "NYIS",
                "parent-name": "New York Independent System Operator",
                "value": "533",
                "value-units": "megawatthours"
            },
            {
                "period": "2024-12-12T08",
                "subba": "ZONJ",
                "subba-name": "New York City",
                "parent": "NYIS",
                "parent-name": "New York Independent System Operator",
                "value": "4361",
                "value-units": "megawatthours"
            },
            {
                "period": "2024-12-12T08",
                "subba": "ZONK",
                "subba-name": "Long Island",
                "parent": "NYIS",
                "parent-name": "New York Independent System Operator",
                "value": "1695",
                "value-units": "megawatthours"
            },
            {
                "period": "2024-12-12T07",
                "subba": "ZONA",
                "subba-name": "West",
                "parent": "NYIS",
                "parent-name": "New York Independent System Operator",
                "value": "1630",
                "value-units": "megawatthours"
            },
            {
                "period": "2024-12-12T07",
                "subba": "ZONB",
                "subba-name": "Genesee",
                "parent": "NYIS",
                "parent-name": "New York Independent System Operator",
                "value": "990",
                "value-units": "megawatthours"
            },
            {
                "period": "2024-12-12T07",
                "subba": "ZONC",
                "subba-name": "Central",
                "parent": "NYIS",
                "parent-name": "New York Independent System Operator",
                "value": "1607",
                "value-units": "megawatthours"
            },
            {
                "period": "2024-12-12T07",
                "subba": "ZOND",
                "subba-name": "North",
                "parent": "NYIS",
                "parent-name": "New York Independent System Operator",
                "value": "525",
                "value-units": "megawatthours"
            },
            {
                "period": "2024-12-12T07",
                "subba": "ZONE",
                "subba-name": "Mohawk Valley",
                "parent": "NYIS",
                "parent-name": "New York Independent System Operator",
                "value": "811",
                "value-units": "megawatthours"
            },
            {
                "period": "2024-12-12T07",
                "subba": "ZONF",
                "subba-name": "Capital",
                "parent": "NYIS",
                "parent-name": "New York Independent System Operator",
                "value": "1171",
                "value-units": "megawatthours"
            },
            {
                "period": "2024-12-12T07",
                "subba": "ZONG",
                "subba-name": "Hudson Valley",
                "parent": "NYIS",
                "parent-name": "New York Independent System Operator",
                "value": "945",
                "value-units": "megawatthours"
            },
            {
                "period": "2024-12-12T07",
                "subba": "ZONH",
                "subba-name": "Millwood",
                "parent": "NYIS",
                "parent-name": "New York Independent System Operator",
                "value": "257",
                "value-units": "megawatthours"
            },
            {
                "period": "2024-12-12T07",
                "subba": "ZONI",
                "subba-name": "Dunwoodie",
                "parent": "NYIS",
                "parent-name": "New York Independent System Operator",
                "value": "569",
                "value-units": "megawatthours"
            },
            {
                "period": "2024-12-12T07",
                "subba": "ZONJ",
                "subba-name": "New York City",
                "parent": "NYIS",
                "parent-name": "New York Independent System Operator",
                "value": "4439",
                "value-units": "megawatthours"
            },
            {
                "period": "2024-12-12T07",
                "subba": "ZONK",
                "subba-name": "Long Island",
                "parent": "NYIS",
                "parent-name": "New York Independent System Operator",
                "value": "1733",
                "value-units": "megawatthours"
            },
            {
                "period": "2024-12-12T06",
                "subba": "ZONA",
                "subba-name": "West",
                "parent": "NYIS",
                "parent-name": "New York Independent System Operator",
                "value": "1656",
                "value-units": "megawatthours"
            },
            {
                "period": "2024-12-12T06",
                "subba": "ZONB",
                "subba-name": "Genesee",
                "parent": "NYIS",
                "parent-name": "New York Independent System Operator",
                "value": "1006",
                "value-units": "megawatthours"
            },
            {
                "period": "2024-12-12T06",
                "subba": "ZONC",
                "subba-name": "Central",
                "parent": "NYIS",
                "parent-name": "New York Independent System Operator",
                "value": "1644",
                "value-units": "megawatthours"
            },
            {
                "period": "2024-12-12T06",
                "subba": "ZOND",
                "subba-name": "North",
                "parent": "NYIS",
                "parent-name": "New York Independent System Operator",
                "value": "526",
                "value-units": "megawatthours"
            },
            {
                "period": "2024-12-12T06",
                "subba": "ZONE",
                "subba-name": "Mohawk Valley",
                "parent": "NYIS",
                "parent-name": "New York Independent System Operator",
                "value": "821",
                "value-units": "megawatthours"
            },
            {
                "period": "2024-12-12T06",
                "subba": "ZONF",
                "subba-name": "Capital",
                "parent": "NYIS",
                "parent-name": "New York Independent System Operator",
                "value": "1196",
                "value-units": "megawatthours"
            },
            {
                "period": "2024-12-12T06",
                "subba": "ZONG",
                "subba-name": "Hudson Valley",
                "parent": "NYIS",
                "parent-name": "New York Independent System Operator",
                "value": "976",
                "value-units": "megawatthours"
            },
            {
                "period": "2024-12-12T06",
                "subba": "ZONH",
                "subba-name": "Millwood",
                "parent": "NYIS",
                "parent-name": "New York Independent System Operator",
                "value": "266",
                "value-units": "megawatthours"
            },
            {
                "period": "2024-12-12T06",
                "subba": "ZONI",
                "subba-name": "Dunwoodie",
                "parent": "NYIS",
                "parent-name": "New York Independent System Operator",
                "value": "569",
                "value-units": "megawatthours"
            },
            {
                "period": "2024-12-12T06",
                "subba": "ZONJ",
                "subba-name": "New York City",
                "parent": "NYIS",
                "parent-name": "New York Independent System Operator",
                "value": "4619",
                "value-units": "megawatthours"
            },
            {
                "period": "2024-12-12T06",
                "subba": "ZONK",
                "subba-name": "Long Island",
                "parent": "NYIS",
                "parent-name": "New York Independent System Operator",
                "value": "1806",
                "value-units": "megawatthours"
            },
            {
                "period": "2024-12-12T05",
                "subba": "ZONA",
                "subba-name": "West",
                "parent": "NYIS",
                "parent-name": "New York Independent System Operator",
                "value": "1706",
                "value-units": "megawatthours"
            },
            {
                "period": "2024-12-12T05",
                "subba": "ZONB",
                "subba-name": "Genesee",
                "parent": "NYIS",
                "parent-name": "New York Independent System Operator",
                "value": "1039",
                "value-units": "megawatthours"
            },
            {
                "period": "2024-12-12T05",
                "subba": "ZONC",
                "subba-name": "Central",
                "parent": "NYIS",
                "parent-name": "New York Independent System Operator",
                "value": "1723",
                "value-units": "megawatthours"
            },
            {
                "period": "2024-12-12T05",
                "subba": "ZOND",
                "subba-name": "North",
                "parent": "NYIS",
                "parent-name": "New York Independent System Operator",
                "value": "545",
                "value-units": "megawatthours"
            },
            {
                "period": "2024-12-12T05",
                "subba": "ZONE",
                "subba-name": "Mohawk Valley",
                "parent": "NYIS",
                "parent-name": "New York Independent System Operator",
                "value": "858",
                "value-units": "megawatthours"
            },
            {
                "period": "2024-12-12T05",
                "subba": "ZONF",
                "subba-name": "Capital",
                "parent": "NYIS",
                "parent-name": "New York Independent System Operator",
                "value": "1253",
                "value-units": "megawatthours"
            },
            {
                "period": "2024-12-12T05",
                "subba": "ZONG",
                "subba-name": "Hudson Valley",
                "parent": "NYIS",
                "parent-name": "New York Independent System Operator",
                "value": "1023",
                "value-units": "megawatthours"
            },
            {
                "period": "2024-12-12T05",
                "subba": "ZONH",
                "subba-name": "Millwood",
                "parent": "NYIS",
                "parent-name": "New York Independent System Operator",
                "value": "279",
                "value-units": "megawatthours"
            },
            {
                "period": "2024-12-12T05",
                "subba": "ZONI",
                "subba-name": "Dunwoodie",
                "parent": "NYIS",
                "parent-name": "New York Independent System Operator",
                "value": "593",
                "value-units": "megawatthours"
            },
            {
                "period": "2024-12-12T05",
                "subba": "ZONJ",
                "subba-name": "New York City",
                "parent": "NYIS",
                "parent-name": "New York Independent System Operator",
                "value": "4867",
                "value-units": "megawatthours"
            },
            {
                "period": "2024-12-12T05",
                "subba": "ZONK",
                "subba-name": "Long Island",
                "parent": "NYIS",
                "parent-name": "New York Independent System Operator",
                "value": "1915",
                "value-units": "megawatthours"
            },
            {
                "period": "2024-12-12T04",
                "subba": "ZONA",
                "subba-name": "West",
                "parent": "NYIS",
                "parent-name": "New York Independent System Operator",
                "value": "1785",
                "value-units": "megawatthours"
            },
            {
                "period": "2024-12-12T04",
                "subba": "ZONB",
                "subba-name": "Genesee",
                "parent": "NYIS",
                "parent-name": "New York Independent System Operator",
                "value": "1107",
                "value-units": "megawatthours"
            },
            {
                "period": "2024-12-12T04",
                "subba": "ZONC",
                "subba-name": "Central",
                "parent": "NYIS",
                "parent-name": "New York Independent System Operator",
                "value": "1812",
                "value-units": "megawatthours"
            },
            {
                "period": "2024-12-12T04",
                "subba": "ZOND",
                "subba-name": "North",
                "parent": "NYIS",
                "parent-name": "New York Independent System Operator",
                "value": "564",
                "value-units": "megawatthours"
            },
            {
                "period": "2024-12-12T04",
                "subba": "ZONE",
                "subba-name": "Mohawk Valley",
                "parent": "NYIS",
                "parent-name": "New York Independent System Operator",
                "value": "906",
                "value-units": "megawatthours"
            },
            {
                "period": "2024-12-12T04",
                "subba": "ZONF",
                "subba-name": "Capital",
                "parent": "NYIS",
                "parent-name": "New York Independent System Operator",
                "value": "1341",
                "value-units": "megawatthours"
            },
            {
                "period": "2024-12-12T04",
                "subba": "ZONG",
                "subba-name": "Hudson Valley",
                "parent": "NYIS",
                "parent-name": "New York Independent System Operator",
                "value": "1088",
                "value-units": "megawatthours"
            },
            {
                "period": "2024-12-12T04",
                "subba": "ZONH",
                "subba-name": "Millwood",
                "parent": "NYIS",
                "parent-name": "New York Independent System Operator",
                "value": "300",
                "value-units": "megawatthours"
            },
            {
                "period": "2024-12-12T04",
                "subba": "ZONI",
                "subba-name": "Dunwoodie",
                "parent": "NYIS",
                "parent-name": "New York Independent System Operator",
                "value": "634",
                "value-units": "megawatthours"
            },
            {
                "period": "2024-12-12T04",
                "subba": "ZONJ",
                "subba-name": "New York City",
                "parent": "NYIS",
                "parent-name": "New York Independent System Operator",
                "value": "5182",
                "value-units": "megawatthours"
            },
            {
                "period": "2024-12-12T04",
                "subba": "ZONK",
                "subba-name": "Long Island",
                "parent": "NYIS",
                "parent-name": "New York Independent System Operator",
                "value": "2059",
                "value-units": "megawatthours"
            },
            {
                "period": "2024-12-12T03",
                "subba": "ZONA",
                "subba-name": "West",
                "parent": "NYIS",
                "parent-name": "New York Independent System Operator",
                "value": "1878",
                "value-units": "megawatthours"
            },
            {
                "period": "2024-12-12T03",
                "subba": "ZONB",
                "subba-name": "Genesee",
                "parent": "NYIS",
                "parent-name": "New York Independent System Operator",
                "value": "1190",
                "value-units": "megawatthours"
            },
            {
                "period": "2024-12-12T03",
                "subba": "ZONC",
                "subba-name": "Central",
                "parent": "NYIS",
                "parent-name": "New York Independent System Operator",
                "value": "1913",
                "value-units": "megawatthours"
            },
            {
                "period": "2024-12-12T03",
                "subba": "ZOND",
                "subba-name": "North",
                "parent": "NYIS",
                "parent-name": "New York Independent System Operator",
                "value": "578",
                "value-units": "megawatthours"
            },
            {
                "period": "2024-12-12T03",
                "subba": "ZONE",
                "subba-name": "Mohawk Valley",
                "parent": "NYIS",
                "parent-name": "New York Independent System Operator",
                "value": "962",
                "value-units": "megawatthours"
            },
            {
                "period": "2024-12-12T03",
                "subba": "ZONF",
                "subba-name": "Capital",
                "parent": "NYIS",
                "parent-name": "New York Independent System Operator",
                "value": "1437",
                "value-units": "megawatthours"
            },
            {
                "period": "2024-12-12T03",
                "subba": "ZONG",
                "subba-name": "Hudson Valley",
                "parent": "NYIS",
                "parent-name": "New York Independent System Operator",
                "value": "1159",
                "value-units": "megawatthours"
            },
            {
                "period": "2024-12-12T03",
                "subba": "ZONH",
                "subba-name": "Millwood",
                "parent": "NYIS",
                "parent-name": "New York Independent System Operator",
                "value": "322",
                "value-units": "megawatthours"
            },
            {
                "period": "2024-12-12T03",
                "subba": "ZONI",
                "subba-name": "Dunwoodie",
                "parent": "NYIS",
                "parent-name": "New York Independent System Operator",
                "value": "672",
                "value-units": "megawatthours"
            },
            {
                "period": "2024-12-12T03",
                "subba": "ZONJ",
                "subba-name": "New York City",
                "parent": "NYIS",
                "parent-name": "New York Independent System Operator",
                "value": "5447",
                "value-units": "megawatthours"
            },
            {
                "period": "2024-12-12T03",
                "subba": "ZONK",
                "subba-name": "Long Island",
                "parent": "NYIS",
                "parent-name": "New York Independent System Operator",
                "value": "2207",
                "value-units": "megawatthours"
            },
            {
                "period": "2024-12-12T02",
                "subba": "ZONA",
                "subba-name": "West",
                "parent": "NYIS",
                "parent-name": "New York Independent System Operator",
                "value": "1932",
                "value-units": "megawatthours"
            },
            {
                "period": "2024-12-12T02",
                "subba": "ZONB",
                "subba-name": "Genesee",
                "parent": "NYIS",
                "parent-name": "New York Independent System Operator",
                "value": "1245",
                "value-units": "megawatthours"
            },
            {
                "period": "2024-12-12T02",
                "subba": "ZONC",
                "subba-name": "Central",
                "parent": "NYIS",
                "parent-name": "New York Independent System Operator",
                "value": "1969",
                "value-units": "megawatthours"
            },
            {
                "period": "2024-12-12T02",
                "subba": "ZOND",
                "subba-name": "North",
                "parent": "NYIS",
                "parent-name": "New York Independent System Operator",
                "value": "581",
                "value-units": "megawatthours"
            },
            {
                "period": "2024-12-12T02",
                "subba": "ZONE",
                "subba-name": "Mohawk Valley",
                "parent": "NYIS",
                "parent-name": "New York Independent System Operator",
                "value": "1004",
                "value-units": "megawatthours"
            },
            {
                "period": "2024-12-12T02",
                "subba": "ZONF",
                "subba-name": "Capital",
                "parent": "NYIS",
                "parent-name": "New York Independent System Operator",
                "value": "1510",
                "value-units": "megawatthours"
            },
            {
                "period": "2024-12-12T02",
                "subba": "ZONG",
                "subba-name": "Hudson Valley",
                "parent": "NYIS",
                "parent-name": "New York Independent System Operator",
                "value": "1206",
                "value-units": "megawatthours"
            },
            {
                "period": "2024-12-12T02",
                "subba": "ZONH",
                "subba-name": "Millwood",
                "parent": "NYIS",
                "parent-name": "New York Independent System Operator",
                "value": "341",
                "value-units": "megawatthours"
            },
            {
                "period": "2024-12-12T02",
                "subba": "ZONI",
                "subba-name": "Dunwoodie",
                "parent": "NYIS",
                "parent-name": "New York Independent System Operator",
                "value": "702",
                "value-units": "megawatthours"
            },
            {
                "period": "2024-12-12T02",
                "subba": "ZONJ",
                "subba-name": "New York City",
                "parent": "NYIS",
                "parent-name": "New York Independent System Operator",
                "value": "5636",
                "value-units": "megawatthours"
            },
            {
                "period": "2024-12-12T02",
                "subba": "ZONK",
                "subba-name": "Long Island",
                "parent": "NYIS",
                "parent-name": "New York Independent System Operator",
                "value": "2332",
                "value-units": "megawatthours"
            },
            {
                "period": "2024-12-12T01",
                "subba": "ZONA",
                "subba-name": "West",
                "parent": "NYIS",
                "parent-name": "New York Independent System Operator",
                "value": "1961",
                "value-units": "megawatthours"
            },
            {
                "period": "2024-12-12T01",
                "subba": "ZONB",
                "subba-name": "Genesee",
                "parent": "NYIS",
                "parent-name": "New York Independent System Operator",
                "value": "1278",
                "value-units": "megawatthours"
            },
            {
                "period": "2024-12-12T01",
                "subba": "ZONC",
                "subba-name": "Central",
                "parent": "NYIS",
                "parent-name": "New York Independent System Operator",
                "value": "2020",
                "value-units": "megawatthours"
            },
            {
                "period": "2024-12-12T01",
                "subba": "ZOND",
                "subba-name": "North",
                "parent": "NYIS",
                "parent-name": "New York Independent System Operator",
                "value": "595",
                "value-units": "megawatthours"
            },
            {
                "period": "2024-12-12T01",
                "subba": "ZONE",
                "subba-name": "Mohawk Valley",
                "parent": "NYIS",
                "parent-name": "New York Independent System Operator",
                "value": "1031",
                "value-units": "megawatthours"
            },
            {
                "period": "2024-12-12T01",
                "subba": "ZONF",
                "subba-name": "Capital",
                "parent": "NYIS",
                "parent-name": "New York Independent System Operator",
                "value": "1556",
                "value-units": "megawatthours"
            },
            {
                "period": "2024-12-12T01",
                "subba": "ZONG",
                "subba-name": "Hudson Valley",
                "parent": "NYIS",
                "parent-name": "New York Independent System Operator",
                "value": "1236",
                "value-units": "megawatthours"
            },
            {
                "period": "2024-12-12T01",
                "subba": "ZONH",
                "subba-name": "Millwood",
                "parent": "NYIS",
                "parent-name": "New York Independent System Operator",
                "value": "352",
                "value-units": "megawatthours"
            },
            {
                "period": "2024-12-12T01",
                "subba": "ZONI",
                "subba-name": "Dunwoodie",
                "parent": "NYIS",
                "parent-name": "New York Independent System Operator",
                "value": "726",
                "value-units": "megawatthours"
            },
            {
                "period": "2024-12-12T01",
                "subba": "ZONJ",
                "subba-name": "New York City",
                "parent": "NYIS",
                "parent-name": "New York Independent System Operator",
                "value": "5807",
                "value-units": "megawatthours"
            },
            {
                "period": "2024-12-12T01",
                "subba": "ZONK",
                "subba-name": "Long Island",
                "parent": "NYIS",
                "parent-name": "New York Independent System Operator",
                "value": "2429",
                "value-units": "megawatthours"
            },
            {
                "period": "2024-12-12T00",
                "subba": "ZONA",
                "subba-name": "West",
                "parent": "NYIS",
                "parent-name": "New York Independent System Operator",
                "value": "1991",
                "value-units": "megawatthours"
            },
            {
                "period": "2024-12-12T00",
                "subba": "ZONB",
                "subba-name": "Genesee",
                "parent": "NYIS",
                "parent-name": "New York Independent System Operator",
                "value": "1297",
                "value-units": "megawatthours"
            },
            {
                "period": "2024-12-12T00",
                "subba": "ZONC",
                "subba-name": "Central",
                "parent": "NYIS",
                "parent-name": "New York Independent System Operator",
                "value": "2047",
                "value-units": "megawatthours"
            },
            {
                "period": "2024-12-12T00",
                "subba": "ZOND",
                "subba-name": "North",
                "parent": "NYIS",
                "parent-name": "New York Independent System Operator",
                "value": "604",
                "value-units": "megawatthours"
            },
            {
                "period": "2024-12-12T00",
                "subba": "ZONE",
                "subba-name": "Mohawk Valley",
                "parent": "NYIS",
                "parent-name": "New York Independent System Operator",
                "value": "1049",
                "value-units": "megawatthours"
            },
            {
                "period": "2024-12-12T00",
                "subba": "ZONF",
                "subba-name": "Capital",
                "parent": "NYIS",
                "parent-name": "New York Independent System Operator",
                "value": "1587",
                "value-units": "megawatthours"
            },
            {
                "period": "2024-12-12T00",
                "subba": "ZONG",
                "subba-name": "Hudson Valley",
                "parent": "NYIS",
                "parent-name": "New York Independent System Operator",
                "value": "1264",
                "value-units": "megawatthours"
            },
            {
                "period": "2024-12-12T00",
                "subba": "ZONH",
                "subba-name": "Millwood",
                "parent": "NYIS",
                "parent-name": "New York Independent System Operator",
                "value": "365",
                "value-units": "megawatthours"
            },
            {
                "period": "2024-12-12T00",
                "subba": "ZONI",
                "subba-name": "Dunwoodie",
                "parent": "NYIS",
                "parent-name": "New York Independent System Operator",
                "value": "740",
                "value-units": "megawatthours"
            },
            {
                "period": "2024-12-12T00",
                "subba": "ZONJ",
                "subba-name": "New York City",
                "parent": "NYIS",
                "parent-name": "New York Independent System Operator",
                "value": "5954",
                "value-units": "megawatthours"
            },
            {
                "period": "2024-12-12T00",
                "subba": "ZONK",
                "subba-name": "Long Island",
                "parent": "NYIS",
                "parent-name": "New York Independent System Operator",
                "value": "2492",
                "value-units": "megawatthours"
            }
        ],
        "description": "Hourly demand by balancing authority subregion.  \n    Source: Form EIA-930\n    Product: Hourly Electric Grid Monitor"
    },
    "request": {
        "command": "/v2/electricity/rto/region-sub-ba-data/data/",
        "params": {
            "frequency": "hourly",
            "data": [
                "value"
            ],
            "sort": [
                {
                    "column": "period",
                    "direction": "desc"
                }
            ],
            "facets": {
                "parent": [
                    "NYIS"
                ]
            },
            "offset": "0",
            "length": "5000",
            "start": "2024-12-12",
            "end": "2024-12-13",
            "api_key": "dqRq8VpXSoyUrCbrPhuYFxGl6Rul9kmVcRshZ98c"
        }
    },
    "apiVersion": "2.1.8",
    "ExcelAddInVersion": "2.1.0"
}