{
    "response": {
        "total": "275",
        "dateFormat": "YYYY-MM-DD\"T\"HH24",
        "frequency": "hourly",
        "data": [
            {
                "period": "2024-12-14T00",
                "subba": "ZONA",
                "subba-name": "West",
                "parent": "NYIS",
                "parent-name": "New York Independent System Operator",
                "value": "2093",
                "value-units": "megawatthours"
            },
            {
                "period": "2024-12-14T00",
                "subba": "ZONB",
                "subba-name": "Genesee",
                "parent": "NYIS",
                "parent-name": "New York Independent System Operator",
                "value": "1366",
                "value-units": "megawatthours"
            },
            {
                "period": "2024-12-14T00",
                "subba": "ZONC",
                "subba-name": "Central",
                "parent": "NYIS",
                "parent-name": "New York Independent System Operator",
                "value": "2217",
                "value-units": "megawatthours"
            },
            {
                "period": "2024-12-14T00",
                "subba": "ZOND",
                "subba-name": "North",
                "parent": "NYIS",
                "parent-name": "New York Independent System Operator",
                "value": "654",
                "value-units": "megawatthours"
            },
            {
                "period": "2024-12-14T00",
                "subba": "ZONE",
                "subba-name": "Mohawk Valley",
                "parent": "NYIS",
                "parent-name": "New York Independent System Operator",
                "value": "1172",
                "value-units": "megawatthours"
            },
            {
                "period": "2024-12-14T00",
                "subba": "ZONF",
                "subba-name": "Capital",
                "parent": "NYIS",
                "parent-name": "New York Independent System Operator",
                "value": "1691",
                "value-units": "megawatthours"
            },
            {
                "period": "2024-12-14T00",
                "subba": "ZONG",
                "subba-name": "Hudson Valley",
                "parent": "NYIS",
                "parent-name": "New York Independent System Operator",
                "value": "1427",
                "value-units": "megawatthours"
            },
            {
                "period": "2024-12-14T00",
                "subba": "ZONH",
                "subba-name": "Millwood",
                "parent": "NYIS",
                "parent-name": "New York Independent System Operator",
                "value": "448",
                "value-units": "megawatthours"
            },
            {
                "period": "2024-12-14T00",
                "subba": "ZONI",
                "subba-name": "Dunwoodie",
                "parent": "NYIS",
                "parent-name": "New York Independent System Operator",
                "value": "835",
                "value-units": "megawatthours"
            },
            {
                "period": "2024-12-14T00",
                "subba": "ZONJ",
                "subba-name": "New York City",
                "parent": "NYIS",
                "parent-name": "New York Independent System Operator",
                "value": "6625",
                "value-units": "megawatthours"
            },
            {
                "period": "2024-12-14T00",
                "subba": "ZONK",
                "subba-name": "Long Island",
                "parent": "NYIS",
                "parent-name": "New York Independent System Operator",
                "value": "2848",
                "value-units": "megawatthours"
            },
            {
                "period": "2024-12-13T23",
                "subba": "ZONA",
                "subba-name": "West",
                "parent": "NYIS",
                "parent-name": "New York Independent System Operator",
                "value": "2100",
                "value-units": "megawatthours"
            },
            {
                "period": "2024-12-13T23",
                "subba": "ZONB",
                "subba-name": "Genesee",
                "parent": "NYIS",
                "parent-name": "New York Independent System Operator",
                "value": "1374",
                "value-units": "megawatthours"
            },
            {
                "period": "2024-12-13T23",
                "subba": "ZONC",
                "subba-name": "Central",
                "parent": "NYIS",
                "parent-name": "New York Independent System Operator",
                "value": "2241",
                "value-units": "megawatthours"
            },
            {
                "period": "2024-12-13T23",
                "subba": "ZOND",
                "subba-name": "North",
                "parent": "NYIS",
                "parent-name": "New York Independent System Operator",
                "value": "737",
                "value-units": "megawatthours"
            },
            {
                "period": "2024-12-13T23",
                "subba": "ZONE",
                "subba-name": "Mohawk Valley",
                "parent": "NYIS",
                "parent-name": "New York Independent System Operator",
                "value": "1174",
                "value-units": "megawatthours"
            },
            {
                "period": "2024-12-13T23",
                "subba": "ZONF",
                "subba-name": "Capital",
                "parent": "NYIS",
                "parent-name": "New York Independent System Operator",
                "value": "1716",
                "value-units": "megawatthours"
            },
            {
                "period": "2024-12-13T23",
                "subba": "ZONG",
                "subba-name": "Hudson Valley",
                "parent": "NYIS",
                "parent-name": "New York Independent System Operator",
                "value": "1429",
                "value-units": "megawatthours"
            },
            {
                "period": "2024-12-13T23",
                "subba": "ZONH",
                "subba-name": "Millwood",
                "parent": "NYIS",
                "parent-name": "New York Independent System Operator",
                "value": "442",
                "value-units": "megawatthours"
            },
            {
                "period": "2024-12-13T23",
                "subba": "ZONI",
                "subba-name": "Dunwoodie",
                "parent": "NYIS",
                "parent-name": "New York Independent System Operator",
                "value": "833",
                "value-units": "megawatthours"
            },
            {
                "period": "2024-12-13T23",
                "subba": "ZONJ",
                "subba-name": "New York City",
                "parent": "NYIS",
                "parent-name": "New York Independent System Operator",
                "value": "6742",
                "value-units": "megawatthours"
            },
            {
                "period": "2024-12-13T23",
                "subba": "ZONK",
                "subba-name": "Long Island",
                "parent": "NYIS",
                "parent-name": "New York Independent System Operator",
                "value": "2844",
                "value-units": "megawatthours"
            },
            {
                "period": "2024-12-13T22",
                "subba": "ZONA",
                "subba-name": "West",
                "parent": "NYIS",
                "parent-name": "New York Independent System Operator",
                "value": "2050",
                "value-units": "megawatthours"
            },
            {
                "period": "2024-12-13T22",
                "subba": "ZONB",
                "subba-name": "Genesee",
                "parent": "NYIS",
                "parent-name": "New York Independent System Operator",
                "value": "1310",
                "value-units": "megawatthours"
            },
            {
                "period": "2024-12-13T22",
                "subba": "ZONC",
                "subba-name": "Central",
                "parent": "NYIS",
                "parent-name": "New York Independent System Operator",
                "value": "2156",
                "value-units": "megawatthours"
            },
            {
                "period": "2024-12-13T22",
                "subba": "ZOND",
                "subba-name": "North",
                "parent": "NYIS",
                "parent-name": "New York Independent System Operator",
                "value": "758",
                "value-units": "megawatthours"
            },
            {
                "period": "2024-12-13T22",
                "subba": "ZONE",
                "subba-name": "Mohawk Valley",
                "parent": "NYIS",
                "parent-name": "New York Independent System Operator",
                "value": "1142",
                "value-units": "megawatthours"
            },
            {
                "period": "2024-12-13T22",
                "subba": "ZONF",
                "subba-name": "Capital",
                "parent": "NYIS",
                "parent-name": "New York Independent System Operator",
                "value": "1676",
                "value-units": "megawatthours"
            },
            {
                "period": "2024-12-13T22",
                "subba": "ZONG",
                "subba-name": "Hudson Valley",
                "parent": "NYIS",
                "parent-name": "New York Independent System Operator",
                "value": "1360",
                "value-units": "megawatthours"
            },
            {
                "period": "2024-12-13T22",
                "subba": "ZONH",
                "subba-name": "Millwood",
                "parent": "NYIS",
                "parent-name": "New York Independent System Operator",
                "value": "421",
                "value-units": "megawatthours"
            },
            {
                "period": "2024-12-13T22",
                "subba": "ZONI",
                "subba-name": "Dunwoodie",
                "parent": "NYIS",
                "parent-name": "New York Independent System Operator",
                "value": "800",
                "value-units": "megawatthours"
            },
            {
                "period": "2024-12-13T22",
                "subba": "ZONJ",
                "subba-name": "New York City",
                "parent": "NYIS",
                "parent-name": "New York Independent System Operator",
                "value": "6618",
                "value-units": "megawatthours"
            },
            {
                "period": "2024-12-13T22",
                "subba": "ZONK",
                "subba-name": "Long Island",
                "parent": "NYIS",
                "parent-name": "New York Independent System Operator",
                "value": "2677",
                "value-units": "megawatthours"
            },
            {
                "period": "2024-12-13T21",
                "subba": "ZONA",
                "subba-name": "West",
                "parent": "NYIS",
                "parent-name": "New York Independent System Operator",
                "value": "1990",
                "value-units": "megawatthours"
            },
            {
                "period": "2024-12-13T21",
                "subba": "ZONB",
                "subba-name": "Genesee",
                "parent": "NYIS",
                "parent-name": "New York Independent System Operator",
                "value": "1222",
                "value-units": "megawatthours"
            },
            {
                "period": "2024-12-13T21",
                "subba": "ZONC",
                "subba-name": "Central",
                "parent": "NYIS",
                "parent-name": "New York Independent System Operator",
                "value": "1996",
                "value-units": "megawatthours"
            },
            {
                "period": "2024-12-13T21",
                "subba": "ZOND",
                "subba-name": "North",
                "parent": "NYIS",
                "parent-name": "New York Independent System Operator",
                "value": "724",
                "value-units": "megawatthours"
            },
            {
                "period": "2024-12-13T21",
                "subba": "ZONE",
                "subba-name": "Mohawk Valley",
                "parent": "NYIS",
                "parent-name": "New York Independent System Operator",
                "value": "1056",
                "value-units": "megawatthours"
            },
            {
                "period": "2024-12-13T21",
                "subba": "ZONF",
                "subba-name": "Capital",
                "parent": "NYIS",
                "parent-name": "New York Independent System Operator",
                "value": "1565",
                "value-units": "megawatthours"
            },
            {
                "period": "2024-12-13T21",
                "subba": "ZONG",
                "subba-name": "Hudson Valley",
                "parent": "NYIS",
                "parent-name": "New York Independent System Operator",
                "value": "1232",
                "value-units": "megawatthours"
            },
            {
                "period": "2024-12-13T21",
                "subba": "ZONH",
                "subba-name": "Millwood",
                "parent": "NYIS",
                "parent-name": "New York Independent System Operator",
                "value": "384",
                "value-units": "megawatthours"
            },
            {
                "period": "2024-12-13T21",
                "subba": "ZONI",
                "subba-name": "Dunwoodie",
                "parent": "NYIS",
                "parent-name": "New York Independent System Operator",
                "value": "753",
                "value-units": "megawatthours"
            },
            {
                "period": "2024-12-13T21",
                "subba": "ZONJ",
                "subba-name": "New York City",
                "parent": "NYIS",
                "parent-name": "New York Independent System Operator",
                "value": "6446",
                "value-units": "megawatthours"
            },
            {
                "period": "2024-12-13T21",
                "subba": "ZONK",
                "subba-name": "Long Island",
                "parent": "NYIS",
                "parent-name": "New York Independent System Operator",
                "value": "2430",
                "value-units": "megawatthours"
            },
            {
                "period": "2024-12-13T20",
                "subba": "ZONA",
                "subba-name": "West",
                "parent": "NYIS",
                "parent-name": "New York Independent System Operator",
                "value": "1942",
                "value-units": "megawatthours"
            },
            {
                "period": "2024-12-13T20",
                "subba": "ZONB",
                "subba-name": "Genesee",
                "parent": "NYIS",
                "parent-name": "New York Independent System Operator",
                "value": "1128",
                "value-units": "megawatthours"
            },
            {
                "period": "2024-12-13T20",
                "subba": "ZONC",
                "subba-name": "Central",
                "parent": "NYIS",
                "parent-name": "New York Independent System Operator",
                "value": "1821",
                "value-units": "megawatthours"
            },
            {
                "period": "2024-12-13T20",
                "subba": "ZOND",
                "subba-name": "North",
                "parent": "NYIS",
                "parent-name": "New York Independent System Operator",
                "value": "710",
                "value-units": "megawatthours"
            },
            {
                "period": "2024-12-13T20",
                "subba": "ZONE",
                "subba-name": "Mohawk Valley",
                "parent": "NYIS",
                "parent-name": "New York Independent System Operator",
                "value": "999",
                "value-units": "megawatthours"
            },
            {
                "period": "2024-12-13T20",
                "subba": "ZONF",
                "subba-name": "Capital",
                "parent": "NYIS",
                "parent-name": "New York Independent System Operator",
                "value": "1484",
                "value-units": "megawatthours"
            },
            {
                "period": "2024-12-13T20",
                "subba": "ZONG",
                "subba-name": "Hudson Valley",
                "parent": "NYIS",
                "parent-name": "New York Independent System Operator",
                "value": "1099",
                "value-units": "megawatthours"
            },
            {
                "period": "2024-12-13T20",
                "subba": "ZONH",
                "subba-name": "Millwood",
                "parent": "NYIS",
                "parent-name": "New York Independent System Operator",
                "value": "361",
                "value-units": "megawatthours"
            },
            {
                "period": "2024-12-13T20",
                "subba": "ZONI",
                "subba-name": "Dunwoodie",
                "parent": "NYIS",
                "parent-name": "New York Independent System Operator",
                "value": "730",
                "value-units": "megawatthours"
            },
            {
                "period": "2024-12-13T20",
                "subba": "ZONJ",
                "subba-name": "New York City",
                "parent": "NYIS",
                "parent-name": "New York Independent System Operator",
                "value": "6357",
                "value-units": "megawatthours"
            },
            {
                "period": "2024-12-13T20",
                "subba": "ZONK",
                "subba-name": "Long Island",
                "parent": "NYIS",
                "parent-name": "New York Independent System Operator",
                "value": "2250",
                "value-units": "megawatthours"
            },
            {
                "period": "2024-12-13T19",
                "subba": "ZONA",
                "subba-name": "West",
                "parent": "NYIS",
                "parent-name": "New York Independent System Operator",
                "value": "1924",
                "value-units": "megawatthours"
            },
            {
                "period": "2024-12-13T19",
                "subba": "ZONB",
                "subba-name": "Genesee",
                "parent": "NYIS",
                "parent-name": "New York Independent System Operator",
                "value": "1123",
                "value-units": "megawatthours"
            },
            {
                "period": "2024-12-13T19",
                "subba": "ZONC",
                "subba-name": "Central",
                "parent": "NYIS",
                "parent-name": "New York Independent System Operator",
                "value": "1756",
                "value-units": "megawatthours"
            },
            {
                "period": "2024-12-13T19",
                "subba": "ZOND",
                "subba-name": "North",
                "parent": "NYIS",
                "parent-name": "New York Independent System Operator",
                "value": "715",
                "value-units": "megawatthours"
            },
            {
                "period": "2024-12-13T19",
                "subba": "ZONE",
                "subba-name": "Mohawk Valley",
                "parent": "NYIS",
                "parent-name": "New York Independent System Operator",
                "value": "969",
                "value-units": "megawatthours"
            },
            {
                "period": "2024-12-13T19",
                "subba": "ZONF",
                "subba-name": "Capital",
                "parent": "NYIS",
                "parent-name": "New York Independent System Operator",
                "value": "1426",
                "value-units": "megawatthours"
            },
            {
                "period": "2024-12-13T19",
                "subba": "ZONG",
                "subba-name": "Hudson Valley",
                "parent": "NYIS",
                "parent-name": "New York Independent System Operator",
                "value": "1016",
                "value-units": "megawatthours"
            },
            {
                "period": "2024-12-13T19",
                "subba": "ZONH",
                "subba-name": "Millwood",
                "parent": "NYIS",
                "parent-name": "New York Independent System Operator",
                "value": "356",
                "value-units": "megawatthours"
            },
            {
                "period": "2024-12-13T19",
                "subba": "ZONI",
                "subba-name": "Dunwoodie",
                "parent": "NYIS",
                "parent-name": "New York Independent System Operator",
                "value": "714",
                "value-units": "megawatthours"
            },
            {
                "period": "2024-12-13T19",
                "subba": "ZONJ",
                "subba-name": "New York City",
                "parent": "NYIS",
                "parent-name": "New York Independent System Operator",
                "value": "6333",
                "value-units": "megawatthours"
            },
            {
                "period": "2024-12-13T19",
                "subba": "ZONK",
                "subba-name": "Long Island",
                "parent": "NYIS",
                "parent-name": "New York Independent System Operator",
                "value": "2138",
                "value-units": "megawatthours"
            },
            {
                "period": "2024-12-13T18",
                "subba": "ZONA",
                "subba-name": "West",
                "parent": "NYIS",
                "parent-name": "New York Independent System Operator",
                "value": "1929",
                "value-units": "megawatthours"
            },
            {
                "period": "2024-12-13T18",
                "subba": "ZONB",
                "subba-name": "Genesee",
                "parent": "NYIS",
                "parent-name": "New York Independent System Operator",
                "value": "1133",
                "value-units": "megawatthours"
            },
            {
                "period": "2024-12-13T18",
                "subba": "ZONC",
                "subba-name": "Central",
                "parent": "NYIS",
                "parent-name": "New York Independent System Operator",
                "value": "1781",
                "value-units": "megawatthours"
            },
            {
                "period": "2024-12-13T18",
                "subba": "ZOND",
                "subba-name": "North",
                "parent": "NYIS",
                "parent-name": "New York Independent System Operator",
                "value": "719",
                "value-units": "megawatthours"
            },
            {
                "period": "2024-12-13T18",
                "subba": "ZONE",
                "subba-name": "Mohawk Valley",
                "parent": "NYIS",
                "parent-name": "New York Independent System Operator",
                "value": "957",
                "value-units": "megawatthours"
            },
            {
                "period": "2024-12-13T18",
                "subba": "ZONF",
                "subba-name": "Capital",
                "parent": "NYIS",
                "parent-name": "New York Independent System Operator",
                "value": "1378",
                "value-units": "megawatthours"
            },
            {
                "period": "2024-12-13T18",
                "subba": "ZONG",
                "subba-name": "Hudson Valley",
                "parent": "NYIS",
                "parent-name": "New York Independent System Operator",
                "value": "978",
                "value-units": "megawatthours"
            },
            {
                "period": "2024-12-13T18",
                "subba": "ZONH",
                "subba-name": "Millwood",
                "parent": "NYIS",
                "parent-name": "New York Independent System Operator",
                "value": "357",
                "value-units": "megawatthours"
            },
            {
                "period": "2024-12-13T18",
                "subba": "ZONI",
                "subba-name": "Dunwoodie",
                "parent": "NYIS",
                "parent-name": "New York Independent System Operator",
                "value": "712",
                "value-units": "megawatthours"
            },
            {
                "period": "2024-12-13T18",
                "subba": "ZONJ",
                "subba-name": "New York City",
                "parent": "NYIS",
                "parent-name": "New York Independent System Operator",
                "value": "6341",
                "value-units": "megawatthours"
            },
            {
                "period": "2024-12-13T18",
                "subba": "ZONK",
                "subba-name": "Long Island",
                "parent": "NYIS",
                "parent-name": "New York Independent System Operator",
                "value": "2078",
                "value-units": "megawatthours"
            },
            {
                "period": "2024-12-13T17",
                "subba": "ZONA",
                "subba-name": "West",
                "parent": "NYIS",
                "parent-name": "New York Independent System Operator",
                "value": "1952",
                "value-units": "megawatthours"
            },
            {
                "period": "2024-12-13T17",
                "subba": "ZONB",
                "subba-name": "Genesee",
                "parent": "NYIS",
                "parent-name": "New York Independent System Operator",
                "value": "1148",
                "value-units": "megawatthours"
            },
            {
                "period": "2024-12-13T17",
                "subba": "ZONC",
                "subba-name": "Central",
                "parent": "NYIS",
                "parent-name": "New York Independent System Operator",
                "value": "1813",
                "value-units": "megawatthours"
            },
            {
                "period": "2024-12-13T17",
                "subba": "ZOND",
                "subba-name": "North",
                "parent": "NYIS",
                "parent-name": "New York Independent System Operator",
                "value": "713",
                "value-units": "megawatthours"
            },
            {
                "period": "2024-12-13T17",
                "subba": "ZONE",
                "subba-name": "Mohawk Valley",
                "parent": "NYIS",
                "parent-name": "New York Independent System Operator",
                "value": "954",
                "value-units": "megawatthours"
            },
            {
                "period": "2024-12-13T17",
                "subba": "ZONF",
                "subba-name": "Capital",
                "parent": "NYIS",
                "parent-name": "New York Independent System Operator",
                "value": "1316",
                "value-units": "megawatthours"
            },
            {
                "period": "2024-12-13T17",
                "subba": "ZONG",
                "subba-name": "Hudson Valley",
                "parent": "NYIS",
                "parent-name": "New York Independent System Operator",
                "value": "987",
                "value-units": "megawatthours"
            },
            {
                "period": "2024-12-13T17",
                "subba": "ZONH",
                "subba-name": "Millwood",
                "parent": "NYIS",
                "parent-name": "New York Independent System Operator",
                "value": "361",
                "value-units": "megawatthours"
            },
            {
                "period": "2024-12-13T17",
                "subba": "ZONI",
                "subba-name": "Dunwoodie",
                "parent": "NYIS",
                "parent-name": "New York Independent System Operator",
                "value": "715",
                "value-units": "megawatthours"
            },
            {
                "period": "2024-12-13T17",
                "subba": "ZONJ",
                "subba-name": "New York City",
                "parent": "NYIS",
                "parent-name": "New York Independent System Operator",
                "value": "6357",
                "value-units": "megawatthours"
            },
            {
                "period": "2024-12-13T17",
                "subba": "ZONK",
                "subba-name": "Long Island",
                "parent": "NYIS",
                "parent-name": "New York Independent System Operator",
                "value": "2094",
                "value-units": "megawatthours"
            },
            {
                "period": "2024-12-13T16",
                "subba": "ZONA",
                "subba-name": "West",
                "parent": "NYIS",
                "parent-name": "New York Independent System Operator",
                "value": "1971",
                "value-units": "megawatthours"
            },
            {
                "period": "2024-12-13T16",
                "subba": "ZONB",
                "subba-name": "Genesee",
                "parent": "NYIS",
                "parent-name": "New York Independent System Operator",
                "value": "1165",
                "value-units": "megawatthours"
            },
            {
                "period": "2024-12-13T16",
                "subba": "ZONC",
                "subba-name": "Central",
                "parent": "NYIS",
                "parent-name": "New York Independent System Operator",
                "value": "1869",
                "value-units": "megawatthours"
            },
            {
                "period": "2024-12-13T16",
                "subba": "ZOND",
                "subba-name": "North",
                "parent": "NYIS",
                "parent-name": "New York Independent System Operator",
                "value": "716",
                "value-units": "megawatthours"
            },
            {
                "period": "2024-12-13T16",
                "subba": "ZONE",
                "subba-name": "Mohawk Valley",
                "parent": "NYIS",
                "parent-name": "New York Independent System Operator",
                "value": "958",
                "value-units": "megawatthours"
            },
            {
                "period": "2024-12-13T16",
                "subba": "ZONF",
                "subba-name": "Capital",
                "parent": "NYIS",
                "parent-name": "New York Independent System Operator",
                "value": "1321",
                "value-units": "megawatthours"
            },
            {
                "period": "2024-12-13T16",
                "subba": "ZONG",
                "subba-name": "Hudson Valley",
                "parent": "NYIS",
                "parent-name": "New York Independent System Operator",
                "value": "1029",
                "value-units": "megawatthours"
            },
            {
                "period": "2024-12-13T16",
                "subba": "ZONH",
                "subba-name": "Millwood",
                "parent": "NYIS",
                "parent-name": "New York Independent System Operator",
                "value": "373",
                "value-units": "megawatthours"
            },
            {
                "period": "2024-12-13T16",
                "subba": "ZONI",
                "subba-name": "Dunwoodie",
                "parent": "NYIS",
                "parent-name": "New York Independent System Operator",
                "value": "721",
                "value-units": "megawatthours"
            },
            {
                "period": "2024-12-13T16",
                "subba": "ZONJ",
                "subba-name": "New York City",
                "parent": "NYIS",
                "parent-name": "New York Independent System Operator",
                "value": "6343",
                "value-units": "megawatthours"
            },
            {
                "period": "2024-12-13T16",
                "subba": "ZONK",
                "subba-name": "Long Island",
                "parent": "NYIS",
                "parent-name": "New York Independent System Operator",
                "value": "2156",
                "value-units": "megawatthours"
            },
            {
                "period": "2024-12-13T15",
                "subba": "ZONA",
                "subba-name": "West",
                "parent": "NYIS",
                "parent-name": "New York Independent System Operator",
                "value": "1987",
                "value-units": "megawatthours"
            },
            {
                "period": "2024-12-13T15",
                "subba": "ZONB",
                "subba-name": "Genesee",
                "parent": "NYIS",
                "parent-name": "New York Independent System Operator",
                "value": "1215",
                "value-units": "megawatthours"
            },
            {
                "period": "2024-12-13T15",
                "subba": "ZONC",
                "subba-name": "Central",
                "parent": "NYIS",
                "parent-name": "New York Independent System Operator",
                "value": "1971",
                "value-units": "megawatthours"
            },
            {
                "period": "2024-12-13T15",
                "subba": "ZOND",
                "subba-name": "North",
                "parent": "NYIS",
                "parent-name": "New York Independent System Operator",
                "value": "761",
                "value-units": "megawatthours"
            },
            {
                "period": "2024-12-13T15",
                "subba": "ZONE",
                "subba-name": "Mohawk Valley",
                "parent": "NYIS",
                "parent-name": "New York Independent System Operator",
                "value": "1008",
                "value-units": "megawatthours"
            },
            {
                "period": "2024-12-13T15",
                "subba": "ZONF",
                "subba-name": "Capital",
                "parent": "NYIS",
                "parent-name": "New York Independent System Operator",
                "value": "1404",
                "value-units": "megawatthours"
            },
            {
                "period": "2024-12-13T15",
                "subba": "ZONG",
                "subba-name": "Hudson Valley",
                "parent": "NYIS",
                "parent-name": "New York Independent System Operator",
                "value": "1120",
                "value-units": "megawatthours"
            },
            {
                "period": "2024-12-13T15",
                "subba": "ZONH",
                "subba-name": "Millwood",
                "parent": "NYIS",
                "parent-name": "New York Independent System Operator",
                "value": "380",
                "value-units": "megawatthours"
            },
            {
                "period": "2024-12-13T15",
                "subba": "ZONI",
                "subba-name": "Dunwoodie",
                "parent": "NYIS",
                "parent-name": "New York Independent System Operator",
                "value": "737",
                "value-units": "megawatthours"
            },
            {
                "period": "2024-12-13T15",
                "subba": "ZONJ",
                "subba-name": "New York City",
                "parent": "NYIS",
                "parent-name": "New York Independent System Operator",
                "value": "6324",
                "value-units": "megawatthours"
            },
            {
                "period": "2024-12-13T15",
                "subba": "ZONK",
                "subba-name": "Long Island",
                "parent": "NYIS",
                "parent-name": "New York Independent System Operator",
                "value": "2256",
                "value-units": "megawatthours"
            },
            {
                "period": "2024-12-13T14",
                "subba": "ZONA",
                "subba-name": "West",
                "parent": "NYIS",
                "parent-name": "New York Independent System Operator",
                "value": "2021",
                "value-units": "megawatthours"
            },
            {
                "period": "2024-12-13T14",
                "subba": "ZONB",
                "subba-name": "Genesee",
                "parent": "NYIS",
                "parent-name": "New York Independent System Operator",
                "value": "1303",
                "value-units": "megawatthours"
            },
            {
                "period": "2024-12-13T14",
                "subba": "ZONC",
                "subba-name": "Central",
                "parent": "NYIS",
                "parent-name": "New York Independent System Operator",
                "value": "2145",
                "value-units": "megawatthours"
            },
            {
                "period": "2024-12-13T14",
                "subba": "ZOND",
                "subba-name": "North",
                "parent": "NYIS",
                "parent-name": "New York Independent System Operator",
                "value": "780",
                "value-units": "megawatthours"
            },
            {
                "period": "2024-12-13T14",
                "subba": "ZONE",
                "subba-name": "Mohawk Valley",
                "parent": "NYIS",
                "parent-name": "New York Independent System Operator",
                "value": "1091",
                "value-units": "megawatthours"
            },
            {
                "period": "2024-12-13T14",
                "subba": "ZONF",
                "subba-name": "Capital",
                "parent": "NYIS",
                "parent-name": "New York Independent System Operator",
                "value": "1553",
                "value-units": "megawatthours"
            },
            {
                "period": "2024-12-13T14",
                "subba": "ZONG",
                "subba-name": "Hudson Valley",
                "parent": "NYIS",
                "parent-name": "New York Independent System Operator",
                "value": "1235",
                "value-units": "megawatthours"
            },
            {
                "period": "2024-12-13T14",
                "subba": "ZONH",
                "subba-name": "Millwood",
                "parent": "NYIS",
                "parent-name": "New York Independent System Operator",
                "value": "394",
                "value-units": "megawatthours"
            },
            {
                "period": "2024-12-13T14",
                "subba": "ZONI",
                "subba-name": "Dunwoodie",
                "parent": "NYIS",
                "parent-name": "New York Independent System Operator",
                "value": "757",
                "value-units": "megawatthours"
            },
            {
                "period": "2024-12-13T14",
                "subba": "ZONJ",
                "subba-name": "New York City",
                "parent": "NYIS",
                "parent-name": "New York Independent System Operator",
                "value": "6192",
                "value-units": "megawatthours"
            },
            {
                "period": "2024-12-13T14",
                "subba": "ZONK",
                "subba-name": "Long Island",
                "parent": "NYIS",
                "parent-name": "New York Independent System Operator",
                "value": "2357",
                "value-units": "megawatthours"
            },
            {
                "period": "2024-12-13T13",
                "subba": "ZONA",
                "subba-name": "West",
                "parent": "NYIS",
                "parent-name": "New York Independent System Operator",
                "value": "1991",
                "value-units": "megawatthours"
            },
            {
                "period": "2024-12-13T13",
                "subba": "ZONB",
                "subba-name": "Genesee",
                "parent": "NYIS",
                "parent-name": "New York Independent System Operator",
                "value": "1323",
                "value-units": "megawatthours"
            },
            {
                "period": "2024-12-13T13",
                "subba": "ZONC",
                "subba-name": "Central",
                "parent": "NYIS",
                "parent-name": "New York Independent System Operator",
                "value": "2203",
                "value-units": "megawatthours"
            },
            {
                "period": "2024-12-13T13",
                "subba": "ZOND",
                "subba-name": "North",
                "parent": "NYIS",
                "parent-name": "New York Independent System Operator",
                "value": "774",
                "value-units": "megawatthours"
            },
            {
                "period": "2024-12-13T13",
                "subba": "ZONE",
                "subba-name": "Mohawk Valley",
                "parent": "NYIS",
                "parent-name": "New York Independent System Operator",
                "value": "1132",
                "value-units": "megawatthours"
            },
            {
                "period": "2024-12-13T13",
                "subba": "ZONF",
                "subba-name": "Capital",
                "parent": "NYIS",
                "parent-name": "New York Independent System Operator",
                "value": "1635",
                "value-units": "megawatthours"
            },
            {
                "period": "2024-12-13T13",
                "subba": "ZONG",
                "subba-name": "Hudson Valley",
                "parent": "NYIS",
                "parent-name": "New York Independent System Operator",
                "value": "1286",
                "value-units": "megawatthours"
            },
            {
                "period": "2024-12-13T13",
                "subba": "ZONH",
                "subba-name": "Millwood",
                "parent": "NYIS",
                "parent-name": "New York Independent System Operator",
                "value": "400",
                "value-units": "megawatthours"
            },
            {
                "period": "2024-12-13T13",
                "subba": "ZONI",
                "subba-name": "Dunwoodie",
                "parent": "NYIS",
                "parent-name": "New York Independent System Operator",
                "value": "745",
                "value-units": "megawatthours"
            },
            {
                "period": "2024-12-13T13",
                "subba": "ZONJ",
                "subba-name": "New York City",
                "parent": "NYIS",
                "parent-name": "New York Independent System Operator",
                "value": "5946",
                "value-units": "megawatthours"
            },
            {
                "period": "2024-12-13T13",
                "subba": "ZONK",
                "subba-name": "Long Island",
                "parent": "NYIS",
                "parent-name": "New York Independent System Operator",
                "value": "2384",
                "value-units": "megawatthours"
            },
            {
                "period": "2024-12-13T12",
                "subba": "ZONA",
                "subba-name": "West",
                "parent": "NYIS",
                "parent-name": "New York Independent System Operator",
                "value": "1900",
                "value-units": "megawatthours"
            },
            {
                "period": "2024-12-13T12",
                "subba": "ZONB",
                "subba-name": "Genesee",
                "parent": "NYIS",
                "parent-name": "New York Independent System Operator",
                "value": "1256",
                "value-units": "megawatthours"
            },
            {
                "period": "2024-12-13T12",
                "subba": "ZONC",
                "subba-name": "Central",
                "parent": "NYIS",
                "parent-name": "New York Independent System Operator",
                "value": "2098",
                "value-units": "megawatthours"
            },
            {
                "period": "2024-12-13T12",
                "subba": "ZOND",
                "subba-name": "North",
                "parent": "NYIS",
                "parent-name": "New York Independent System Operator",
                "value": "751",
                "value-units": "megawatthours"
            },
            {
                "period": "2024-12-13T12",
                "subba": "ZONE",
                "subba-name": "Mohawk Valley",
                "parent": "NYIS",
                "parent-name": "New York Independent System Operator",
                "value": "1090",
                "value-units": "megawatthours"
            },
            {
                "period": "2024-12-13T12",
                "subba": "ZONF",
                "subba-name": "Capital",
                "parent": "NYIS",
                "parent-name": "New York Independent System Operator",
                "value": "1556",
                "value-units": "megawatthours"
            },
            {
                "period": "2024-12-13T12",
                "subba": "ZONG",
                "subba-name": "Hudson Valley",
                "parent": "NYIS",
                "parent-name": "New York Independent System Operator",
                "value": "1218",
                "value-units": "megawatthours"
            },
            {
                "period": "2024-12-13T12",
                "subba": "ZONH",
                "subba-name": "Millwood",
                "parent": "NYIS",
                "parent-name": "New York Independent System Operator",
                "value": "374",
                "value-units": "megawatthours"
            },
            {
                "period": "2024-12-13T12",
                "subba": "ZONI",
                "subba-name": "Dunwoodie",
                "parent": "NYIS",
                "parent-name": "New York Independent System Operator",
                "value": "696",
                "value-units": "megawatthours"
            },
            {
                "period": "2024-12-13T12",
                "subba": "ZONJ",
                "subba-name": "New York City",
                "parent": "NYIS",
                "parent-name": "New York Independent System Operator",
                "value": "5488",
                "value-units": "megawatthours"
            },
            {
                "period": "2024-12-13T12",
                "subba": "ZONK",
                "subba-name": "Long Island",
                "parent": "NYIS",
                "parent-name": "New York Independent System Operator",
                "value": "2271",
                "value-units": "megawatthours"
            },
            {
                "period": "2024-12-13T11",
                "subba": "ZONA",
                "subba-name": "West",
                "parent": "NYIS",
                "parent-name": "New York Independent System Operator",
                "value": "1803",
                "value-units": "megawatthours"
            },
            {
                "period": "2024-12-13T11",
                "subba": "ZONB",
                "subba-name": "Genesee",
                "parent": "NYIS",
                "parent-name": "New York Independent System Operator",
                "value": "1154",
                "value-units": "megawatthours"
            },
            {
                "period": "2024-12-13T11",
                "subba": "ZONC",
                "subba-name": "Central",
                "parent": "NYIS",
                "parent-name": "New York Independent System Operator",
                "value": "1945",
                "value-units": "megawatthours"
            },
            {
                "period": "2024-12-13T11",
                "subba": "ZOND",
                "subba-name": "North",
                "parent": "NYIS",
                "parent-name": "New York Independent System Operator",
                "value": "728",
                "value-units": "megawatthours"
            },
            {
                "period": "2024-12-13T11",
                "subba": "ZONE",
                "subba-name": "Mohawk Valley",
                "parent": "NYIS",
                "parent-name": "New York Independent System Operator",
                "value": "1008",
                "value-units": "megawatthours"
            },
            {
                "period": "2024-12-13T11",
                "subba": "ZONF",
                "subba-name": "Capital",
                "parent": "NYIS",
                "parent-name": "New York Independent System Operator",
                "value": "1418",
                "value-units": "megawatthours"
            },
            {
                "period": "2024-12-13T11",
                "subba": "ZONG",
                "subba-name": "Hudson Valley",
                "parent": "NYIS",
                "parent-name": "New York Independent System Operator",
                "value": "1122",
                "value-units": "megawatthours"
            },
            {
                "period": "2024-12-13T11",
                "subba": "ZONH",
                "subba-name": "Millwood",
                "parent": "NYIS",
                "parent-name": "New York Independent System Operator",
                "value": "342",
                "value-units": "megawatthours"
            },
            {
                "period": "2024-12-13T11",
                "subba": "ZONI",
                "subba-name": "Dunwoodie",
                "parent": "NYIS",
                "parent-name": "New York Independent System Operator",
                "value": "631",
                "value-units": "megawatthours"
            },
            {
                "period": "2024-12-13T11",
                "subba": "ZONJ",
                "subba-name": "New York City",
                "parent": "NYIS",
                "parent-name": "New York Independent System Operator",
                "value": "5026",
                "value-units": "megawatthours"
            },
            {
                "period": "2024-12-13T11",
                "subba": "ZONK",
                "subba-name": "Long Island",
                "parent": "NYIS",
                "parent-name": "New York Independent System Operator",
                "value": "2090",
                "value-units": "megawatthours"
            },
            {
                "period": "2024-12-13T10",
                "subba": "ZONA",
                "subba-name": "West",
                "parent": "NYIS",
                "parent-name": "New York Independent System Operator",
                "value": "1754",
                "value-units": "megawatthours"
            },
            {
                "period": "2024-12-13T10",
                "subba": "ZONB",
                "subba-name": "Genesee",
                "parent": "NYIS",
                "parent-name": "New York Independent System Operator",
                "value": "1096",
                "value-units": "megawatthours"
            },
            {
                "period": "2024-12-13T10",
                "subba": "ZONC",
                "subba-name": "Central",
                "parent": "NYIS",
                "parent-name": "New York Independent System Operator",
                "value": "1875",
                "value-units": "megawatthours"
            },
            {
                "period": "2024-12-13T10",
                "subba": "ZOND",
                "subba-name": "North",
                "parent": "NYIS",
                "parent-name": "New York Independent System Operator",
                "value": "700",
                "value-units": "megawatthours"
            },
            {
                "period": "2024-12-13T10",
                "subba": "ZONE",
                "subba-name": "Mohawk Valley",
                "parent": "NYIS",
                "parent-name": "New York Independent System Operator",
                "value": "952",
                "value-units": "megawatthours"
            },
            {
                "period": "2024-12-13T10",
                "subba": "ZONF",
                "subba-name": "Capital",
                "parent": "NYIS",
                "parent-name": "New York Independent System Operator",
                "value": "1344",
                "value-units": "megawatthours"
            },
            {
                "period": "2024-12-13T10",
                "subba": "ZONG",
                "subba-name": "Hudson Valley",
                "parent": "NYIS",
                "parent-name": "New York Independent System Operator",
                "value": "1067",
                "value-units": "megawatthours"
            },
            {
                "period": "2024-12-13T10",
                "subba": "ZONH",
                "subba-name": "Millwood",
                "parent": "NYIS",
                "parent-name": "New York Independent System Operator",
                "value": "324",
                "value-units": "megawatthours"
            },
            {
                "period": "2024-12-13T10",
                "subba": "ZONI",
                "subba-name": "Dunwoodie",
                "parent": "NYIS",
                "parent-name": "New York Independent System Operator",
                "value": "601",
                "value-units": "megawatthours"
            },
            {
                "period": "2024-12-13T10",
                "subba": "ZONJ",
                "subba-name": "New York City",
                "parent": "NYIS",
                "parent-name": "New York Independent System Operator",
                "value": "4788",
                "value-units": "megawatthours"
            },
            {
                "period": "2024-12-13T10",
                "subba": "ZONK",
                "subba-name": "Long Island",
                "parent": "NYIS",
                "parent-name": "New York Independent System Operator",
                "value": "1970",
                "value-units": "megawatthours"
            },
            {
                "period": "2024-12-13T09",
                "subba": "ZONA",
                "subba-name": "West",
                "parent": "NYIS",
                "parent-name": "New York Independent System Operator",
                "value": "1744",
                "value-units": "megawatthours"
            },
            {
                "period": "2024-12-13T09",
                "subba": "ZONB",
                "subba-name": "Genesee",
                "parent": "NYIS",
                "parent-name": "New York Independent System Operator",
                "value": "1075",
                "value-units": "megawatthours"
            },
            {
                "period": "2024-12-13T09",
                "subba": "ZONC",
                "subba-name": "Central",
                "parent": "NYIS",
                "parent-name": "New York Independent System Operator",
                "value": "1832",
                "value-units": "megawatthours"
            },
            {
                "period": "2024-12-13T09",
                "subba": "ZOND",
                "subba-name": "North",
                "parent": "NYIS",
                "parent-name": "New York Independent System Operator",
                "value": "670",
                "value-units": "megawatthours"
            },
            {
                "period": "2024-12-13T09",
                "subba": "ZONE",
                "subba-name": "Mohawk Valley",
                "parent": "NYIS",
                "parent-name": "New York Independent System Operator",
                "value": "938",
                "value-units": "megawatthours"
            },
            {
                "period": "2024-12-13T09",
                "subba": "ZONF",
                "subba-name": "Capital",
                "parent": "NYIS",
                "parent-name": "New York Independent System Operator",
                "value": "1317",
                "value-units": "megawatthours"
            },
            {
                "period": "2024-12-13T09",
                "subba": "ZONG",
                "subba-name": "Hudson Valley",
                "parent": "NYIS",
                "parent-name": "New York Independent System Operator",
                "value": "1052",
                "value-units": "megawatthours"
            },
            {
                "period": "2024-12-13T09",
                "subba": "ZONH",
                "subba-name": "Millwood",
                "parent": "NYIS",
                "parent-name": "New York Independent System Operator",
                "value": "321",
                "value-units": "megawatthours"
            },
            {
                "period": "2024-12-13T09",
                "subba": "ZONI",
                "subba-name": "Dunwoodie",
                "parent": "NYIS",
                "parent-name": "New York Independent System Operator",
                "value": "596",
                "value-units": "megawatthours"
            },
            {
                "period": "2024-12-13T09",
                "subba": "ZONJ",
                "subba-name": "New York City",
                "parent": "NYIS",
                "parent-name": "New York Independent System Operator",
                "value": "4750",
                "value-units": "megawatthours"
            },
            {
                "period": "2024-12-13T09",
                "subba": "ZONK",
                "subba-name": "Long Island",
                "parent": "NYIS",
                "parent-name": "New York Independent System Operator",
                "value": "1943",
                "value-units": "megawatthours"
            },
            {
                "period": "2024-12-13T08",
                "subba": "ZONA",
                "subba-name": "West",
                "parent": "NYIS",
                "parent-name": "New York Independent System Operator",
                "value": "1761",
                "value-units": "megawatthours"
            },
            {
                "period": "2024-12-13T08",
                "subba": "ZONB",
                "subba-name": "Genesee",
                "parent": "NYIS",
                "parent-name": "New York Independent System Operator",
                "value": "1074",
                "value-units": "megawatthours"
            },
            {
                "period": "2024-12-13T08",
                "subba": "ZONC",
                "subba-name": "Central",
                "parent": "NYIS",
                "parent-name": "New York Independent System Operator",
                "value": "1817",
                "value-units": "megawatthours"
            },
            {
                "period": "2024-12-13T08",
                "subba": "ZOND",
                "subba-name": "North",
                "parent": "NYIS",
                "parent-name": "New York Independent System Operator",
                "value": "683",
                "value-units": "megawatthours"
            },
            {
                "period": "2024-12-13T08",
                "subba": "ZONE",
                "subba-name": "Mohawk Valley",
                "parent": "NYIS",
                "parent-name": "New York Independent System Operator",
                "value": "937",
                "value-units": "megawatthours"
            },
            {
                "period": "2024-12-13T08",
                "subba": "ZONF",
                "subba-name": "Capital",
                "parent": "NYIS",
                "parent-name": "New York Independent System Operator",
                "value": "1313",
                "value-units": "megawatthours"
            },
            {
                "period": "2024-12-13T08",
                "subba": "ZONG",
                "subba-name": "Hudson Valley",
                "parent": "NYIS",
                "parent-name": "New York Independent System Operator",
                "value": "1063",
                "value-units": "megawatthours"
            },
            {
                "period": "2024-12-13T08",
                "subba": "ZONH",
                "subba-name": "Millwood",
                "parent": "NYIS",
                "parent-name": "New York Independent System Operator",
                "value": "321",
                "value-units": "megawatthours"
            },
            {
                "period": "2024-12-13T08",
                "subba": "ZONI",
                "subba-name": "Dunwoodie",
                "parent": "NYIS",
                "parent-name": "New York Independent System Operator",
                "value": "607",
                "value-units": "megawatthours"
            },
            {
                "period": "2024-12-13T08",
                "subba": "ZONJ",
                "subba-name": "New York City",
                "parent": "NYIS",
                "parent-name": "New York Independent System Operator",
                "value": "4817",
                "value-units": "megawatthours"
            },
            {
                "period": "2024-12-13T08",
                "subba": "ZONK",
                "subba-name": "Long Island",
                "parent": "NYIS",
                "parent-name": "New York Independent System Operator",
                "value": "1964",
                "value-units": "megawatthours"
            },
            {
                "period": "2024-12-13T07",
                "subba": "ZONA",
                "subba-name": "West",
                "parent": "NYIS",
                "parent-name": "New York Independent System Operator",
                "value": "1791",
                "value-units": "megawatthours"
            },
            {
                "period": "2024-12-13T07",
                "subba": "ZONB",
                "subba-name": "Genesee",
                "parent": "NYIS",
                "parent-name": "New York Independent System Operator",
                "value": "1085",
                "value-units": "megawatthours"
            },
            {
                "period": "2024-12-13T07",
                "subba": "ZONC",
                "subba-name": "Central",
                "parent": "NYIS",
                "parent-name": "New York Independent System Operator",
                "value": "1860",
                "value-units": "megawatthours"
            },
            {
                "period": "2024-12-13T07",
                "subba": "ZOND",
                "subba-name": "North",
                "parent": "NYIS",
                "parent-name": "New York Independent System Operator",
                "value": "702",
                "value-units": "megawatthours"
            },
            {
                "period": "2024-12-13T07",
                "subba": "ZONE",
                "subba-name": "Mohawk Valley",
                "parent": "NYIS",
                "parent-name": "New York Independent System Operator",
                "value": "945",
                "value-units": "megawatthours"
            },
            {
                "period": "2024-12-13T07",
                "subba": "ZONF",
                "subba-name": "Capital",
                "parent": "NYIS",
                "parent-name": "New York Independent System Operator",
                "value": "1326",
                "value-units": "megawatthours"
            },
            {
                "period": "2024-12-13T07",
                "subba": "ZONG",
                "subba-name": "Hudson Valley",
                "parent": "NYIS",
                "parent-name": "New York Independent System Operator",
                "value": "1086",
                "value-units": "megawatthours"
            },
            {
                "period": "2024-12-13T07",
                "subba": "ZONH",
                "subba-name": "Millwood",
                "parent": "NYIS",
                "parent-name": "New York Independent System Operator",
                "value": "329",
                "value-units": "megawatthours"
            },
            {
                "period": "2024-12-13T07",
                "subba": "ZONI",
                "subba-name": "Dunwoodie",
                "parent": "NYIS",
                "parent-name": "New York Independent System Operator",
                "value": "624",
                "value-units": "megawatthours"
            },
            {
                "period": "2024-12-13T07",
                "subba": "ZONJ",
                "subba-name": "New York City",
                "parent": "NYIS",
                "parent-name": "New York Independent System Operator",
                "value": "4936",
                "value-units": "megawatthours"
            },
            {
                "period": "2024-12-13T07",
                "subba": "ZONK",
                "subba-name": "Long Island",
                "parent": "NYIS",
                "parent-name": "New York Independent System Operator",
                "value": "2016",
                "value-units": "megawatthours"
            },
            {
                "period": "2024-12-13T06",
                "subba": "ZONA",
                "subba-name": "West",
                "parent": "NYIS",
                "parent-name": "New York Independent System Operator",
                "value": "1804",
                "value-units": "megawatthours"
            },
            {
                "period": "2024-12-13T06",
                "subba": "ZONB",
                "subba-name": "Genesee",
                "parent": "NYIS",
                "parent-name": "New York Independent System Operator",
                "value": "1104",
                "value-units": "megawatthours"
            },
            {
                "period": "2024-12-13T06",
                "subba": "ZONC",
                "subba-name": "Central",
                "parent": "NYIS",
                "parent-name": "New York Independent System Operator",
                "value": "1891",
                "value-units": "megawatthours"
            },
            {
                "period": "2024-12-13T06",
                "subba": "ZOND",
                "subba-name": "North",
                "parent": "NYIS",
                "parent-name": "New York Independent System Operator",
                "value": "705",
                "value-units": "megawatthours"
            },
            {
                "period": "2024-12-13T06",
                "subba": "ZONE",
                "subba-name": "Mohawk Valley",
                "parent": "NYIS",
                "parent-name": "New York Independent System Operator",
                "value": "962",
                "value-units": "megawatthours"
            },
            {
                "period": "2024-12-13T06",
                "subba": "ZONF",
                "subba-name": "Capital",
                "parent": "NYIS",
                "parent-name": "New York Independent System Operator",
                "value": "1362",
                "value-units": "megawatthours"
            },
            {
                "period": "2024-12-13T06",
                "subba": "ZONG",
                "subba-name": "Hudson Valley",
                "parent": "NYIS",
                "parent-name": "New York Independent System Operator",
                "value": "1119",
                "value-units": "megawatthours"
            },
            {
                "period": "2024-12-13T06",
                "subba": "ZONH",
                "subba-name": "Millwood",
                "parent": "NYIS",
                "parent-name": "New York Independent System Operator",
                "value": "337",
                "value-units": "megawatthours"
            },
            {
                "period": "2024-12-13T06",
                "subba": "ZONI",
                "subba-name": "Dunwoodie",
                "parent": "NYIS",
                "parent-name": "New York Independent System Operator",
                "value": "641",
                "value-units": "megawatthours"
            },
            {
                "period": "2024-12-13T06",
                "subba": "ZONJ",
                "subba-name": "New York City",
                "parent": "NYIS",
                "parent-name": "New York Independent System Operator",
                "value": "5118",
                "value-units": "megawatthours"
            },
            {
                "period": "2024-12-13T06",
                "subba": "ZONK",
                "subba-name": "Long Island",
                "parent": "NYIS",
                "parent-name": "New York Independent System Operator",
                "value": "2107",
                "value-units": "megawatthours"
            },
            {
                "period": "2024-12-13T05",
                "subba": "ZONA",
                "subba-name": "West",
                "parent": "NYIS",
                "parent-name": "New York Independent System Operator",
                "value": "1829",
                "value-units": "megawatthours"
            },
            {
                "period": "2024-12-13T05",
                "subba": "ZONB",
                "subba-name": "Genesee",
                "parent": "NYIS",
                "parent-name": "New York Independent System Operator",
                "value": "1147",
                "value-units": "megawatthours"
            },
            {
                "period": "2024-12-13T05",
                "subba": "ZONC",
                "subba-name": "Central",
                "parent": "NYIS",
                "parent-name": "New York Independent System Operator",
                "value": "1942",
                "value-units": "megawatthours"
            },
            {
                "period": "2024-12-13T05",
                "subba": "ZOND",
                "subba-name": "North",
                "parent": "NYIS",
                "parent-name": "New York Independent System Operator",
                "value": "700",
                "value-units": "megawatthours"
            },
            {
                "period": "2024-12-13T05",
                "subba": "ZONE",
                "subba-name": "Mohawk Valley",
                "parent": "NYIS",
                "parent-name": "New York Independent System Operator",
                "value": "985",
                "value-units": "megawatthours"
            },
            {
                "period": "2024-12-13T05",
                "subba": "ZONF",
                "subba-name": "Capital",
                "parent": "NYIS",
                "parent-name": "New York Independent System Operator",
                "value": "1405",
                "value-units": "megawatthours"
            },
            {
                "period": "2024-12-13T05",
                "subba": "ZONG",
                "subba-name": "Hudson Valley",
                "parent": "NYIS",
                "parent-name": "New York Independent System Operator",
                "value": "1174",
                "value-units": "megawatthours"
            },
            {
                "period": "2024-12-13T05",
                "subba": "ZONH",
                "subba-name": "Millwood",
                "parent": "NYIS",
                "parent-name": "New York Independent System Operator",
                "value": "348",
                "value-units": "megawatthours"
            },
            {
                "period": "2024-12-13T05",
                "subba": "ZONI",
                "subba-name": "Dunwoodie",
                "parent": "NYIS",
                "parent-name": "New York Independent System Operator",
                "value": "661",
                "value-units": "megawatthours"
            },
            {
                "period": "2024-12-13T05",
                "subba": "ZONJ",
                "subba-name": "New York City",
                "parent": "NYIS",
                "parent-name": "New York Independent System Operator",
                "value": "5386",
                "value-units": "megawatthours"
            },
            {
                "period": "2024-12-13T05",
                "subba": "ZONK",
                "subba-name": "Long Island",
                "parent": "NYIS",
                "parent-name": "New York Independent System Operator",
                "value": "2235",
                "value-units": "megawatthours"
            },
            {
                "period": "2024-12-13T04",
                "subba": "ZONA",
                "subba-name": "West",
                "parent": "NYIS",
                "parent-name": "New York Independent System Operator",
                "value": "1903",
                "value-units": "megawatthours"
            },
            {
                "period": "2024-12-13T04",
                "subba": "ZONB",
                "subba-name": "Genesee",
                "parent": "NYIS",
                "parent-name": "New York Independent System Operator",
                "value": "1214",
                "value-units": "megawatthours"
            },
            {
                "period": "2024-12-13T04",
                "subba": "ZONC",
                "subba-name": "Central",
                "parent": "NYIS",
                "parent-name": "New York Independent System Operator",
                "value": "2023",
                "value-units": "megawatthours"
            },
            {
                "period": "2024-12-13T04",
                "subba": "ZOND",
                "subba-name": "North",
                "parent": "NYIS",
                "parent-name": "New York Independent System Operator",
                "value": "703",
                "value-units": "megawatthours"
            },
            {
                "period": "2024-12-13T04",
                "subba": "ZONE",
                "subba-name": "Mohawk Valley",
                "parent": "NYIS",
                "parent-name": "New York Independent System Operator",
                "value": "1036",
                "value-units": "megawatthours"
            },
            {
                "period": "2024-12-13T04",
                "subba": "ZONF",
                "subba-name": "Capital",
                "parent": "NYIS",
                "parent-name": "New York Independent System Operator",
                "value": "1482",
                "value-units": "megawatthours"
            },
            {
                "period": "2024-12-13T04",
                "subba": "ZONG",
                "subba-name": "Hudson Valley",
                "parent": "NYIS",
                "parent-name": "New York Independent System Operator",
                "value": "1247",
                "value-units": "megawatthours"
            },
            {
                "period": "2024-12-13T04",
                "subba": "ZONH",
                "subba-name": "Millwood",
                "parent": "NYIS",
                "parent-name": "New York Independent System Operator",
                "value": "375",
                "value-units": "megawatthours"
            },
            {
                "period": "2024-12-13T04",
                "subba": "ZONI",
                "subba-name": "Dunwoodie",
                "parent": "NYIS",
                "parent-name": "New York Independent System Operator",
                "value": "714",
                "value-units": "megawatthours"
            },
            {
                "period": "2024-12-13T04",
                "subba": "ZONJ",
                "subba-name": "New York City",
                "parent": "NYIS",
                "parent-name": "New York Independent System Operator",
                "value": "5712",
                "value-units": "megawatthours"
            },
            {
                "period": "2024-12-13T04",
                "subba": "ZONK",
                "subba-name": "Long Island",
                "parent": "NYIS",
                "parent-name": "New York Independent System Operator",
                "value": "2402",
                "value-units": "megawatthours"
            },
            {
                "period": "2024-12-13T03",
                "subba": "ZONA",
                "subba-name": "West",
                "parent": "NYIS",
                "parent-name": "New York Independent System Operator",
                "value": "2001",
                "value-units": "megawatthours"
            },
            {
                "period": "2024-12-13T03",
                "subba": "ZONB",
                "subba-name": "Genesee",
                "parent": "NYIS",
                "parent-name": "New York Independent System Operator",
                "value": "1300",
                "value-units": "megawatthours"
            },
            {
                "period": "2024-12-13T03",
                "subba": "ZONC",
                "subba-name": "Central",
                "parent": "NYIS",
                "parent-name": "New York Independent System Operator",
                "value": "2137",
                "value-units": "megawatthours"
            },
            {
                "period": "2024-12-13T03",
                "subba": "ZOND",
                "subba-name": "North",
                "parent": "NYIS",
                "parent-name": "New York Independent System Operator",
                "value": "712",
                "value-units": "megawatthours"
            },
            {
                "period": "2024-12-13T03",
                "subba": "ZONE",
                "subba-name": "Mohawk Valley",
                "parent": "NYIS",
                "parent-name": "New York Independent System Operator",
                "value": "1091",
                "value-units": "megawatthours"
            },
            {
                "period": "2024-12-13T03",
                "subba": "ZONF",
                "subba-name": "Capital",
                "parent": "NYIS",
                "parent-name": "New York Independent System Operator",
                "value": "1574",
                "value-units": "megawatthours"
            },
            {
                "period": "2024-12-13T03",
                "subba": "ZONG",
                "subba-name": "Hudson Valley",
                "parent": "NYIS",
                "parent-name": "New York Independent System Operator",
                "value": "1318",
                "value-units": "megawatthours"
            },
            {
                "period": "2024-12-13T03",
                "subba": "ZONH",
                "subba-name": "Millwood",
                "parent": "NYIS",
                "parent-name": "New York Independent System Operator",
                "value": "408",
                "value-units": "megawatthours"
            },
            {
                "period": "2024-12-13T03",
                "subba": "ZONI",
                "subba-name": "Dunwoodie",
                "parent": "NYIS",
                "parent-name": "New York Independent System Operator",
                "value": "758",
                "value-units": "megawatthours"
            },
            {
                "period": "2024-12-13T03",
                "subba": "ZONJ",
                "subba-name": "New York City",
                "parent": "NYIS",
                "parent-name": "New York Independent System Operator",
                "value": "5988",
                "value-units": "megawatthours"
            },
            {
                "period": "2024-12-13T03",
                "subba": "ZONK",
                "subba-name": "Long Island",
                "parent": "NYIS",
                "parent-name": "New York Independent System Operator",
                "value": "2564",
                "value-units": "megawatthours"
            },
            {
                "period": "2024-12-13T02",
                "subba": "ZONA",
                "subba-name": "West",
                "parent": "NYIS",
                "parent-name": "New York Independent System Operator",
                "value": "2058",
                "value-units": "megawatthours"
            },
            {
                "period": "2024-12-13T02",
                "subba": "ZONB",
                "subba-name": "Genesee",
                "parent": "NYIS",
                "parent-name": "New York Independent System Operator",
                "value": "1352",
                "value-units": "megawatthours"
            },
            {
                "period": "2024-12-13T02",
                "subba": "ZONC",
                "subba-name": "Central",
                "parent": "NYIS",
                "parent-name": "New York Independent System Operator",
                "value": "2211",
                "value-units": "megawatthours"
            },
            {
                "period": "2024-12-13T02",
                "subba": "ZOND",
                "subba-name": "North",
                "parent": "NYIS",
                "parent-name": "New York Independent System Operator",
                "value": "729",
                "value-units": "megawatthours"
            },
            {
                "period": "2024-12-13T02",
                "subba": "ZONE",
                "subba-name": "Mohawk Valley",
                "parent": "NYIS",
                "parent-name": "New York Independent System Operator",
                "value": "1139",
                "value-units": "megawatthours"
            },
            {
                "period": "2024-12-13T02",
                "subba": "ZONF",
                "subba-name": "Capital",
                "parent": "NYIS",
                "parent-name": "New York Independent System Operator",
                "value": "1658",
                "value-units": "megawatthours"
            },
            {
                "period": "2024-12-13T02",
                "subba": "ZONG",
                "subba-name": "Hudson Valley",
                "parent": "NYIS",
                "parent-name": "New York Independent System Operator",
                "value": "1368",
                "value-units": "megawatthours"
            },
            {
                "period": "2024-12-13T02",
                "subba": "ZONH",
                "subba-name": "Millwood",
                "parent": "NYIS",
                "parent-name": "New York Independent System Operator",
                "value": "424",
                "value-units": "megawatthours"
            },
            {
                "period": "2024-12-13T02",
                "subba": "ZONI",
                "subba-name": "Dunwoodie",
                "parent": "NYIS",
                "parent-name": "New York Independent System Operator",
                "value": "790",
                "value-units": "megawatthours"
            },
            {
                "period": "2024-12-13T02",
                "subba": "ZONJ",
                "subba-name": "New York City",
                "parent": "NYIS",
                "parent-name": "New York Independent System Operator",
                "value": "6179",
                "value-units": "megawatthours"
            },
            {
                "period": "2024-12-13T02",
                "subba": "ZONK",
                "subba-name": "Long Island",
                "parent": "NYIS",
                "parent-name": "New York Independent System Operator",
                "value": "2680",
                "value-units": "megawatthours"
            },
            {
                "period": "2024-12-13T01",
                "subba": "ZONA",
                "subba-name": "West",
                "parent": "NYIS",
                "parent-name": "New York Independent System Operator",
                "value": "2095",
                "value-units": "megawatthours"
            },
            {
                "period": "2024-12-13T01",
                "subba": "ZONB",
                "subba-name": "Genesee",
                "parent": "NYIS",
                "parent-name": "New York Independent System Operator",
                "value": "1387",
                "value-units": "megawatthours"
            },
            {
                "period": "2024-12-13T01",
                "subba": "ZONC",
                "subba-name": "Central",
                "parent": "NYIS",
                "parent-name": "New York Independent System Operator",
                "value": "2248",
                "value-units": "megawatthours"
            },
            {
                "period": "2024-12-13T01",
                "subba": "ZOND",
                "subba-name": "North",
                "parent": "NYIS",
                "parent-name": "New York Independent System Operator",
                "value": "740",
                "value-units": "megawatthours"
            },
            {
                "period": "2024-12-13T01",
                "subba": "ZONE",
                "subba-name": "Mohawk Valley",
                "parent": "NYIS",
                "parent-name": "New York Independent System Operator",
                "value": "1168",
                "value-units": "megawatthours"
            },
            {
                "period": "2024-12-13T01",
                "subba": "ZONF",
                "subba-name": "Capital",
                "parent": "NYIS",
                "parent-name": "New York Independent System Operator",
                "value": "1692",
                "value-units": "megawatthours"
            },
            {
                "period": "2024-12-13T01",
                "subba": "ZONG",
                "subba-name": "Hudson Valley",
                "parent": "NYIS",
                "parent-name": "New York Independent System Operator",
                "value": "1389",
                "value-units": "megawatthours"
            },
            {
                "period": "2024-12-13T01",
                "subba": "ZONH",
                "subba-name": "Millwood",
                "parent": "NYIS",
                "parent-name": "New York Independent System Operator",
                "value": "432",
                "value-units": "megawatthours"
            },
            {
                "period": "2024-12-13T01",
                "subba": "ZONI",
                "subba-name": "Dunwoodie",
                "parent": "NYIS",
                "parent-name": "New York Independent System Operator",
                "value": "809",
                "value-units": "megawatthours"
            },
            {
                "period": "2024-12-13T01",
                "subba": "ZONJ",
                "subba-name": "New York City",
                "parent": "NYIS",
                "parent-name": "New York Independent System Operator",
                "value": "6343",
                "value-units": "megawatthours"
            },
            {
                "period": "2024-12-13T01",
                "subba": "ZONK",
                "subba-name": "Long Island",
                "parent": "NYIS",
                "parent-name": "New York Independent System Operator",
                "value": "2741",
                "value-units": "megawatthours"
            },
            {
                "period": "2024-12-13T00",
                "subba": "ZONA",
                "subba-name": "West",
                "parent": "NYIS",
                "parent-name": "New York Independent System Operator",
                "value": "2118",
                "value-units": "megawatthours"
            },
            {
                "period": "2024-12-13T00",
                "subba": "ZONB",
                "subba-name": "Genesee",
                "parent": "NYIS",
                "parent-name": "New York Independent System Operator",
                "value": "1409",
                "value-units": "megawatthours"
            },
            {
                "period": "2024-12-13T00",
                "subba": "ZONC",
                "subba-name": "Central",
                "parent": "NYIS",
                "parent-name": "New York Independent System Operator",
                "value": "2258",
                "value-units": "megawatthours"
            },
            {
                "period": "2024-12-13T00",
                "subba": "ZOND",
                "subba-name": "North",
                "parent": "NYIS",
                "parent-name": "New York Independent System Operator",
                "value": "772",
                "value-units": "megawatthours"
            },
            {
                "period": "2024-12-13T00",
                "subba": "ZONE",
                "subba-name": "Mohawk Valley",
                "parent": "NYIS",
                "parent-name": "New York Independent System Operator",
                "value": "1195",
                "value-units": "megawatthours"
            },
            {
                "period": "2024-12-13T00",
                "subba": "ZONF",
                "subba-name": "Capital",
                "parent": "NYIS",
                "parent-name": "New York Independent System Operator",
                "value": "1733",
                "value-units": "megawatthours"
            },
            {
                "period": "2024-12-13T00",
                "subba": "ZONG",
                "subba-name": "Hudson Valley",
                "parent": "NYIS",
                "parent-name": "New York Independent System Operator",
                "value": "1412",
                "value-units": "megawatthours"
            },
            {
                "period": "2024-12-13T00",
                "subba": "ZONH",
                "subba-name": "Millwood",
                "parent": "NYIS",
                "parent-name": "New York Independent System Operator",
                "value": "430",
                "value-units": "megawatthours"
            },
            {
                "period": "2024-12-13T00",
                "subba": "ZONI",
                "subba-name": "Dunwoodie",
                "parent": "NYIS",
                "parent-name": "New York Independent System Operator",
                "value": "821",
                "value-units": "megawatthours"
            },
            {
                "period": "2024-12-13T00",
                "subba": "ZONJ",
                "subba-name": "New York City",
                "parent": "NYIS",
                "parent-name": "New York Independent System Operator",
                "value": "6452",
                "value-units": "megawatthours"
            },
            {
                "period": "2024-12-13T00",
                "subba": "ZONK",
                "subba-name": "Long Island",
                "parent": "NYIS",
                "parent-name": "New York Independent System Operator",
                "value": "2776",
                "value-units": "megawatthours"
            }
        ],
        "description": "Hourly demand by balancing authority subregion.  \n    Source: Form EIA-930\n    Product: Hourly Electric Grid Monitor"
    },
    "request": {
        "command": "/v2/electricity/rto/region-sub-ba-data/data/",
        "params": {
            "frequency": "hourly",
            "data": [
                "value"
            ],
            "sort": [
                {
                    "column": "period",
                    "direction": "desc"
                }
            ],
            "facets": {
                "parent": [
                    "NYIS"
                ]
            },
            "offset": "0",
            "length": "5000",
            "start": "2024-12-13",
            "end": "2024-12-14",
            "api_key": "dqRq8VpXSoyUrCbrPhuYFxGl6Rul9kmVcRshZ98c"
        }
    },
    "apiVersion": "2.1.8",
    "ExcelAddInVersion": "2.1.0"
}