{
    "response": {
        "total": "275",
        "dateFormat": "YYYY-MM-DD\"T\"HH24",
        "frequency": "hourly",
        "data": [
            {
                "period": "2023-09-06T00",
                "subba": "ZONA",
                "subba-name": "West - NYIS",
                "parent": "NYIS",
                "parent-name": "New York Independent System Operator",
                "value": "2331",
                "value-units": "megawatthours"
            },
            {
                "period": "2023-09-06T00",
                "subba": "ZONB",
                "subba-name": "Genesee - NYIS",
                "parent": "NYIS",
                "parent-name": "New York Independent System Operator",
                "value": "1777",
                "value-units": "megawatthours"
            },
            {
                "period": "2023-09-06T00",
                "subba": "ZONC",
                "subba-name": "Central - NYIS",
                "parent": "NYIS",
                "parent-name": "New York Independent System Operator",
                "value": "2655",
                "value-units": "megawatthours"
            },
            {
                "period": "2023-09-06T00",
                "subba": "ZOND",
                "subba-name": "North - NYIS",
                "parent": "NYIS",
                "parent-name": "New York Independent System Operator",
                "value": "690",
                "value-units": "megawatthours"
            },
            {
                "period": "2023-09-06T00",
                "subba": "ZONE",
                "subba-name": "Mohawk Valley - NYIS",
                "parent": "NYIS",
                "parent-name": "New York Independent System Operator",
                "value": "1220",
                "value-units": "megawatthours"
            },
            {
                "period": "2023-09-06T00",
                "subba": "ZONF",
                "subba-name": "Capital - NYIS",
                "parent": "NYIS",
                "parent-name": "New York Independent System Operator",
                "value": "2167",
                "value-units": "megawatthours"
            },
            {
                "period": "2023-09-06T00",
                "subba": "ZONG",
                "subba-name": "Hudson Valley - NYIS",
                "parent": "NYIS",
                "parent-name": "New York Independent System Operator",
                "value": "1912",
                "value-units": "megawatthours"
            },
            {
                "period": "2023-09-06T00",
                "subba": "ZONH",
                "subba-name": "Millwood - NYIS",
                "parent": "NYIS",
                "parent-name": "New York Independent System Operator",
                "value": "581",
                "value-units": "megawatthours"
            },
            {
                "period": "2023-09-06T00",
                "subba": "ZONI",
                "subba-name": "Dunwoodie - NYIS",
                "parent": "NYIS",
                "parent-name": "New York Independent System Operator",
                "value": "1143",
                "value-units": "megawatthours"
            },
            {
                "period": "2023-09-06T00",
                "subba": "ZONJ",
                "subba-name": "New York City - NYIS",
                "parent": "NYIS",
                "parent-name": "New York Independent System Operator",
                "value": "9367",
                "value-units": "megawatthours"
            },
            {
                "period": "2023-09-06T00",
                "subba": "ZONK",
                "subba-name": "Long Island - NYIS",
                "parent": "NYIS",
                "parent-name": "New York Independent System Operator",
                "value": "4572",
                "value-units": "megawatthours"
            },
            {
                "period": "2023-09-05T23",
                "subba": "ZONA",
                "subba-name": "West - NYIS",
                "parent": "NYIS",
                "parent-name": "New York Independent System Operator",
                "value": "2405",
                "value-units": "megawatthours"
            },
            {
                "period": "2023-09-05T23",
                "subba": "ZONB",
                "subba-name": "Genesee - NYIS",
                "parent": "NYIS",
                "parent-name": "New York Independent System Operator",
                "value": "1782",
                "value-units": "megawatthours"
            },
            {
                "period": "2023-09-05T23",
                "subba": "ZONC",
                "subba-name": "Central - NYIS",
                "parent": "NYIS",
                "parent-name": "New York Independent System Operator",
                "value": "2658",
                "value-units": "megawatthours"
            },
            {
                "period": "2023-09-05T23",
                "subba": "ZOND",
                "subba-name": "North - NYIS",
                "parent": "NYIS",
                "parent-name": "New York Independent System Operator",
                "value": "690",
                "value-units": "megawatthours"
            },
            {
                "period": "2023-09-05T23",
                "subba": "ZONE",
                "subba-name": "Mohawk Valley - NYIS",
                "parent": "NYIS",
                "parent-name": "New York Independent System Operator",
                "value": "1203",
                "value-units": "megawatthours"
            },
            {
                "period": "2023-09-05T23",
                "subba": "ZONF",
                "subba-name": "Capital - NYIS",
                "parent": "NYIS",
                "parent-name": "New York Independent System Operator",
                "value": "2182",
                "value-units": "megawatthours"
            },
            {
                "period": "2023-09-05T23",
                "subba": "ZONG",
                "subba-name": "Hudson Valley - NYIS",
                "parent": "NYIS",
                "parent-name": "New York Independent System Operator",
                "value": "1942",
                "value-units": "megawatthours"
            },
            {
                "period": "2023-09-05T23",
                "subba": "ZONH",
                "subba-name": "Millwood - NYIS",
                "parent": "NYIS",
                "parent-name": "New York Independent System Operator",
                "value": "600",
                "value-units": "megawatthours"
            },
            {
                "period": "2023-09-05T23",
                "subba": "ZONI",
                "subba-name": "Dunwoodie - NYIS",
                "parent": "NYIS",
                "parent-name": "New York Independent System Operator",
                "value": "1171",
                "value-units": "megawatthours"
            },
            {
                "period": "2023-09-05T23",
                "subba": "ZONJ",
                "subba-name": "New York City - NYIS",
                "parent": "NYIS",
                "parent-name": "New York Independent System Operator",
                "value": "9531",
                "value-units": "megawatthours"
            },
            {
                "period": "2023-09-05T23",
                "subba": "ZONK",
                "subba-name": "Long Island - NYIS",
                "parent": "NYIS",
                "parent-name": "New York Independent System Operator",
                "value": "4762",
                "value-units": "megawatthours"
            },
            {
                "period": "2023-09-05T22",
                "subba": "ZONA",
                "subba-name": "West - NYIS",
                "parent": "NYIS",
                "parent-name": "New York Independent System Operator",
                "value": "2430",
                "value-units": "megawatthours"
            },
            {
                "period": "2023-09-05T22",
                "subba": "ZONB",
                "subba-name": "Genesee - NYIS",
                "parent": "NYIS",
                "parent-name": "New York Independent System Operator",
                "value": "1726",
                "value-units": "megawatthours"
            },
            {
                "period": "2023-09-05T22",
                "subba": "ZONC",
                "subba-name": "Central - NYIS",
                "parent": "NYIS",
                "parent-name": "New York Independent System Operator",
                "value": "2537",
                "value-units": "megawatthours"
            },
            {
                "period": "2023-09-05T22",
                "subba": "ZOND",
                "subba-name": "North - NYIS",
                "parent": "NYIS",
                "parent-name": "New York Independent System Operator",
                "value": "684",
                "value-units": "megawatthours"
            },
            {
                "period": "2023-09-05T22",
                "subba": "ZONE",
                "subba-name": "Mohawk Valley - NYIS",
                "parent": "NYIS",
                "parent-name": "New York Independent System Operator",
                "value": "1127",
                "value-units": "megawatthours"
            },
            {
                "period": "2023-09-05T22",
                "subba": "ZONF",
                "subba-name": "Capital - NYIS",
                "parent": "NYIS",
                "parent-name": "New York Independent System Operator",
                "value": "2141",
                "value-units": "megawatthours"
            },
            {
                "period": "2023-09-05T22",
                "subba": "ZONG",
                "subba-name": "Hudson Valley - NYIS",
                "parent": "NYIS",
                "parent-name": "New York Independent System Operator",
                "value": "1953",
                "value-units": "megawatthours"
            },
            {
                "period": "2023-09-05T22",
                "subba": "ZONH",
                "subba-name": "Millwood - NYIS",
                "parent": "NYIS",
                "parent-name": "New York Independent System Operator",
                "value": "623",
                "value-units": "megawatthours"
            },
            {
                "period": "2023-09-05T22",
                "subba": "ZONI",
                "subba-name": "Dunwoodie - NYIS",
                "parent": "NYIS",
                "parent-name": "New York Independent System Operator",
                "value": "1204",
                "value-units": "megawatthours"
            },
            {
                "period": "2023-09-05T22",
                "subba": "ZONJ",
                "subba-name": "New York City - NYIS",
                "parent": "NYIS",
                "parent-name": "New York Independent System Operator",
                "value": "9835",
                "value-units": "megawatthours"
            },
            {
                "period": "2023-09-05T22",
                "subba": "ZONK",
                "subba-name": "Long Island - NYIS",
                "parent": "NYIS",
                "parent-name": "New York Independent System Operator",
                "value": "4875",
                "value-units": "megawatthours"
            },
            {
                "period": "2023-09-05T21",
                "subba": "ZONA",
                "subba-name": "West - NYIS",
                "parent": "NYIS",
                "parent-name": "New York Independent System Operator",
                "value": "2421",
                "value-units": "megawatthours"
            },
            {
                "period": "2023-09-05T21",
                "subba": "ZONB",
                "subba-name": "Genesee - NYIS",
                "parent": "NYIS",
                "parent-name": "New York Independent System Operator",
                "value": "1689",
                "value-units": "megawatthours"
            },
            {
                "period": "2023-09-05T21",
                "subba": "ZONC",
                "subba-name": "Central - NYIS",
                "parent": "NYIS",
                "parent-name": "New York Independent System Operator",
                "value": "2446",
                "value-units": "megawatthours"
            },
            {
                "period": "2023-09-05T21",
                "subba": "ZOND",
                "subba-name": "North - NYIS",
                "parent": "NYIS",
                "parent-name": "New York Independent System Operator",
                "value": "678",
                "value-units": "megawatthours"
            },
            {
                "period": "2023-09-05T21",
                "subba": "ZONE",
                "subba-name": "Mohawk Valley - NYIS",
                "parent": "NYIS",
                "parent-name": "New York Independent System Operator",
                "value": "1071",
                "value-units": "megawatthours"
            },
            {
                "period": "2023-09-05T21",
                "subba": "ZONF",
                "subba-name": "Capital - NYIS",
                "parent": "NYIS",
                "parent-name": "New York Independent System Operator",
                "value": "2049",
                "value-units": "megawatthours"
            },
            {
                "period": "2023-09-05T21",
                "subba": "ZONG",
                "subba-name": "Hudson Valley - NYIS",
                "parent": "NYIS",
                "parent-name": "New York Independent System Operator",
                "value": "1911",
                "value-units": "megawatthours"
            },
            {
                "period": "2023-09-05T21",
                "subba": "ZONH",
                "subba-name": "Millwood - NYIS",
                "parent": "NYIS",
                "parent-name": "New York Independent System Operator",
                "value": "622",
                "value-units": "megawatthours"
            },
            {
                "period": "2023-09-05T21",
                "subba": "ZONI",
                "subba-name": "Dunwoodie - NYIS",
                "parent": "NYIS",
                "parent-name": "New York Independent System Operator",
                "value": "1199",
                "value-units": "megawatthours"
            },
            {
                "period": "2023-09-05T21",
                "subba": "ZONJ",
                "subba-name": "New York City - NYIS",
                "parent": "NYIS",
                "parent-name": "New York Independent System Operator",
                "value": "9898",
                "value-units": "megawatthours"
            },
            {
                "period": "2023-09-05T21",
                "subba": "ZONK",
                "subba-name": "Long Island - NYIS",
                "parent": "NYIS",
                "parent-name": "New York Independent System Operator",
                "value": "4827",
                "value-units": "megawatthours"
            },
            {
                "period": "2023-09-05T20",
                "subba": "ZONA",
                "subba-name": "West - NYIS",
                "parent": "NYIS",
                "parent-name": "New York Independent System Operator",
                "value": "2447",
                "value-units": "megawatthours"
            },
            {
                "period": "2023-09-05T20",
                "subba": "ZONB",
                "subba-name": "Genesee - NYIS",
                "parent": "NYIS",
                "parent-name": "New York Independent System Operator",
                "value": "1672",
                "value-units": "megawatthours"
            },
            {
                "period": "2023-09-05T20",
                "subba": "ZONC",
                "subba-name": "Central - NYIS",
                "parent": "NYIS",
                "parent-name": "New York Independent System Operator",
                "value": "2408",
                "value-units": "megawatthours"
            },
            {
                "period": "2023-09-05T20",
                "subba": "ZOND",
                "subba-name": "North - NYIS",
                "parent": "NYIS",
                "parent-name": "New York Independent System Operator",
                "value": "671",
                "value-units": "megawatthours"
            },
            {
                "period": "2023-09-05T20",
                "subba": "ZONE",
                "subba-name": "Mohawk Valley - NYIS",
                "parent": "NYIS",
                "parent-name": "New York Independent System Operator",
                "value": "1026",
                "value-units": "megawatthours"
            },
            {
                "period": "2023-09-05T20",
                "subba": "ZONF",
                "subba-name": "Capital - NYIS",
                "parent": "NYIS",
                "parent-name": "New York Independent System Operator",
                "value": "1996",
                "value-units": "megawatthours"
            },
            {
                "period": "2023-09-05T20",
                "subba": "ZONG",
                "subba-name": "Hudson Valley - NYIS",
                "parent": "NYIS",
                "parent-name": "New York Independent System Operator",
                "value": "1831",
                "value-units": "megawatthours"
            },
            {
                "period": "2023-09-05T20",
                "subba": "ZONH",
                "subba-name": "Millwood - NYIS",
                "parent": "NYIS",
                "parent-name": "New York Independent System Operator",
                "value": "604",
                "value-units": "megawatthours"
            },
            {
                "period": "2023-09-05T20",
                "subba": "ZONI",
                "subba-name": "Dunwoodie - NYIS",
                "parent": "NYIS",
                "parent-name": "New York Independent System Operator",
                "value": "1182",
                "value-units": "megawatthours"
            },
            {
                "period": "2023-09-05T20",
                "subba": "ZONJ",
                "subba-name": "New York City - NYIS",
                "parent": "NYIS",
                "parent-name": "New York Independent System Operator",
                "value": "9877",
                "value-units": "megawatthours"
            },
            {
                "period": "2023-09-05T20",
                "subba": "ZONK",
                "subba-name": "Long Island - NYIS",
                "parent": "NYIS",
                "parent-name": "New York Independent System Operator",
                "value": "4713",
                "value-units": "megawatthours"
            },
            {
                "period": "2023-09-05T19",
                "subba": "ZONA",
                "subba-name": "West - NYIS",
                "parent": "NYIS",
                "parent-name": "New York Independent System Operator",
                "value": "2463",
                "value-units": "megawatthours"
            },
            {
                "period": "2023-09-05T19",
                "subba": "ZONB",
                "subba-name": "Genesee - NYIS",
                "parent": "NYIS",
                "parent-name": "New York Independent System Operator",
                "value": "1653",
                "value-units": "megawatthours"
            },
            {
                "period": "2023-09-05T19",
                "subba": "ZONC",
                "subba-name": "Central - NYIS",
                "parent": "NYIS",
                "parent-name": "New York Independent System Operator",
                "value": "2358",
                "value-units": "megawatthours"
            },
            {
                "period": "2023-09-05T19",
                "subba": "ZOND",
                "subba-name": "North - NYIS",
                "parent": "NYIS",
                "parent-name": "New York Independent System Operator",
                "value": "670",
                "value-units": "megawatthours"
            },
            {
                "period": "2023-09-05T19",
                "subba": "ZONE",
                "subba-name": "Mohawk Valley - NYIS",
                "parent": "NYIS",
                "parent-name": "New York Independent System Operator",
                "value": "997",
                "value-units": "megawatthours"
            },
            {
                "period": "2023-09-05T19",
                "subba": "ZONF",
                "subba-name": "Capital - NYIS",
                "parent": "NYIS",
                "parent-name": "New York Independent System Operator",
                "value": "1931",
                "value-units": "megawatthours"
            },
            {
                "period": "2023-09-05T19",
                "subba": "ZONG",
                "subba-name": "Hudson Valley - NYIS",
                "parent": "NYIS",
                "parent-name": "New York Independent System Operator",
                "value": "1732",
                "value-units": "megawatthours"
            },
            {
                "period": "2023-09-05T19",
                "subba": "ZONH",
                "subba-name": "Millwood - NYIS",
                "parent": "NYIS",
                "parent-name": "New York Independent System Operator",
                "value": "582",
                "value-units": "megawatthours"
            },
            {
                "period": "2023-09-05T19",
                "subba": "ZONI",
                "subba-name": "Dunwoodie - NYIS",
                "parent": "NYIS",
                "parent-name": "New York Independent System Operator",
                "value": "1146",
                "value-units": "megawatthours"
            },
            {
                "period": "2023-09-05T19",
                "subba": "ZONJ",
                "subba-name": "New York City - NYIS",
                "parent": "NYIS",
                "parent-name": "New York Independent System Operator",
                "value": "9794",
                "value-units": "megawatthours"
            },
            {
                "period": "2023-09-05T19",
                "subba": "ZONK",
                "subba-name": "Long Island - NYIS",
                "parent": "NYIS",
                "parent-name": "New York Independent System Operator",
                "value": "4561",
                "value-units": "megawatthours"
            },
            {
                "period": "2023-09-05T18",
                "subba": "ZONA",
                "subba-name": "West - NYIS",
                "parent": "NYIS",
                "parent-name": "New York Independent System Operator",
                "value": "2427",
                "value-units": "megawatthours"
            },
            {
                "period": "2023-09-05T18",
                "subba": "ZONB",
                "subba-name": "Genesee - NYIS",
                "parent": "NYIS",
                "parent-name": "New York Independent System Operator",
                "value": "1637",
                "value-units": "megawatthours"
            },
            {
                "period": "2023-09-05T18",
                "subba": "ZONC",
                "subba-name": "Central - NYIS",
                "parent": "NYIS",
                "parent-name": "New York Independent System Operator",
                "value": "2324",
                "value-units": "megawatthours"
            },
            {
                "period": "2023-09-05T18",
                "subba": "ZOND",
                "subba-name": "North - NYIS",
                "parent": "NYIS",
                "parent-name": "New York Independent System Operator",
                "value": "666",
                "value-units": "megawatthours"
            },
            {
                "period": "2023-09-05T18",
                "subba": "ZONE",
                "subba-name": "Mohawk Valley - NYIS",
                "parent": "NYIS",
                "parent-name": "New York Independent System Operator",
                "value": "958",
                "value-units": "megawatthours"
            },
            {
                "period": "2023-09-05T18",
                "subba": "ZONF",
                "subba-name": "Capital - NYIS",
                "parent": "NYIS",
                "parent-name": "New York Independent System Operator",
                "value": "1873",
                "value-units": "megawatthours"
            },
            {
                "period": "2023-09-05T18",
                "subba": "ZONG",
                "subba-name": "Hudson Valley - NYIS",
                "parent": "NYIS",
                "parent-name": "New York Independent System Operator",
                "value": "1640",
                "value-units": "megawatthours"
            },
            {
                "period": "2023-09-05T18",
                "subba": "ZONH",
                "subba-name": "Millwood - NYIS",
                "parent": "NYIS",
                "parent-name": "New York Independent System Operator",
                "value": "548",
                "value-units": "megawatthours"
            },
            {
                "period": "2023-09-05T18",
                "subba": "ZONI",
                "subba-name": "Dunwoodie - NYIS",
                "parent": "NYIS",
                "parent-name": "New York Independent System Operator",
                "value": "1106",
                "value-units": "megawatthours"
            },
            {
                "period": "2023-09-05T18",
                "subba": "ZONJ",
                "subba-name": "New York City - NYIS",
                "parent": "NYIS",
                "parent-name": "New York Independent System Operator",
                "value": "9591",
                "value-units": "megawatthours"
            },
            {
                "period": "2023-09-05T18",
                "subba": "ZONK",
                "subba-name": "Long Island - NYIS",
                "parent": "NYIS",
                "parent-name": "New York Independent System Operator",
                "value": "4353",
                "value-units": "megawatthours"
            },
            {
                "period": "2023-09-05T17",
                "subba": "ZONA",
                "subba-name": "West - NYIS",
                "parent": "NYIS",
                "parent-name": "New York Independent System Operator",
                "value": "2370",
                "value-units": "megawatthours"
            },
            {
                "period": "2023-09-05T17",
                "subba": "ZONB",
                "subba-name": "Genesee - NYIS",
                "parent": "NYIS",
                "parent-name": "New York Independent System Operator",
                "value": "1574",
                "value-units": "megawatthours"
            },
            {
                "period": "2023-09-05T17",
                "subba": "ZONC",
                "subba-name": "Central - NYIS",
                "parent": "NYIS",
                "parent-name": "New York Independent System Operator",
                "value": "2235",
                "value-units": "megawatthours"
            },
            {
                "period": "2023-09-05T17",
                "subba": "ZOND",
                "subba-name": "North - NYIS",
                "parent": "NYIS",
                "parent-name": "New York Independent System Operator",
                "value": "665",
                "value-units": "megawatthours"
            },
            {
                "period": "2023-09-05T17",
                "subba": "ZONE",
                "subba-name": "Mohawk Valley - NYIS",
                "parent": "NYIS",
                "parent-name": "New York Independent System Operator",
                "value": "941",
                "value-units": "megawatthours"
            },
            {
                "period": "2023-09-05T17",
                "subba": "ZONF",
                "subba-name": "Capital - NYIS",
                "parent": "NYIS",
                "parent-name": "New York Independent System Operator",
                "value": "1782",
                "value-units": "megawatthours"
            },
            {
                "period": "2023-09-05T17",
                "subba": "ZONG",
                "subba-name": "Hudson Valley - NYIS",
                "parent": "NYIS",
                "parent-name": "New York Independent System Operator",
                "value": "1525",
                "value-units": "megawatthours"
            },
            {
                "period": "2023-09-05T17",
                "subba": "ZONH",
                "subba-name": "Millwood - NYIS",
                "parent": "NYIS",
                "parent-name": "New York Independent System Operator",
                "value": "520",
                "value-units": "megawatthours"
            },
            {
                "period": "2023-09-05T17",
                "subba": "ZONI",
                "subba-name": "Dunwoodie - NYIS",
                "parent": "NYIS",
                "parent-name": "New York Independent System Operator",
                "value": "1048",
                "value-units": "megawatthours"
            },
            {
                "period": "2023-09-05T17",
                "subba": "ZONJ",
                "subba-name": "New York City - NYIS",
                "parent": "NYIS",
                "parent-name": "New York Independent System Operator",
                "value": "9329",
                "value-units": "megawatthours"
            },
            {
                "period": "2023-09-05T17",
                "subba": "ZONK",
                "subba-name": "Long Island - NYIS",
                "parent": "NYIS",
                "parent-name": "New York Independent System Operator",
                "value": "4088",
                "value-units": "megawatthours"
            },
            {
                "period": "2023-09-05T16",
                "subba": "ZONA",
                "subba-name": "West - NYIS",
                "parent": "NYIS",
                "parent-name": "New York Independent System Operator",
                "value": "2276",
                "value-units": "megawatthours"
            },
            {
                "period": "2023-09-05T16",
                "subba": "ZONB",
                "subba-name": "Genesee - NYIS",
                "parent": "NYIS",
                "parent-name": "New York Independent System Operator",
                "value": "1502",
                "value-units": "megawatthours"
            },
            {
                "period": "2023-09-05T16",
                "subba": "ZONC",
                "subba-name": "Central - NYIS",
                "parent": "NYIS",
                "parent-name": "New York Independent System Operator",
                "value": "2109",
                "value-units": "megawatthours"
            },
            {
                "period": "2023-09-05T16",
                "subba": "ZOND",
                "subba-name": "North - NYIS",
                "parent": "NYIS",
                "parent-name": "New York Independent System Operator",
                "value": "663",
                "value-units": "megawatthours"
            },
            {
                "period": "2023-09-05T16",
                "subba": "ZONE",
                "subba-name": "Mohawk Valley - NYIS",
                "parent": "NYIS",
                "parent-name": "New York Independent System Operator",
                "value": "904",
                "value-units": "megawatthours"
            },
            {
                "period": "2023-09-05T16",
                "subba": "ZONF",
                "subba-name": "Capital - NYIS",
                "parent": "NYIS",
                "parent-name": "New York Independent System Operator",
                "value": "1676",
                "value-units": "megawatthours"
            },
            {
                "period": "2023-09-05T16",
                "subba": "ZONG",
                "subba-name": "Hudson Valley - NYIS",
                "parent": "NYIS",
                "parent-name": "New York Independent System Operator",
                "value": "1410",
                "value-units": "megawatthours"
            },
            {
                "period": "2023-09-05T16",
                "subba": "ZONH",
                "subba-name": "Millwood - NYIS",
                "parent": "NYIS",
                "parent-name": "New York Independent System Operator",
                "value": "484",
                "value-units": "megawatthours"
            },
            {
                "period": "2023-09-05T16",
                "subba": "ZONI",
                "subba-name": "Dunwoodie - NYIS",
                "parent": "NYIS",
                "parent-name": "New York Independent System Operator",
                "value": "985",
                "value-units": "megawatthours"
            },
            {
                "period": "2023-09-05T16",
                "subba": "ZONJ",
                "subba-name": "New York City - NYIS",
                "parent": "NYIS",
                "parent-name": "New York Independent System Operator",
                "value": "9027",
                "value-units": "megawatthours"
            },
            {
                "period": "2023-09-05T16",
                "subba": "ZONK",
                "subba-name": "Long Island - NYIS",
                "parent": "NYIS",
                "parent-name": "New York Independent System Operator",
                "value": "3774",
                "value-units": "megawatthours"
            },
            {
                "period": "2023-09-05T15",
                "subba": "ZONA",
                "subba-name": "West - NYIS",
                "parent": "NYIS",
                "parent-name": "New York Independent System Operator",
                "value": "2203",
                "value-units": "megawatthours"
            },
            {
                "period": "2023-09-05T15",
                "subba": "ZONB",
                "subba-name": "Genesee - NYIS",
                "parent": "NYIS",
                "parent-name": "New York Independent System Operator",
                "value": "1390",
                "value-units": "megawatthours"
            },
            {
                "period": "2023-09-05T15",
                "subba": "ZONC",
                "subba-name": "Central - NYIS",
                "parent": "NYIS",
                "parent-name": "New York Independent System Operator",
                "value": "2023",
                "value-units": "megawatthours"
            },
            {
                "period": "2023-09-05T15",
                "subba": "ZOND",
                "subba-name": "North - NYIS",
                "parent": "NYIS",
                "parent-name": "New York Independent System Operator",
                "value": "651",
                "value-units": "megawatthours"
            },
            {
                "period": "2023-09-05T15",
                "subba": "ZONE",
                "subba-name": "Mohawk Valley - NYIS",
                "parent": "NYIS",
                "parent-name": "New York Independent System Operator",
                "value": "858",
                "value-units": "megawatthours"
            },
            {
                "period": "2023-09-05T15",
                "subba": "ZONF",
                "subba-name": "Capital - NYIS",
                "parent": "NYIS",
                "parent-name": "New York Independent System Operator",
                "value": "1608",
                "value-units": "megawatthours"
            },
            {
                "period": "2023-09-05T15",
                "subba": "ZONG",
                "subba-name": "Hudson Valley - NYIS",
                "parent": "NYIS",
                "parent-name": "New York Independent System Operator",
                "value": "1317",
                "value-units": "megawatthours"
            },
            {
                "period": "2023-09-05T15",
                "subba": "ZONH",
                "subba-name": "Millwood - NYIS",
                "parent": "NYIS",
                "parent-name": "New York Independent System Operator",
                "value": "442",
                "value-units": "megawatthours"
            },
            {
                "period": "2023-09-05T15",
                "subba": "ZONI",
                "subba-name": "Dunwoodie - NYIS",
                "parent": "NYIS",
                "parent-name": "New York Independent System Operator",
                "value": "934",
                "value-units": "megawatthours"
            },
            {
                "period": "2023-09-05T15",
                "subba": "ZONJ",
                "subba-name": "New York City - NYIS",
                "parent": "NYIS",
                "parent-name": "New York Independent System Operator",
                "value": "8712",
                "value-units": "megawatthours"
            },
            {
                "period": "2023-09-05T15",
                "subba": "ZONK",
                "subba-name": "Long Island - NYIS",
                "parent": "NYIS",
                "parent-name": "New York Independent System Operator",
                "value": "3480",
                "value-units": "megawatthours"
            },
            {
                "period": "2023-09-05T14",
                "subba": "ZONA",
                "subba-name": "West - NYIS",
                "parent": "NYIS",
                "parent-name": "New York Independent System Operator",
                "value": "2101",
                "value-units": "megawatthours"
            },
            {
                "period": "2023-09-05T14",
                "subba": "ZONB",
                "subba-name": "Genesee - NYIS",
                "parent": "NYIS",
                "parent-name": "New York Independent System Operator",
                "value": "1298",
                "value-units": "megawatthours"
            },
            {
                "period": "2023-09-05T14",
                "subba": "ZONC",
                "subba-name": "Central - NYIS",
                "parent": "NYIS",
                "parent-name": "New York Independent System Operator",
                "value": "1954",
                "value-units": "megawatthours"
            },
            {
                "period": "2023-09-05T14",
                "subba": "ZOND",
                "subba-name": "North - NYIS",
                "parent": "NYIS",
                "parent-name": "New York Independent System Operator",
                "value": "624",
                "value-units": "megawatthours"
            },
            {
                "period": "2023-09-05T14",
                "subba": "ZONE",
                "subba-name": "Mohawk Valley - NYIS",
                "parent": "NYIS",
                "parent-name": "New York Independent System Operator",
                "value": "837",
                "value-units": "megawatthours"
            },
            {
                "period": "2023-09-05T14",
                "subba": "ZONF",
                "subba-name": "Capital - NYIS",
                "parent": "NYIS",
                "parent-name": "New York Independent System Operator",
                "value": "1572",
                "value-units": "megawatthours"
            },
            {
                "period": "2023-09-05T14",
                "subba": "ZONG",
                "subba-name": "Hudson Valley - NYIS",
                "parent": "NYIS",
                "parent-name": "New York Independent System Operator",
                "value": "1258",
                "value-units": "megawatthours"
            },
            {
                "period": "2023-09-05T14",
                "subba": "ZONH",
                "subba-name": "Millwood - NYIS",
                "parent": "NYIS",
                "parent-name": "New York Independent System Operator",
                "value": "406",
                "value-units": "megawatthours"
            },
            {
                "period": "2023-09-05T14",
                "subba": "ZONI",
                "subba-name": "Dunwoodie - NYIS",
                "parent": "NYIS",
                "parent-name": "New York Independent System Operator",
                "value": "882",
                "value-units": "megawatthours"
            },
            {
                "period": "2023-09-05T14",
                "subba": "ZONJ",
                "subba-name": "New York City - NYIS",
                "parent": "NYIS",
                "parent-name": "New York Independent System Operator",
                "value": "8384",
                "value-units": "megawatthours"
            },
            {
                "period": "2023-09-05T14",
                "subba": "ZONK",
                "subba-name": "Long Island - NYIS",
                "parent": "NYIS",
                "parent-name": "New York Independent System Operator",
                "value": "3222",
                "value-units": "megawatthours"
            },
            {
                "period": "2023-09-05T13",
                "subba": "ZONA",
                "subba-name": "West - NYIS",
                "parent": "NYIS",
                "parent-name": "New York Independent System Operator",
                "value": "2003",
                "value-units": "megawatthours"
            },
            {
                "period": "2023-09-05T13",
                "subba": "ZONB",
                "subba-name": "Genesee - NYIS",
                "parent": "NYIS",
                "parent-name": "New York Independent System Operator",
                "value": "1252",
                "value-units": "megawatthours"
            },
            {
                "period": "2023-09-05T13",
                "subba": "ZONC",
                "subba-name": "Central - NYIS",
                "parent": "NYIS",
                "parent-name": "New York Independent System Operator",
                "value": "1928",
                "value-units": "megawatthours"
            },
            {
                "period": "2023-09-05T13",
                "subba": "ZOND",
                "subba-name": "North - NYIS",
                "parent": "NYIS",
                "parent-name": "New York Independent System Operator",
                "value": "634",
                "value-units": "megawatthours"
            },
            {
                "period": "2023-09-05T13",
                "subba": "ZONE",
                "subba-name": "Mohawk Valley - NYIS",
                "parent": "NYIS",
                "parent-name": "New York Independent System Operator",
                "value": "840",
                "value-units": "megawatthours"
            },
            {
                "period": "2023-09-05T13",
                "subba": "ZONF",
                "subba-name": "Capital - NYIS",
                "parent": "NYIS",
                "parent-name": "New York Independent System Operator",
                "value": "1543",
                "value-units": "megawatthours"
            },
            {
                "period": "2023-09-05T13",
                "subba": "ZONG",
                "subba-name": "Hudson Valley - NYIS",
                "parent": "NYIS",
                "parent-name": "New York Independent System Operator",
                "value": "1220",
                "value-units": "megawatthours"
            },
            {
                "period": "2023-09-05T13",
                "subba": "ZONH",
                "subba-name": "Millwood - NYIS",
                "parent": "NYIS",
                "parent-name": "New York Independent System Operator",
                "value": "373",
                "value-units": "megawatthours"
            },
            {
                "period": "2023-09-05T13",
                "subba": "ZONI",
                "subba-name": "Dunwoodie - NYIS",
                "parent": "NYIS",
                "parent-name": "New York Independent System Operator",
                "value": "835",
                "value-units": "megawatthours"
            },
            {
                "period": "2023-09-05T13",
                "subba": "ZONJ",
                "subba-name": "New York City - NYIS",
                "parent": "NYIS",
                "parent-name": "New York Independent System Operator",
                "value": "7939",
                "value-units": "megawatthours"
            },
            {
                "period": "2023-09-05T13",
                "subba": "ZONK",
                "subba-name": "Long Island - NYIS",
                "parent": "NYIS",
                "parent-name": "New York Independent System Operator",
                "value": "2991",
                "value-units": "megawatthours"
            },
            {
                "period": "2023-09-05T12",
                "subba": "ZONA",
                "subba-name": "West - NYIS",
                "parent": "NYIS",
                "parent-name": "New York Independent System Operator",
                "value": "1899",
                "value-units": "megawatthours"
            },
            {
                "period": "2023-09-05T12",
                "subba": "ZONB",
                "subba-name": "Genesee - NYIS",
                "parent": "NYIS",
                "parent-name": "New York Independent System Operator",
                "value": "1236",
                "value-units": "megawatthours"
            },
            {
                "period": "2023-09-05T12",
                "subba": "ZONC",
                "subba-name": "Central - NYIS",
                "parent": "NYIS",
                "parent-name": "New York Independent System Operator",
                "value": "1897",
                "value-units": "megawatthours"
            },
            {
                "period": "2023-09-05T12",
                "subba": "ZOND",
                "subba-name": "North - NYIS",
                "parent": "NYIS",
                "parent-name": "New York Independent System Operator",
                "value": "627",
                "value-units": "megawatthours"
            },
            {
                "period": "2023-09-05T12",
                "subba": "ZONE",
                "subba-name": "Mohawk Valley - NYIS",
                "parent": "NYIS",
                "parent-name": "New York Independent System Operator",
                "value": "859",
                "value-units": "megawatthours"
            },
            {
                "period": "2023-09-05T12",
                "subba": "ZONF",
                "subba-name": "Capital - NYIS",
                "parent": "NYIS",
                "parent-name": "New York Independent System Operator",
                "value": "1508",
                "value-units": "megawatthours"
            },
            {
                "period": "2023-09-05T12",
                "subba": "ZONG",
                "subba-name": "Hudson Valley - NYIS",
                "parent": "NYIS",
                "parent-name": "New York Independent System Operator",
                "value": "1178",
                "value-units": "megawatthours"
            },
            {
                "period": "2023-09-05T12",
                "subba": "ZONH",
                "subba-name": "Millwood - NYIS",
                "parent": "NYIS",
                "parent-name": "New York Independent System Operator",
                "value": "354",
                "value-units": "megawatthours"
            },
            {
                "period": "2023-09-05T12",
                "subba": "ZONI",
                "subba-name": "Dunwoodie - NYIS",
                "parent": "NYIS",
                "parent-name": "New York Independent System Operator",
                "value": "783",
                "value-units": "megawatthours"
            },
            {
                "period": "2023-09-05T12",
                "subba": "ZONJ",
                "subba-name": "New York City - NYIS",
                "parent": "NYIS",
                "parent-name": "New York Independent System Operator",
                "value": "7397",
                "value-units": "megawatthours"
            },
            {
                "period": "2023-09-05T12",
                "subba": "ZONK",
                "subba-name": "Long Island - NYIS",
                "parent": "NYIS",
                "parent-name": "New York Independent System Operator",
                "value": "2762",
                "value-units": "megawatthours"
            },
            {
                "period": "2023-09-05T11",
                "subba": "ZONA",
                "subba-name": "West - NYIS",
                "parent": "NYIS",
                "parent-name": "New York Independent System Operator",
                "value": "1783",
                "value-units": "megawatthours"
            },
            {
                "period": "2023-09-05T11",
                "subba": "ZONB",
                "subba-name": "Genesee - NYIS",
                "parent": "NYIS",
                "parent-name": "New York Independent System Operator",
                "value": "1182",
                "value-units": "megawatthours"
            },
            {
                "period": "2023-09-05T11",
                "subba": "ZONC",
                "subba-name": "Central - NYIS",
                "parent": "NYIS",
                "parent-name": "New York Independent System Operator",
                "value": "1786",
                "value-units": "megawatthours"
            },
            {
                "period": "2023-09-05T11",
                "subba": "ZOND",
                "subba-name": "North - NYIS",
                "parent": "NYIS",
                "parent-name": "New York Independent System Operator",
                "value": "616",
                "value-units": "megawatthours"
            },
            {
                "period": "2023-09-05T11",
                "subba": "ZONE",
                "subba-name": "Mohawk Valley - NYIS",
                "parent": "NYIS",
                "parent-name": "New York Independent System Operator",
                "value": "829",
                "value-units": "megawatthours"
            },
            {
                "period": "2023-09-05T11",
                "subba": "ZONF",
                "subba-name": "Capital - NYIS",
                "parent": "NYIS",
                "parent-name": "New York Independent System Operator",
                "value": "1447",
                "value-units": "megawatthours"
            },
            {
                "period": "2023-09-05T11",
                "subba": "ZONG",
                "subba-name": "Hudson Valley - NYIS",
                "parent": "NYIS",
                "parent-name": "New York Independent System Operator",
                "value": "1122",
                "value-units": "megawatthours"
            },
            {
                "period": "2023-09-05T11",
                "subba": "ZONH",
                "subba-name": "Millwood - NYIS",
                "parent": "NYIS",
                "parent-name": "New York Independent System Operator",
                "value": "346",
                "value-units": "megawatthours"
            },
            {
                "period": "2023-09-05T11",
                "subba": "ZONI",
                "subba-name": "Dunwoodie - NYIS",
                "parent": "NYIS",
                "parent-name": "New York Independent System Operator",
                "value": "722",
                "value-units": "megawatthours"
            },
            {
                "period": "2023-09-05T11",
                "subba": "ZONJ",
                "subba-name": "New York City - NYIS",
                "parent": "NYIS",
                "parent-name": "New York Independent System Operator",
                "value": "6935",
                "value-units": "megawatthours"
            },
            {
                "period": "2023-09-05T11",
                "subba": "ZONK",
                "subba-name": "Long Island - NYIS",
                "parent": "NYIS",
                "parent-name": "New York Independent System Operator",
                "value": "2595",
                "value-units": "megawatthours"
            },
            {
                "period": "2023-09-05T10",
                "subba": "ZONA",
                "subba-name": "West - NYIS",
                "parent": "NYIS",
                "parent-name": "New York Independent System Operator",
                "value": "1679",
                "value-units": "megawatthours"
            },
            {
                "period": "2023-09-05T10",
                "subba": "ZONB",
                "subba-name": "Genesee - NYIS",
                "parent": "NYIS",
                "parent-name": "New York Independent System Operator",
                "value": "1101",
                "value-units": "megawatthours"
            },
            {
                "period": "2023-09-05T10",
                "subba": "ZONC",
                "subba-name": "Central - NYIS",
                "parent": "NYIS",
                "parent-name": "New York Independent System Operator",
                "value": "1648",
                "value-units": "megawatthours"
            },
            {
                "period": "2023-09-05T10",
                "subba": "ZOND",
                "subba-name": "North - NYIS",
                "parent": "NYIS",
                "parent-name": "New York Independent System Operator",
                "value": "603",
                "value-units": "megawatthours"
            },
            {
                "period": "2023-09-05T10",
                "subba": "ZONE",
                "subba-name": "Mohawk Valley - NYIS",
                "parent": "NYIS",
                "parent-name": "New York Independent System Operator",
                "value": "752",
                "value-units": "megawatthours"
            },
            {
                "period": "2023-09-05T10",
                "subba": "ZONF",
                "subba-name": "Capital - NYIS",
                "parent": "NYIS",
                "parent-name": "New York Independent System Operator",
                "value": "1375",
                "value-units": "megawatthours"
            },
            {
                "period": "2023-09-05T10",
                "subba": "ZONG",
                "subba-name": "Hudson Valley - NYIS",
                "parent": "NYIS",
                "parent-name": "New York Independent System Operator",
                "value": "1055",
                "value-units": "megawatthours"
            },
            {
                "period": "2023-09-05T10",
                "subba": "ZONH",
                "subba-name": "Millwood - NYIS",
                "parent": "NYIS",
                "parent-name": "New York Independent System Operator",
                "value": "316",
                "value-units": "megawatthours"
            },
            {
                "period": "2023-09-05T10",
                "subba": "ZONI",
                "subba-name": "Dunwoodie - NYIS",
                "parent": "NYIS",
                "parent-name": "New York Independent System Operator",
                "value": "671",
                "value-units": "megawatthours"
            },
            {
                "period": "2023-09-05T10",
                "subba": "ZONJ",
                "subba-name": "New York City - NYIS",
                "parent": "NYIS",
                "parent-name": "New York Independent System Operator",
                "value": "6521",
                "value-units": "megawatthours"
            },
            {
                "period": "2023-09-05T10",
                "subba": "ZONK",
                "subba-name": "Long Island - NYIS",
                "parent": "NYIS",
                "parent-name": "New York Independent System Operator",
                "value": "2444",
                "value-units": "megawatthours"
            },
            {
                "period": "2023-09-05T09",
                "subba": "ZONA",
                "subba-name": "West - NYIS",
                "parent": "NYIS",
                "parent-name": "New York Independent System Operator",
                "value": "1629",
                "value-units": "megawatthours"
            },
            {
                "period": "2023-09-05T09",
                "subba": "ZONB",
                "subba-name": "Genesee - NYIS",
                "parent": "NYIS",
                "parent-name": "New York Independent System Operator",
                "value": "1060",
                "value-units": "megawatthours"
            },
            {
                "period": "2023-09-05T09",
                "subba": "ZONC",
                "subba-name": "Central - NYIS",
                "parent": "NYIS",
                "parent-name": "New York Independent System Operator",
                "value": "1615",
                "value-units": "megawatthours"
            },
            {
                "period": "2023-09-05T09",
                "subba": "ZOND",
                "subba-name": "North - NYIS",
                "parent": "NYIS",
                "parent-name": "New York Independent System Operator",
                "value": "591",
                "value-units": "megawatthours"
            },
            {
                "period": "2023-09-05T09",
                "subba": "ZONE",
                "subba-name": "Mohawk Valley - NYIS",
                "parent": "NYIS",
                "parent-name": "New York Independent System Operator",
                "value": "714",
                "value-units": "megawatthours"
            },
            {
                "period": "2023-09-05T09",
                "subba": "ZONF",
                "subba-name": "Capital - NYIS",
                "parent": "NYIS",
                "parent-name": "New York Independent System Operator",
                "value": "1329",
                "value-units": "megawatthours"
            },
            {
                "period": "2023-09-05T09",
                "subba": "ZONG",
                "subba-name": "Hudson Valley - NYIS",
                "parent": "NYIS",
                "parent-name": "New York Independent System Operator",
                "value": "1026",
                "value-units": "megawatthours"
            },
            {
                "period": "2023-09-05T09",
                "subba": "ZONH",
                "subba-name": "Millwood - NYIS",
                "parent": "NYIS",
                "parent-name": "New York Independent System Operator",
                "value": "294",
                "value-units": "megawatthours"
            },
            {
                "period": "2023-09-05T09",
                "subba": "ZONI",
                "subba-name": "Dunwoodie - NYIS",
                "parent": "NYIS",
                "parent-name": "New York Independent System Operator",
                "value": "645",
                "value-units": "megawatthours"
            },
            {
                "period": "2023-09-05T09",
                "subba": "ZONJ",
                "subba-name": "New York City - NYIS",
                "parent": "NYIS",
                "parent-name": "New York Independent System Operator",
                "value": "6319",
                "value-units": "megawatthours"
            },
            {
                "period": "2023-09-05T09",
                "subba": "ZONK",
                "subba-name": "Long Island - NYIS",
                "parent": "NYIS",
                "parent-name": "New York Independent System Operator",
                "value": "2367",
                "value-units": "megawatthours"
            },
            {
                "period": "2023-09-05T08",
                "subba": "ZONA",
                "subba-name": "West - NYIS",
                "parent": "NYIS",
                "parent-name": "New York Independent System Operator",
                "value": "1636",
                "value-units": "megawatthours"
            },
            {
                "period": "2023-09-05T08",
                "subba": "ZONB",
                "subba-name": "Genesee - NYIS",
                "parent": "NYIS",
                "parent-name": "New York Independent System Operator",
                "value": "1061",
                "value-units": "megawatthours"
            },
            {
                "period": "2023-09-05T08",
                "subba": "ZONC",
                "subba-name": "Central - NYIS",
                "parent": "NYIS",
                "parent-name": "New York Independent System Operator",
                "value": "1613",
                "value-units": "megawatthours"
            },
            {
                "period": "2023-09-05T08",
                "subba": "ZOND",
                "subba-name": "North - NYIS",
                "parent": "NYIS",
                "parent-name": "New York Independent System Operator",
                "value": "582",
                "value-units": "megawatthours"
            },
            {
                "period": "2023-09-05T08",
                "subba": "ZONE",
                "subba-name": "Mohawk Valley - NYIS",
                "parent": "NYIS",
                "parent-name": "New York Independent System Operator",
                "value": "710",
                "value-units": "megawatthours"
            },
            {
                "period": "2023-09-05T08",
                "subba": "ZONF",
                "subba-name": "Capital - NYIS",
                "parent": "NYIS",
                "parent-name": "New York Independent System Operator",
                "value": "1324",
                "value-units": "megawatthours"
            },
            {
                "period": "2023-09-05T08",
                "subba": "ZONG",
                "subba-name": "Hudson Valley - NYIS",
                "parent": "NYIS",
                "parent-name": "New York Independent System Operator",
                "value": "1036",
                "value-units": "megawatthours"
            },
            {
                "period": "2023-09-05T08",
                "subba": "ZONH",
                "subba-name": "Millwood - NYIS",
                "parent": "NYIS",
                "parent-name": "New York Independent System Operator",
                "value": "298",
                "value-units": "megawatthours"
            },
            {
                "period": "2023-09-05T08",
                "subba": "ZONI",
                "subba-name": "Dunwoodie - NYIS",
                "parent": "NYIS",
                "parent-name": "New York Independent System Operator",
                "value": "647",
                "value-units": "megawatthours"
            },
            {
                "period": "2023-09-05T08",
                "subba": "ZONJ",
                "subba-name": "New York City - NYIS",
                "parent": "NYIS",
                "parent-name": "New York Independent System Operator",
                "value": "6325",
                "value-units": "megawatthours"
            },
            {
                "period": "2023-09-05T08",
                "subba": "ZONK",
                "subba-name": "Long Island - NYIS",
                "parent": "NYIS",
                "parent-name": "New York Independent System Operator",
                "value": "2379",
                "value-units": "megawatthours"
            },
            {
                "period": "2023-09-05T07",
                "subba": "ZONA",
                "subba-name": "West - NYIS",
                "parent": "NYIS",
                "parent-name": "New York Independent System Operator",
                "value": "1663",
                "value-units": "megawatthours"
            },
            {
                "period": "2023-09-05T07",
                "subba": "ZONB",
                "subba-name": "Genesee - NYIS",
                "parent": "NYIS",
                "parent-name": "New York Independent System Operator",
                "value": "1086",
                "value-units": "megawatthours"
            },
            {
                "period": "2023-09-05T07",
                "subba": "ZONC",
                "subba-name": "Central - NYIS",
                "parent": "NYIS",
                "parent-name": "New York Independent System Operator",
                "value": "1655",
                "value-units": "megawatthours"
            },
            {
                "period": "2023-09-05T07",
                "subba": "ZOND",
                "subba-name": "North - NYIS",
                "parent": "NYIS",
                "parent-name": "New York Independent System Operator",
                "value": "587",
                "value-units": "megawatthours"
            },
            {
                "period": "2023-09-05T07",
                "subba": "ZONE",
                "subba-name": "Mohawk Valley - NYIS",
                "parent": "NYIS",
                "parent-name": "New York Independent System Operator",
                "value": "723",
                "value-units": "megawatthours"
            },
            {
                "period": "2023-09-05T07",
                "subba": "ZONF",
                "subba-name": "Capital - NYIS",
                "parent": "NYIS",
                "parent-name": "New York Independent System Operator",
                "value": "1354",
                "value-units": "megawatthours"
            },
            {
                "period": "2023-09-05T07",
                "subba": "ZONG",
                "subba-name": "Hudson Valley - NYIS",
                "parent": "NYIS",
                "parent-name": "New York Independent System Operator",
                "value": "1068",
                "value-units": "megawatthours"
            },
            {
                "period": "2023-09-05T07",
                "subba": "ZONH",
                "subba-name": "Millwood - NYIS",
                "parent": "NYIS",
                "parent-name": "New York Independent System Operator",
                "value": "315",
                "value-units": "megawatthours"
            },
            {
                "period": "2023-09-05T07",
                "subba": "ZONI",
                "subba-name": "Dunwoodie - NYIS",
                "parent": "NYIS",
                "parent-name": "New York Independent System Operator",
                "value": "667",
                "value-units": "megawatthours"
            },
            {
                "period": "2023-09-05T07",
                "subba": "ZONJ",
                "subba-name": "New York City - NYIS",
                "parent": "NYIS",
                "parent-name": "New York Independent System Operator",
                "value": "6462",
                "value-units": "megawatthours"
            },
            {
                "period": "2023-09-05T07",
                "subba": "ZONK",
                "subba-name": "Long Island - NYIS",
                "parent": "NYIS",
                "parent-name": "New York Independent System Operator",
                "value": "2445",
                "value-units": "megawatthours"
            },
            {
                "period": "2023-09-05T06",
                "subba": "ZONA",
                "subba-name": "West - NYIS",
                "parent": "NYIS",
                "parent-name": "New York Independent System Operator",
                "value": "1707",
                "value-units": "megawatthours"
            },
            {
                "period": "2023-09-05T06",
                "subba": "ZONB",
                "subba-name": "Genesee - NYIS",
                "parent": "NYIS",
                "parent-name": "New York Independent System Operator",
                "value": "1132",
                "value-units": "megawatthours"
            },
            {
                "period": "2023-09-05T06",
                "subba": "ZONC",
                "subba-name": "Central - NYIS",
                "parent": "NYIS",
                "parent-name": "New York Independent System Operator",
                "value": "1690",
                "value-units": "megawatthours"
            },
            {
                "period": "2023-09-05T06",
                "subba": "ZOND",
                "subba-name": "North - NYIS",
                "parent": "NYIS",
                "parent-name": "New York Independent System Operator",
                "value": "591",
                "value-units": "megawatthours"
            },
            {
                "period": "2023-09-05T06",
                "subba": "ZONE",
                "subba-name": "Mohawk Valley - NYIS",
                "parent": "NYIS",
                "parent-name": "New York Independent System Operator",
                "value": "741",
                "value-units": "megawatthours"
            },
            {
                "period": "2023-09-05T06",
                "subba": "ZONF",
                "subba-name": "Capital - NYIS",
                "parent": "NYIS",
                "parent-name": "New York Independent System Operator",
                "value": "1398",
                "value-units": "megawatthours"
            },
            {
                "period": "2023-09-05T06",
                "subba": "ZONG",
                "subba-name": "Hudson Valley - NYIS",
                "parent": "NYIS",
                "parent-name": "New York Independent System Operator",
                "value": "1127",
                "value-units": "megawatthours"
            },
            {
                "period": "2023-09-05T06",
                "subba": "ZONH",
                "subba-name": "Millwood - NYIS",
                "parent": "NYIS",
                "parent-name": "New York Independent System Operator",
                "value": "335",
                "value-units": "megawatthours"
            },
            {
                "period": "2023-09-05T06",
                "subba": "ZONI",
                "subba-name": "Dunwoodie - NYIS",
                "parent": "NYIS",
                "parent-name": "New York Independent System Operator",
                "value": "701",
                "value-units": "megawatthours"
            },
            {
                "period": "2023-09-05T06",
                "subba": "ZONJ",
                "subba-name": "New York City - NYIS",
                "parent": "NYIS",
                "parent-name": "New York Independent System Operator",
                "value": "6663",
                "value-units": "megawatthours"
            },
            {
                "period": "2023-09-05T06",
                "subba": "ZONK",
                "subba-name": "Long Island - NYIS",
                "parent": "NYIS",
                "parent-name": "New York Independent System Operator",
                "value": "2578",
                "value-units": "megawatthours"
            },
            {
                "period": "2023-09-05T05",
                "subba": "ZONA",
                "subba-name": "West - NYIS",
                "parent": "NYIS",
                "parent-name": "New York Independent System Operator",
                "value": "1779",
                "value-units": "megawatthours"
            },
            {
                "period": "2023-09-05T05",
                "subba": "ZONB",
                "subba-name": "Genesee - NYIS",
                "parent": "NYIS",
                "parent-name": "New York Independent System Operator",
                "value": "1186",
                "value-units": "megawatthours"
            },
            {
                "period": "2023-09-05T05",
                "subba": "ZONC",
                "subba-name": "Central - NYIS",
                "parent": "NYIS",
                "parent-name": "New York Independent System Operator",
                "value": "1776",
                "value-units": "megawatthours"
            },
            {
                "period": "2023-09-05T05",
                "subba": "ZOND",
                "subba-name": "North - NYIS",
                "parent": "NYIS",
                "parent-name": "New York Independent System Operator",
                "value": "613",
                "value-units": "megawatthours"
            },
            {
                "period": "2023-09-05T05",
                "subba": "ZONE",
                "subba-name": "Mohawk Valley - NYIS",
                "parent": "NYIS",
                "parent-name": "New York Independent System Operator",
                "value": "766",
                "value-units": "megawatthours"
            },
            {
                "period": "2023-09-05T05",
                "subba": "ZONF",
                "subba-name": "Capital - NYIS",
                "parent": "NYIS",
                "parent-name": "New York Independent System Operator",
                "value": "1459",
                "value-units": "megawatthours"
            },
            {
                "period": "2023-09-05T05",
                "subba": "ZONG",
                "subba-name": "Hudson Valley - NYIS",
                "parent": "NYIS",
                "parent-name": "New York Independent System Operator",
                "value": "1204",
                "value-units": "megawatthours"
            },
            {
                "period": "2023-09-05T05",
                "subba": "ZONH",
                "subba-name": "Millwood - NYIS",
                "parent": "NYIS",
                "parent-name": "New York Independent System Operator",
                "value": "360",
                "value-units": "megawatthours"
            },
            {
                "period": "2023-09-05T05",
                "subba": "ZONI",
                "subba-name": "Dunwoodie - NYIS",
                "parent": "NYIS",
                "parent-name": "New York Independent System Operator",
                "value": "737",
                "value-units": "megawatthours"
            },
            {
                "period": "2023-09-05T05",
                "subba": "ZONJ",
                "subba-name": "New York City - NYIS",
                "parent": "NYIS",
                "parent-name": "New York Independent System Operator",
                "value": "6903",
                "value-units": "megawatthours"
            },
            {
                "period": "2023-09-05T05",
                "subba": "ZONK",
                "subba-name": "Long Island - NYIS",
                "parent": "NYIS",
                "parent-name": "New York Independent System Operator",
                "value": "2749",
                "value-units": "megawatthours"
            },
            {
                "period": "2023-09-05T04",
                "subba": "ZONA",
                "subba-name": "West - NYIS",
                "parent": "NYIS",
                "parent-name": "New York Independent System Operator",
                "value": "1882",
                "value-units": "megawatthours"
            },
            {
                "period": "2023-09-05T04",
                "subba": "ZONB",
                "subba-name": "Genesee - NYIS",
                "parent": "NYIS",
                "parent-name": "New York Independent System Operator",
                "value": "1269",
                "value-units": "megawatthours"
            },
            {
                "period": "2023-09-05T04",
                "subba": "ZONC",
                "subba-name": "Central - NYIS",
                "parent": "NYIS",
                "parent-name": "New York Independent System Operator",
                "value": "1868",
                "value-units": "megawatthours"
            },
            {
                "period": "2023-09-05T04",
                "subba": "ZOND",
                "subba-name": "North - NYIS",
                "parent": "NYIS",
                "parent-name": "New York Independent System Operator",
                "value": "608",
                "value-units": "megawatthours"
            },
            {
                "period": "2023-09-05T04",
                "subba": "ZONE",
                "subba-name": "Mohawk Valley - NYIS",
                "parent": "NYIS",
                "parent-name": "New York Independent System Operator",
                "value": "811",
                "value-units": "megawatthours"
            },
            {
                "period": "2023-09-05T04",
                "subba": "ZONF",
                "subba-name": "Capital - NYIS",
                "parent": "NYIS",
                "parent-name": "New York Independent System Operator",
                "value": "1563",
                "value-units": "megawatthours"
            },
            {
                "period": "2023-09-05T04",
                "subba": "ZONG",
                "subba-name": "Hudson Valley - NYIS",
                "parent": "NYIS",
                "parent-name": "New York Independent System Operator",
                "value": "1314",
                "value-units": "megawatthours"
            },
            {
                "period": "2023-09-05T04",
                "subba": "ZONH",
                "subba-name": "Millwood - NYIS",
                "parent": "NYIS",
                "parent-name": "New York Independent System Operator",
                "value": "380",
                "value-units": "megawatthours"
            },
            {
                "period": "2023-09-05T04",
                "subba": "ZONI",
                "subba-name": "Dunwoodie - NYIS",
                "parent": "NYIS",
                "parent-name": "New York Independent System Operator",
                "value": "791",
                "value-units": "megawatthours"
            },
            {
                "period": "2023-09-05T04",
                "subba": "ZONJ",
                "subba-name": "New York City - NYIS",
                "parent": "NYIS",
                "parent-name": "New York Independent System Operator",
                "value": "7239",
                "value-units": "megawatthours"
            },
            {
                "period": "2023-09-05T04",
                "subba": "ZONK",
                "subba-name": "Long Island - NYIS",
                "parent": "NYIS",
                "parent-name": "New York Independent System Operator",
                "value": "2994",
                "value-units": "megawatthours"
            },
            {
                "period": "2023-09-05T03",
                "subba": "ZONA",
                "subba-name": "West - NYIS",
                "parent": "NYIS",
                "parent-name": "New York Independent System Operator",
                "value": "2003",
                "value-units": "megawatthours"
            },
            {
                "period": "2023-09-05T03",
                "subba": "ZONB",
                "subba-name": "Genesee - NYIS",
                "parent": "NYIS",
                "parent-name": "New York Independent System Operator",
                "value": "1367",
                "value-units": "megawatthours"
            },
            {
                "period": "2023-09-05T03",
                "subba": "ZONC",
                "subba-name": "Central - NYIS",
                "parent": "NYIS",
                "parent-name": "New York Independent System Operator",
                "value": "2028",
                "value-units": "megawatthours"
            },
            {
                "period": "2023-09-05T03",
                "subba": "ZOND",
                "subba-name": "North - NYIS",
                "parent": "NYIS",
                "parent-name": "New York Independent System Operator",
                "value": "630",
                "value-units": "megawatthours"
            },
            {
                "period": "2023-09-05T03",
                "subba": "ZONE",
                "subba-name": "Mohawk Valley - NYIS",
                "parent": "NYIS",
                "parent-name": "New York Independent System Operator",
                "value": "888",
                "value-units": "megawatthours"
            },
            {
                "period": "2023-09-05T03",
                "subba": "ZONF",
                "subba-name": "Capital - NYIS",
                "parent": "NYIS",
                "parent-name": "New York Independent System Operator",
                "value": "1687",
                "value-units": "megawatthours"
            },
            {
                "period": "2023-09-05T03",
                "subba": "ZONG",
                "subba-name": "Hudson Valley - NYIS",
                "parent": "NYIS",
                "parent-name": "New York Independent System Operator",
                "value": "1426",
                "value-units": "megawatthours"
            },
            {
                "period": "2023-09-05T03",
                "subba": "ZONH",
                "subba-name": "Millwood - NYIS",
                "parent": "NYIS",
                "parent-name": "New York Independent System Operator",
                "value": "424",
                "value-units": "megawatthours"
            },
            {
                "period": "2023-09-05T03",
                "subba": "ZONI",
                "subba-name": "Dunwoodie - NYIS",
                "parent": "NYIS",
                "parent-name": "New York Independent System Operator",
                "value": "858",
                "value-units": "megawatthours"
            },
            {
                "period": "2023-09-05T03",
                "subba": "ZONJ",
                "subba-name": "New York City - NYIS",
                "parent": "NYIS",
                "parent-name": "New York Independent System Operator",
                "value": "7605",
                "value-units": "megawatthours"
            },
            {
                "period": "2023-09-05T03",
                "subba": "ZONK",
                "subba-name": "Long Island - NYIS",
                "parent": "NYIS",
                "parent-name": "New York Independent System Operator",
                "value": "3306",
                "value-units": "megawatthours"
            },
            {
                "period": "2023-09-05T02",
                "subba": "ZONA",
                "subba-name": "West - NYIS",
                "parent": "NYIS",
                "parent-name": "New York Independent System Operator",
                "value": "2134",
                "value-units": "megawatthours"
            },
            {
                "period": "2023-09-05T02",
                "subba": "ZONB",
                "subba-name": "Genesee - NYIS",
                "parent": "NYIS",
                "parent-name": "New York Independent System Operator",
                "value": "1472",
                "value-units": "megawatthours"
            },
            {
                "period": "2023-09-05T02",
                "subba": "ZONC",
                "subba-name": "Central - NYIS",
                "parent": "NYIS",
                "parent-name": "New York Independent System Operator",
                "value": "2199",
                "value-units": "megawatthours"
            },
            {
                "period": "2023-09-05T02",
                "subba": "ZOND",
                "subba-name": "North - NYIS",
                "parent": "NYIS",
                "parent-name": "New York Independent System Operator",
                "value": "654",
                "value-units": "megawatthours"
            },
            {
                "period": "2023-09-05T02",
                "subba": "ZONE",
                "subba-name": "Mohawk Valley - NYIS",
                "parent": "NYIS",
                "parent-name": "New York Independent System Operator",
                "value": "989",
                "value-units": "megawatthours"
            },
            {
                "period": "2023-09-05T02",
                "subba": "ZONF",
                "subba-name": "Capital - NYIS",
                "parent": "NYIS",
                "parent-name": "New York Independent System Operator",
                "value": "1823",
                "value-units": "megawatthours"
            },
            {
                "period": "2023-09-05T02",
                "subba": "ZONG",
                "subba-name": "Hudson Valley - NYIS",
                "parent": "NYIS",
                "parent-name": "New York Independent System Operator",
                "value": "1560",
                "value-units": "megawatthours"
            },
            {
                "period": "2023-09-05T02",
                "subba": "ZONH",
                "subba-name": "Millwood - NYIS",
                "parent": "NYIS",
                "parent-name": "New York Independent System Operator",
                "value": "466",
                "value-units": "megawatthours"
            },
            {
                "period": "2023-09-05T02",
                "subba": "ZONI",
                "subba-name": "Dunwoodie - NYIS",
                "parent": "NYIS",
                "parent-name": "New York Independent System Operator",
                "value": "924",
                "value-units": "megawatthours"
            },
            {
                "period": "2023-09-05T02",
                "subba": "ZONJ",
                "subba-name": "New York City - NYIS",
                "parent": "NYIS",
                "parent-name": "New York Independent System Operator",
                "value": "7857",
                "value-units": "megawatthours"
            },
            {
                "period": "2023-09-05T02",
                "subba": "ZONK",
                "subba-name": "Long Island - NYIS",
                "parent": "NYIS",
                "parent-name": "New York Independent System Operator",
                "value": "3655",
                "value-units": "megawatthours"
            },
            {
                "period": "2023-09-05T01",
                "subba": "ZONA",
                "subba-name": "West - NYIS",
                "parent": "NYIS",
                "parent-name": "New York Independent System Operator",
                "value": "2195",
                "value-units": "megawatthours"
            },
            {
                "period": "2023-09-05T01",
                "subba": "ZONB",
                "subba-name": "Genesee - NYIS",
                "parent": "NYIS",
                "parent-name": "New York Independent System Operator",
                "value": "1555",
                "value-units": "megawatthours"
            },
            {
                "period": "2023-09-05T01",
                "subba": "ZONC",
                "subba-name": "Central - NYIS",
                "parent": "NYIS",
                "parent-name": "New York Independent System Operator",
                "value": "2344",
                "value-units": "megawatthours"
            },
            {
                "period": "2023-09-05T01",
                "subba": "ZOND",
                "subba-name": "North - NYIS",
                "parent": "NYIS",
                "parent-name": "New York Independent System Operator",
                "value": "673",
                "value-units": "megawatthours"
            },
            {
                "period": "2023-09-05T01",
                "subba": "ZONE",
                "subba-name": "Mohawk Valley - NYIS",
                "parent": "NYIS",
                "parent-name": "New York Independent System Operator",
                "value": "1073",
                "value-units": "megawatthours"
            },
            {
                "period": "2023-09-05T01",
                "subba": "ZONF",
                "subba-name": "Capital - NYIS",
                "parent": "NYIS",
                "parent-name": "New York Independent System Operator",
                "value": "1950",
                "value-units": "megawatthours"
            },
            {
                "period": "2023-09-05T01",
                "subba": "ZONG",
                "subba-name": "Hudson Valley - NYIS",
                "parent": "NYIS",
                "parent-name": "New York Independent System Operator",
                "value": "1682",
                "value-units": "megawatthours"
            },
            {
                "period": "2023-09-05T01",
                "subba": "ZONH",
                "subba-name": "Millwood - NYIS",
                "parent": "NYIS",
                "parent-name": "New York Independent System Operator",
                "value": "504",
                "value-units": "megawatthours"
            },
            {
                "period": "2023-09-05T01",
                "subba": "ZONI",
                "subba-name": "Dunwoodie - NYIS",
                "parent": "NYIS",
                "parent-name": "New York Independent System Operator",
                "value": "971",
                "value-units": "megawatthours"
            },
            {
                "period": "2023-09-05T01",
                "subba": "ZONJ",
                "subba-name": "New York City - NYIS",
                "parent": "NYIS",
                "parent-name": "New York Independent System Operator",
                "value": "8012",
                "value-units": "megawatthours"
            },
            {
                "period": "2023-09-05T01",
                "subba": "ZONK",
                "subba-name": "Long Island - NYIS",
                "parent": "NYIS",
                "parent-name": "New York Independent System Operator",
                "value": "3936",
                "value-units": "megawatthours"
            },
            {
                "period": "2023-09-05T00",
                "subba": "ZONA",
                "subba-name": "West - NYIS",
                "parent": "NYIS",
                "parent-name": "New York Independent System Operator",
                "value": "2234",
                "value-units": "megawatthours"
            },
            {
                "period": "2023-09-05T00",
                "subba": "ZONB",
                "subba-name": "Genesee - NYIS",
                "parent": "NYIS",
                "parent-name": "New York Independent System Operator",
                "value": "1587",
                "value-units": "megawatthours"
            },
            {
                "period": "2023-09-05T00",
                "subba": "ZONC",
                "subba-name": "Central - NYIS",
                "parent": "NYIS",
                "parent-name": "New York Independent System Operator",
                "value": "2410",
                "value-units": "megawatthours"
            },
            {
                "period": "2023-09-05T00",
                "subba": "ZOND",
                "subba-name": "North - NYIS",
                "parent": "NYIS",
                "parent-name": "New York Independent System Operator",
                "value": "676",
                "value-units": "megawatthours"
            },
            {
                "period": "2023-09-05T00",
                "subba": "ZONE",
                "subba-name": "Mohawk Valley - NYIS",
                "parent": "NYIS",
                "parent-name": "New York Independent System Operator",
                "value": "1104",
                "value-units": "megawatthours"
            },
            {
                "period": "2023-09-05T00",
                "subba": "ZONF",
                "subba-name": "Capital - NYIS",
                "parent": "NYIS",
                "parent-name": "New York Independent System Operator",
                "value": "1993",
                "value-units": "megawatthours"
            },
            {
                "period": "2023-09-05T00",
                "subba": "ZONG",
                "subba-name": "Hudson Valley - NYIS",
                "parent": "NYIS",
                "parent-name": "New York Independent System Operator",
                "value": "1755",
                "value-units": "megawatthours"
            },
            {
                "period": "2023-09-05T00",
                "subba": "ZONH",
                "subba-name": "Millwood - NYIS",
                "parent": "NYIS",
                "parent-name": "New York Independent System Operator",
                "value": "531",
                "value-units": "megawatthours"
            },
            {
                "period": "2023-09-05T00",
                "subba": "ZONI",
                "subba-name": "Dunwoodie - NYIS",
                "parent": "NYIS",
                "parent-name": "New York Independent System Operator",
                "value": "976",
                "value-units": "megawatthours"
            },
            {
                "period": "2023-09-05T00",
                "subba": "ZONJ",
                "subba-name": "New York City - NYIS",
                "parent": "NYIS",
                "parent-name": "New York Independent System Operator",
                "value": "8029",
                "value-units": "megawatthours"
            },
            {
                "period": "2023-09-05T00",
                "subba": "ZONK",
                "subba-name": "Long Island - NYIS",
                "parent": "NYIS",
                "parent-name": "New York Independent System Operator",
                "value": "4100",
                "value-units": "megawatthours"
            }
        ],
        "description": "Hourly demand by balancing authority subregion.  \n    Source: Form EIA-930\n    Product: Hourly Electric Grid Monitor"
    },
    "request": {
        "command": "/v2/electricity/rto/region-sub-ba-data/data/",
        "params": {
            "frequency": "hourly",
            "data": [
                "value"
            ],
            "sort": [
                {
                    "column": "period",
                    "direction": "desc"
                }
            ],
            "facets": {
                "parent": [
                    "NYIS"
                ]
            },
            "offset": "0",
            "length": "5000",
            "start": "2023-09-05",
            "end": "2023-09-06",
            "api_key": "dqRq8VpXSoyUrCbrPhuYFxGl6Rul9kmVcRshZ98c"
        }
    },
    "apiVersion": "2.1.8",
    "ExcelAddInVersion": "2.1.0"
}