{
    "response": {
        "total": "275",
        "dateFormat": "YYYY-MM-DD\"T\"HH24",
        "frequency": "hourly",
        "data": [
            {
                "period": "2024-04-11T00",
                "subba": "ZONA",
                "subba-name": "West - NYIS",
                "parent": "NYIS",
                "parent-name": "New York Independent System Operator",
                "value": "1692",
                "value-units": "megawatthours"
            },
            {
                "period": "2024-04-11T00",
                "subba": "ZONB",
                "subba-name": "Genesee - NYIS",
                "parent": "NYIS",
                "parent-name": "New York Independent System Operator",
                "value": "1034",
                "value-units": "megawatthours"
            },
            {
                "period": "2024-04-11T00",
                "subba": "ZONC",
                "subba-name": "Central - NYIS",
                "parent": "NYIS",
                "parent-name": "New York Independent System Operator",
                "value": "1714",
                "value-units": "megawatthours"
            },
            {
                "period": "2024-04-11T00",
                "subba": "ZOND",
                "subba-name": "North - NYIS",
                "parent": "NYIS",
                "parent-name": "New York Independent System Operator",
                "value": "666",
                "value-units": "megawatthours"
            },
            {
                "period": "2024-04-11T00",
                "subba": "ZONE",
                "subba-name": "Mohawk Valley - NYIS",
                "parent": "NYIS",
                "parent-name": "New York Independent System Operator",
                "value": "810",
                "value-units": "megawatthours"
            },
            {
                "period": "2024-04-11T00",
                "subba": "ZONF",
                "subba-name": "Capital - NYIS",
                "parent": "NYIS",
                "parent-name": "New York Independent System Operator",
                "value": "1289",
                "value-units": "megawatthours"
            },
            {
                "period": "2024-04-11T00",
                "subba": "ZONG",
                "subba-name": "Hudson Valley - NYIS",
                "parent": "NYIS",
                "parent-name": "New York Independent System Operator",
                "value": "1077",
                "value-units": "megawatthours"
            },
            {
                "period": "2024-04-11T00",
                "subba": "ZONH",
                "subba-name": "Millwood - NYIS",
                "parent": "NYIS",
                "parent-name": "New York Independent System Operator",
                "value": "319",
                "value-units": "megawatthours"
            },
            {
                "period": "2024-04-11T00",
                "subba": "ZONI",
                "subba-name": "Dunwoodie - NYIS",
                "parent": "NYIS",
                "parent-name": "New York Independent System Operator",
                "value": "586",
                "value-units": "megawatthours"
            },
            {
                "period": "2024-04-11T00",
                "subba": "ZONJ",
                "subba-name": "New York City - NYIS",
                "parent": "NYIS",
                "parent-name": "New York Independent System Operator",
                "value": "5332",
                "value-units": "megawatthours"
            },
            {
                "period": "2024-04-11T00",
                "subba": "ZONK",
                "subba-name": "Long Island - NYIS",
                "parent": "NYIS",
                "parent-name": "New York Independent System Operator",
                "value": "2190",
                "value-units": "megawatthours"
            },
            {
                "period": "2024-04-10T23",
                "subba": "ZONA",
                "subba-name": "West - NYIS",
                "parent": "NYIS",
                "parent-name": "New York Independent System Operator",
                "value": "1661",
                "value-units": "megawatthours"
            },
            {
                "period": "2024-04-10T23",
                "subba": "ZONB",
                "subba-name": "Genesee - NYIS",
                "parent": "NYIS",
                "parent-name": "New York Independent System Operator",
                "value": "991",
                "value-units": "megawatthours"
            },
            {
                "period": "2024-04-10T23",
                "subba": "ZONC",
                "subba-name": "Central - NYIS",
                "parent": "NYIS",
                "parent-name": "New York Independent System Operator",
                "value": "1673",
                "value-units": "megawatthours"
            },
            {
                "period": "2024-04-10T23",
                "subba": "ZOND",
                "subba-name": "North - NYIS",
                "parent": "NYIS",
                "parent-name": "New York Independent System Operator",
                "value": "663",
                "value-units": "megawatthours"
            },
            {
                "period": "2024-04-10T23",
                "subba": "ZONE",
                "subba-name": "Mohawk Valley - NYIS",
                "parent": "NYIS",
                "parent-name": "New York Independent System Operator",
                "value": "769",
                "value-units": "megawatthours"
            },
            {
                "period": "2024-04-10T23",
                "subba": "ZONF",
                "subba-name": "Capital - NYIS",
                "parent": "NYIS",
                "parent-name": "New York Independent System Operator",
                "value": "1274",
                "value-units": "megawatthours"
            },
            {
                "period": "2024-04-10T23",
                "subba": "ZONG",
                "subba-name": "Hudson Valley - NYIS",
                "parent": "NYIS",
                "parent-name": "New York Independent System Operator",
                "value": "1058",
                "value-units": "megawatthours"
            },
            {
                "period": "2024-04-10T23",
                "subba": "ZONH",
                "subba-name": "Millwood - NYIS",
                "parent": "NYIS",
                "parent-name": "New York Independent System Operator",
                "value": "305",
                "value-units": "megawatthours"
            },
            {
                "period": "2024-04-10T23",
                "subba": "ZONI",
                "subba-name": "Dunwoodie - NYIS",
                "parent": "NYIS",
                "parent-name": "New York Independent System Operator",
                "value": "580",
                "value-units": "megawatthours"
            },
            {
                "period": "2024-04-10T23",
                "subba": "ZONJ",
                "subba-name": "New York City - NYIS",
                "parent": "NYIS",
                "parent-name": "New York Independent System Operator",
                "value": "5368",
                "value-units": "megawatthours"
            },
            {
                "period": "2024-04-10T23",
                "subba": "ZONK",
                "subba-name": "Long Island - NYIS",
                "parent": "NYIS",
                "parent-name": "New York Independent System Operator",
                "value": "2116",
                "value-units": "megawatthours"
            },
            {
                "period": "2024-04-10T22",
                "subba": "ZONA",
                "subba-name": "West - NYIS",
                "parent": "NYIS",
                "parent-name": "New York Independent System Operator",
                "value": "1632",
                "value-units": "megawatthours"
            },
            {
                "period": "2024-04-10T22",
                "subba": "ZONB",
                "subba-name": "Genesee - NYIS",
                "parent": "NYIS",
                "parent-name": "New York Independent System Operator",
                "value": "925",
                "value-units": "megawatthours"
            },
            {
                "period": "2024-04-10T22",
                "subba": "ZONC",
                "subba-name": "Central - NYIS",
                "parent": "NYIS",
                "parent-name": "New York Independent System Operator",
                "value": "1616",
                "value-units": "megawatthours"
            },
            {
                "period": "2024-04-10T22",
                "subba": "ZOND",
                "subba-name": "North - NYIS",
                "parent": "NYIS",
                "parent-name": "New York Independent System Operator",
                "value": "635",
                "value-units": "megawatthours"
            },
            {
                "period": "2024-04-10T22",
                "subba": "ZONE",
                "subba-name": "Mohawk Valley - NYIS",
                "parent": "NYIS",
                "parent-name": "New York Independent System Operator",
                "value": "723",
                "value-units": "megawatthours"
            },
            {
                "period": "2024-04-10T22",
                "subba": "ZONF",
                "subba-name": "Capital - NYIS",
                "parent": "NYIS",
                "parent-name": "New York Independent System Operator",
                "value": "1245",
                "value-units": "megawatthours"
            },
            {
                "period": "2024-04-10T22",
                "subba": "ZONG",
                "subba-name": "Hudson Valley - NYIS",
                "parent": "NYIS",
                "parent-name": "New York Independent System Operator",
                "value": "1010",
                "value-units": "megawatthours"
            },
            {
                "period": "2024-04-10T22",
                "subba": "ZONH",
                "subba-name": "Millwood - NYIS",
                "parent": "NYIS",
                "parent-name": "New York Independent System Operator",
                "value": "277",
                "value-units": "megawatthours"
            },
            {
                "period": "2024-04-10T22",
                "subba": "ZONI",
                "subba-name": "Dunwoodie - NYIS",
                "parent": "NYIS",
                "parent-name": "New York Independent System Operator",
                "value": "577",
                "value-units": "megawatthours"
            },
            {
                "period": "2024-04-10T22",
                "subba": "ZONJ",
                "subba-name": "New York City - NYIS",
                "parent": "NYIS",
                "parent-name": "New York Independent System Operator",
                "value": "5412",
                "value-units": "megawatthours"
            },
            {
                "period": "2024-04-10T22",
                "subba": "ZONK",
                "subba-name": "Long Island - NYIS",
                "parent": "NYIS",
                "parent-name": "New York Independent System Operator",
                "value": "2033",
                "value-units": "megawatthours"
            },
            {
                "period": "2024-04-10T21",
                "subba": "ZONA",
                "subba-name": "West - NYIS",
                "parent": "NYIS",
                "parent-name": "New York Independent System Operator",
                "value": "1590",
                "value-units": "megawatthours"
            },
            {
                "period": "2024-04-10T21",
                "subba": "ZONB",
                "subba-name": "Genesee - NYIS",
                "parent": "NYIS",
                "parent-name": "New York Independent System Operator",
                "value": "853",
                "value-units": "megawatthours"
            },
            {
                "period": "2024-04-10T21",
                "subba": "ZONC",
                "subba-name": "Central - NYIS",
                "parent": "NYIS",
                "parent-name": "New York Independent System Operator",
                "value": "1586",
                "value-units": "megawatthours"
            },
            {
                "period": "2024-04-10T21",
                "subba": "ZOND",
                "subba-name": "North - NYIS",
                "parent": "NYIS",
                "parent-name": "New York Independent System Operator",
                "value": "632",
                "value-units": "megawatthours"
            },
            {
                "period": "2024-04-10T21",
                "subba": "ZONE",
                "subba-name": "Mohawk Valley - NYIS",
                "parent": "NYIS",
                "parent-name": "New York Independent System Operator",
                "value": "679",
                "value-units": "megawatthours"
            },
            {
                "period": "2024-04-10T21",
                "subba": "ZONF",
                "subba-name": "Capital - NYIS",
                "parent": "NYIS",
                "parent-name": "New York Independent System Operator",
                "value": "1217",
                "value-units": "megawatthours"
            },
            {
                "period": "2024-04-10T21",
                "subba": "ZONG",
                "subba-name": "Hudson Valley - NYIS",
                "parent": "NYIS",
                "parent-name": "New York Independent System Operator",
                "value": "947",
                "value-units": "megawatthours"
            },
            {
                "period": "2024-04-10T21",
                "subba": "ZONH",
                "subba-name": "Millwood - NYIS",
                "parent": "NYIS",
                "parent-name": "New York Independent System Operator",
                "value": "261",
                "value-units": "megawatthours"
            },
            {
                "period": "2024-04-10T21",
                "subba": "ZONI",
                "subba-name": "Dunwoodie - NYIS",
                "parent": "NYIS",
                "parent-name": "New York Independent System Operator",
                "value": "566",
                "value-units": "megawatthours"
            },
            {
                "period": "2024-04-10T21",
                "subba": "ZONJ",
                "subba-name": "New York City - NYIS",
                "parent": "NYIS",
                "parent-name": "New York Independent System Operator",
                "value": "5439",
                "value-units": "megawatthours"
            },
            {
                "period": "2024-04-10T21",
                "subba": "ZONK",
                "subba-name": "Long Island - NYIS",
                "parent": "NYIS",
                "parent-name": "New York Independent System Operator",
                "value": "1895",
                "value-units": "megawatthours"
            },
            {
                "period": "2024-04-10T20",
                "subba": "ZONA",
                "subba-name": "West - NYIS",
                "parent": "NYIS",
                "parent-name": "New York Independent System Operator",
                "value": "1565",
                "value-units": "megawatthours"
            },
            {
                "period": "2024-04-10T20",
                "subba": "ZONB",
                "subba-name": "Genesee - NYIS",
                "parent": "NYIS",
                "parent-name": "New York Independent System Operator",
                "value": "845",
                "value-units": "megawatthours"
            },
            {
                "period": "2024-04-10T20",
                "subba": "ZONC",
                "subba-name": "Central - NYIS",
                "parent": "NYIS",
                "parent-name": "New York Independent System Operator",
                "value": "1546",
                "value-units": "megawatthours"
            },
            {
                "period": "2024-04-10T20",
                "subba": "ZOND",
                "subba-name": "North - NYIS",
                "parent": "NYIS",
                "parent-name": "New York Independent System Operator",
                "value": "632",
                "value-units": "megawatthours"
            },
            {
                "period": "2024-04-10T20",
                "subba": "ZONE",
                "subba-name": "Mohawk Valley - NYIS",
                "parent": "NYIS",
                "parent-name": "New York Independent System Operator",
                "value": "656",
                "value-units": "megawatthours"
            },
            {
                "period": "2024-04-10T20",
                "subba": "ZONF",
                "subba-name": "Capital - NYIS",
                "parent": "NYIS",
                "parent-name": "New York Independent System Operator",
                "value": "1176",
                "value-units": "megawatthours"
            },
            {
                "period": "2024-04-10T20",
                "subba": "ZONG",
                "subba-name": "Hudson Valley - NYIS",
                "parent": "NYIS",
                "parent-name": "New York Independent System Operator",
                "value": "883",
                "value-units": "megawatthours"
            },
            {
                "period": "2024-04-10T20",
                "subba": "ZONH",
                "subba-name": "Millwood - NYIS",
                "parent": "NYIS",
                "parent-name": "New York Independent System Operator",
                "value": "245",
                "value-units": "megawatthours"
            },
            {
                "period": "2024-04-10T20",
                "subba": "ZONI",
                "subba-name": "Dunwoodie - NYIS",
                "parent": "NYIS",
                "parent-name": "New York Independent System Operator",
                "value": "534",
                "value-units": "megawatthours"
            },
            {
                "period": "2024-04-10T20",
                "subba": "ZONJ",
                "subba-name": "New York City - NYIS",
                "parent": "NYIS",
                "parent-name": "New York Independent System Operator",
                "value": "5398",
                "value-units": "megawatthours"
            },
            {
                "period": "2024-04-10T20",
                "subba": "ZONK",
                "subba-name": "Long Island - NYIS",
                "parent": "NYIS",
                "parent-name": "New York Independent System Operator",
                "value": "1731",
                "value-units": "megawatthours"
            },
            {
                "period": "2024-04-10T19",
                "subba": "ZONA",
                "subba-name": "West - NYIS",
                "parent": "NYIS",
                "parent-name": "New York Independent System Operator",
                "value": "1577",
                "value-units": "megawatthours"
            },
            {
                "period": "2024-04-10T19",
                "subba": "ZONB",
                "subba-name": "Genesee - NYIS",
                "parent": "NYIS",
                "parent-name": "New York Independent System Operator",
                "value": "877",
                "value-units": "megawatthours"
            },
            {
                "period": "2024-04-10T19",
                "subba": "ZONC",
                "subba-name": "Central - NYIS",
                "parent": "NYIS",
                "parent-name": "New York Independent System Operator",
                "value": "1540",
                "value-units": "megawatthours"
            },
            {
                "period": "2024-04-10T19",
                "subba": "ZOND",
                "subba-name": "North - NYIS",
                "parent": "NYIS",
                "parent-name": "New York Independent System Operator",
                "value": "629",
                "value-units": "megawatthours"
            },
            {
                "period": "2024-04-10T19",
                "subba": "ZONE",
                "subba-name": "Mohawk Valley - NYIS",
                "parent": "NYIS",
                "parent-name": "New York Independent System Operator",
                "value": "693",
                "value-units": "megawatthours"
            },
            {
                "period": "2024-04-10T19",
                "subba": "ZONF",
                "subba-name": "Capital - NYIS",
                "parent": "NYIS",
                "parent-name": "New York Independent System Operator",
                "value": "1182",
                "value-units": "megawatthours"
            },
            {
                "period": "2024-04-10T19",
                "subba": "ZONG",
                "subba-name": "Hudson Valley - NYIS",
                "parent": "NYIS",
                "parent-name": "New York Independent System Operator",
                "value": "885",
                "value-units": "megawatthours"
            },
            {
                "period": "2024-04-10T19",
                "subba": "ZONH",
                "subba-name": "Millwood - NYIS",
                "parent": "NYIS",
                "parent-name": "New York Independent System Operator",
                "value": "250",
                "value-units": "megawatthours"
            },
            {
                "period": "2024-04-10T19",
                "subba": "ZONI",
                "subba-name": "Dunwoodie - NYIS",
                "parent": "NYIS",
                "parent-name": "New York Independent System Operator",
                "value": "527",
                "value-units": "megawatthours"
            },
            {
                "period": "2024-04-10T19",
                "subba": "ZONJ",
                "subba-name": "New York City - NYIS",
                "parent": "NYIS",
                "parent-name": "New York Independent System Operator",
                "value": "5294",
                "value-units": "megawatthours"
            },
            {
                "period": "2024-04-10T19",
                "subba": "ZONK",
                "subba-name": "Long Island - NYIS",
                "parent": "NYIS",
                "parent-name": "New York Independent System Operator",
                "value": "1713",
                "value-units": "megawatthours"
            },
            {
                "period": "2024-04-10T18",
                "subba": "ZONA",
                "subba-name": "West - NYIS",
                "parent": "NYIS",
                "parent-name": "New York Independent System Operator",
                "value": "1575",
                "value-units": "megawatthours"
            },
            {
                "period": "2024-04-10T18",
                "subba": "ZONB",
                "subba-name": "Genesee - NYIS",
                "parent": "NYIS",
                "parent-name": "New York Independent System Operator",
                "value": "919",
                "value-units": "megawatthours"
            },
            {
                "period": "2024-04-10T18",
                "subba": "ZONC",
                "subba-name": "Central - NYIS",
                "parent": "NYIS",
                "parent-name": "New York Independent System Operator",
                "value": "1570",
                "value-units": "megawatthours"
            },
            {
                "period": "2024-04-10T18",
                "subba": "ZOND",
                "subba-name": "North - NYIS",
                "parent": "NYIS",
                "parent-name": "New York Independent System Operator",
                "value": "639",
                "value-units": "megawatthours"
            },
            {
                "period": "2024-04-10T18",
                "subba": "ZONE",
                "subba-name": "Mohawk Valley - NYIS",
                "parent": "NYIS",
                "parent-name": "New York Independent System Operator",
                "value": "701",
                "value-units": "megawatthours"
            },
            {
                "period": "2024-04-10T18",
                "subba": "ZONF",
                "subba-name": "Capital - NYIS",
                "parent": "NYIS",
                "parent-name": "New York Independent System Operator",
                "value": "1174",
                "value-units": "megawatthours"
            },
            {
                "period": "2024-04-10T18",
                "subba": "ZONG",
                "subba-name": "Hudson Valley - NYIS",
                "parent": "NYIS",
                "parent-name": "New York Independent System Operator",
                "value": "897",
                "value-units": "megawatthours"
            },
            {
                "period": "2024-04-10T18",
                "subba": "ZONH",
                "subba-name": "Millwood - NYIS",
                "parent": "NYIS",
                "parent-name": "New York Independent System Operator",
                "value": "258",
                "value-units": "megawatthours"
            },
            {
                "period": "2024-04-10T18",
                "subba": "ZONI",
                "subba-name": "Dunwoodie - NYIS",
                "parent": "NYIS",
                "parent-name": "New York Independent System Operator",
                "value": "538",
                "value-units": "megawatthours"
            },
            {
                "period": "2024-04-10T18",
                "subba": "ZONJ",
                "subba-name": "New York City - NYIS",
                "parent": "NYIS",
                "parent-name": "New York Independent System Operator",
                "value": "5318",
                "value-units": "megawatthours"
            },
            {
                "period": "2024-04-10T18",
                "subba": "ZONK",
                "subba-name": "Long Island - NYIS",
                "parent": "NYIS",
                "parent-name": "New York Independent System Operator",
                "value": "1673",
                "value-units": "megawatthours"
            },
            {
                "period": "2024-04-10T17",
                "subba": "ZONA",
                "subba-name": "West - NYIS",
                "parent": "NYIS",
                "parent-name": "New York Independent System Operator",
                "value": "1615",
                "value-units": "megawatthours"
            },
            {
                "period": "2024-04-10T17",
                "subba": "ZONB",
                "subba-name": "Genesee - NYIS",
                "parent": "NYIS",
                "parent-name": "New York Independent System Operator",
                "value": "986",
                "value-units": "megawatthours"
            },
            {
                "period": "2024-04-10T17",
                "subba": "ZONC",
                "subba-name": "Central - NYIS",
                "parent": "NYIS",
                "parent-name": "New York Independent System Operator",
                "value": "1517",
                "value-units": "megawatthours"
            },
            {
                "period": "2024-04-10T17",
                "subba": "ZOND",
                "subba-name": "North - NYIS",
                "parent": "NYIS",
                "parent-name": "New York Independent System Operator",
                "value": "651",
                "value-units": "megawatthours"
            },
            {
                "period": "2024-04-10T17",
                "subba": "ZONE",
                "subba-name": "Mohawk Valley - NYIS",
                "parent": "NYIS",
                "parent-name": "New York Independent System Operator",
                "value": "725",
                "value-units": "megawatthours"
            },
            {
                "period": "2024-04-10T17",
                "subba": "ZONF",
                "subba-name": "Capital - NYIS",
                "parent": "NYIS",
                "parent-name": "New York Independent System Operator",
                "value": "1157",
                "value-units": "megawatthours"
            },
            {
                "period": "2024-04-10T17",
                "subba": "ZONG",
                "subba-name": "Hudson Valley - NYIS",
                "parent": "NYIS",
                "parent-name": "New York Independent System Operator",
                "value": "940",
                "value-units": "megawatthours"
            },
            {
                "period": "2024-04-10T17",
                "subba": "ZONH",
                "subba-name": "Millwood - NYIS",
                "parent": "NYIS",
                "parent-name": "New York Independent System Operator",
                "value": "271",
                "value-units": "megawatthours"
            },
            {
                "period": "2024-04-10T17",
                "subba": "ZONI",
                "subba-name": "Dunwoodie - NYIS",
                "parent": "NYIS",
                "parent-name": "New York Independent System Operator",
                "value": "534",
                "value-units": "megawatthours"
            },
            {
                "period": "2024-04-10T17",
                "subba": "ZONJ",
                "subba-name": "New York City - NYIS",
                "parent": "NYIS",
                "parent-name": "New York Independent System Operator",
                "value": "5360",
                "value-units": "megawatthours"
            },
            {
                "period": "2024-04-10T17",
                "subba": "ZONK",
                "subba-name": "Long Island - NYIS",
                "parent": "NYIS",
                "parent-name": "New York Independent System Operator",
                "value": "1652",
                "value-units": "megawatthours"
            },
            {
                "period": "2024-04-10T16",
                "subba": "ZONA",
                "subba-name": "West - NYIS",
                "parent": "NYIS",
                "parent-name": "New York Independent System Operator",
                "value": "1670",
                "value-units": "megawatthours"
            },
            {
                "period": "2024-04-10T16",
                "subba": "ZONB",
                "subba-name": "Genesee - NYIS",
                "parent": "NYIS",
                "parent-name": "New York Independent System Operator",
                "value": "1021",
                "value-units": "megawatthours"
            },
            {
                "period": "2024-04-10T16",
                "subba": "ZONC",
                "subba-name": "Central - NYIS",
                "parent": "NYIS",
                "parent-name": "New York Independent System Operator",
                "value": "1579",
                "value-units": "megawatthours"
            },
            {
                "period": "2024-04-10T16",
                "subba": "ZOND",
                "subba-name": "North - NYIS",
                "parent": "NYIS",
                "parent-name": "New York Independent System Operator",
                "value": "642",
                "value-units": "megawatthours"
            },
            {
                "period": "2024-04-10T16",
                "subba": "ZONE",
                "subba-name": "Mohawk Valley - NYIS",
                "parent": "NYIS",
                "parent-name": "New York Independent System Operator",
                "value": "751",
                "value-units": "megawatthours"
            },
            {
                "period": "2024-04-10T16",
                "subba": "ZONF",
                "subba-name": "Capital - NYIS",
                "parent": "NYIS",
                "parent-name": "New York Independent System Operator",
                "value": "1150",
                "value-units": "megawatthours"
            },
            {
                "period": "2024-04-10T16",
                "subba": "ZONG",
                "subba-name": "Hudson Valley - NYIS",
                "parent": "NYIS",
                "parent-name": "New York Independent System Operator",
                "value": "978",
                "value-units": "megawatthours"
            },
            {
                "period": "2024-04-10T16",
                "subba": "ZONH",
                "subba-name": "Millwood - NYIS",
                "parent": "NYIS",
                "parent-name": "New York Independent System Operator",
                "value": "271",
                "value-units": "megawatthours"
            },
            {
                "period": "2024-04-10T16",
                "subba": "ZONI",
                "subba-name": "Dunwoodie - NYIS",
                "parent": "NYIS",
                "parent-name": "New York Independent System Operator",
                "value": "529",
                "value-units": "megawatthours"
            },
            {
                "period": "2024-04-10T16",
                "subba": "ZONJ",
                "subba-name": "New York City - NYIS",
                "parent": "NYIS",
                "parent-name": "New York Independent System Operator",
                "value": "5338",
                "value-units": "megawatthours"
            },
            {
                "period": "2024-04-10T16",
                "subba": "ZONK",
                "subba-name": "Long Island - NYIS",
                "parent": "NYIS",
                "parent-name": "New York Independent System Operator",
                "value": "1590",
                "value-units": "megawatthours"
            },
            {
                "period": "2024-04-10T15",
                "subba": "ZONA",
                "subba-name": "West - NYIS",
                "parent": "NYIS",
                "parent-name": "New York Independent System Operator",
                "value": "1707",
                "value-units": "megawatthours"
            },
            {
                "period": "2024-04-10T15",
                "subba": "ZONB",
                "subba-name": "Genesee - NYIS",
                "parent": "NYIS",
                "parent-name": "New York Independent System Operator",
                "value": "1041",
                "value-units": "megawatthours"
            },
            {
                "period": "2024-04-10T15",
                "subba": "ZONC",
                "subba-name": "Central - NYIS",
                "parent": "NYIS",
                "parent-name": "New York Independent System Operator",
                "value": "1662",
                "value-units": "megawatthours"
            },
            {
                "period": "2024-04-10T15",
                "subba": "ZOND",
                "subba-name": "North - NYIS",
                "parent": "NYIS",
                "parent-name": "New York Independent System Operator",
                "value": "648",
                "value-units": "megawatthours"
            },
            {
                "period": "2024-04-10T15",
                "subba": "ZONE",
                "subba-name": "Mohawk Valley - NYIS",
                "parent": "NYIS",
                "parent-name": "New York Independent System Operator",
                "value": "760",
                "value-units": "megawatthours"
            },
            {
                "period": "2024-04-10T15",
                "subba": "ZONF",
                "subba-name": "Capital - NYIS",
                "parent": "NYIS",
                "parent-name": "New York Independent System Operator",
                "value": "1165",
                "value-units": "megawatthours"
            },
            {
                "period": "2024-04-10T15",
                "subba": "ZONG",
                "subba-name": "Hudson Valley - NYIS",
                "parent": "NYIS",
                "parent-name": "New York Independent System Operator",
                "value": "947",
                "value-units": "megawatthours"
            },
            {
                "period": "2024-04-10T15",
                "subba": "ZONH",
                "subba-name": "Millwood - NYIS",
                "parent": "NYIS",
                "parent-name": "New York Independent System Operator",
                "value": "262",
                "value-units": "megawatthours"
            },
            {
                "period": "2024-04-10T15",
                "subba": "ZONI",
                "subba-name": "Dunwoodie - NYIS",
                "parent": "NYIS",
                "parent-name": "New York Independent System Operator",
                "value": "511",
                "value-units": "megawatthours"
            },
            {
                "period": "2024-04-10T15",
                "subba": "ZONJ",
                "subba-name": "New York City - NYIS",
                "parent": "NYIS",
                "parent-name": "New York Independent System Operator",
                "value": "5240",
                "value-units": "megawatthours"
            },
            {
                "period": "2024-04-10T15",
                "subba": "ZONK",
                "subba-name": "Long Island - NYIS",
                "parent": "NYIS",
                "parent-name": "New York Independent System Operator",
                "value": "1634",
                "value-units": "megawatthours"
            },
            {
                "period": "2024-04-10T14",
                "subba": "ZONA",
                "subba-name": "West - NYIS",
                "parent": "NYIS",
                "parent-name": "New York Independent System Operator",
                "value": "1713",
                "value-units": "megawatthours"
            },
            {
                "period": "2024-04-10T14",
                "subba": "ZONB",
                "subba-name": "Genesee - NYIS",
                "parent": "NYIS",
                "parent-name": "New York Independent System Operator",
                "value": "1027",
                "value-units": "megawatthours"
            },
            {
                "period": "2024-04-10T14",
                "subba": "ZONC",
                "subba-name": "Central - NYIS",
                "parent": "NYIS",
                "parent-name": "New York Independent System Operator",
                "value": "1679",
                "value-units": "megawatthours"
            },
            {
                "period": "2024-04-10T14",
                "subba": "ZOND",
                "subba-name": "North - NYIS",
                "parent": "NYIS",
                "parent-name": "New York Independent System Operator",
                "value": "647",
                "value-units": "megawatthours"
            },
            {
                "period": "2024-04-10T14",
                "subba": "ZONE",
                "subba-name": "Mohawk Valley - NYIS",
                "parent": "NYIS",
                "parent-name": "New York Independent System Operator",
                "value": "764",
                "value-units": "megawatthours"
            },
            {
                "period": "2024-04-10T14",
                "subba": "ZONF",
                "subba-name": "Capital - NYIS",
                "parent": "NYIS",
                "parent-name": "New York Independent System Operator",
                "value": "1107",
                "value-units": "megawatthours"
            },
            {
                "period": "2024-04-10T14",
                "subba": "ZONG",
                "subba-name": "Hudson Valley - NYIS",
                "parent": "NYIS",
                "parent-name": "New York Independent System Operator",
                "value": "913",
                "value-units": "megawatthours"
            },
            {
                "period": "2024-04-10T14",
                "subba": "ZONH",
                "subba-name": "Millwood - NYIS",
                "parent": "NYIS",
                "parent-name": "New York Independent System Operator",
                "value": "257",
                "value-units": "megawatthours"
            },
            {
                "period": "2024-04-10T14",
                "subba": "ZONI",
                "subba-name": "Dunwoodie - NYIS",
                "parent": "NYIS",
                "parent-name": "New York Independent System Operator",
                "value": "525",
                "value-units": "megawatthours"
            },
            {
                "period": "2024-04-10T14",
                "subba": "ZONJ",
                "subba-name": "New York City - NYIS",
                "parent": "NYIS",
                "parent-name": "New York Independent System Operator",
                "value": "5221",
                "value-units": "megawatthours"
            },
            {
                "period": "2024-04-10T14",
                "subba": "ZONK",
                "subba-name": "Long Island - NYIS",
                "parent": "NYIS",
                "parent-name": "New York Independent System Operator",
                "value": "1711",
                "value-units": "megawatthours"
            },
            {
                "period": "2024-04-10T13",
                "subba": "ZONA",
                "subba-name": "West - NYIS",
                "parent": "NYIS",
                "parent-name": "New York Independent System Operator",
                "value": "1692",
                "value-units": "megawatthours"
            },
            {
                "period": "2024-04-10T13",
                "subba": "ZONB",
                "subba-name": "Genesee - NYIS",
                "parent": "NYIS",
                "parent-name": "New York Independent System Operator",
                "value": "1030",
                "value-units": "megawatthours"
            },
            {
                "period": "2024-04-10T13",
                "subba": "ZONC",
                "subba-name": "Central - NYIS",
                "parent": "NYIS",
                "parent-name": "New York Independent System Operator",
                "value": "1669",
                "value-units": "megawatthours"
            },
            {
                "period": "2024-04-10T13",
                "subba": "ZOND",
                "subba-name": "North - NYIS",
                "parent": "NYIS",
                "parent-name": "New York Independent System Operator",
                "value": "651",
                "value-units": "megawatthours"
            },
            {
                "period": "2024-04-10T13",
                "subba": "ZONE",
                "subba-name": "Mohawk Valley - NYIS",
                "parent": "NYIS",
                "parent-name": "New York Independent System Operator",
                "value": "764",
                "value-units": "megawatthours"
            },
            {
                "period": "2024-04-10T13",
                "subba": "ZONF",
                "subba-name": "Capital - NYIS",
                "parent": "NYIS",
                "parent-name": "New York Independent System Operator",
                "value": "1139",
                "value-units": "megawatthours"
            },
            {
                "period": "2024-04-10T13",
                "subba": "ZONG",
                "subba-name": "Hudson Valley - NYIS",
                "parent": "NYIS",
                "parent-name": "New York Independent System Operator",
                "value": "897",
                "value-units": "megawatthours"
            },
            {
                "period": "2024-04-10T13",
                "subba": "ZONH",
                "subba-name": "Millwood - NYIS",
                "parent": "NYIS",
                "parent-name": "New York Independent System Operator",
                "value": "264",
                "value-units": "megawatthours"
            },
            {
                "period": "2024-04-10T13",
                "subba": "ZONI",
                "subba-name": "Dunwoodie - NYIS",
                "parent": "NYIS",
                "parent-name": "New York Independent System Operator",
                "value": "531",
                "value-units": "megawatthours"
            },
            {
                "period": "2024-04-10T13",
                "subba": "ZONJ",
                "subba-name": "New York City - NYIS",
                "parent": "NYIS",
                "parent-name": "New York Independent System Operator",
                "value": "5067",
                "value-units": "megawatthours"
            },
            {
                "period": "2024-04-10T13",
                "subba": "ZONK",
                "subba-name": "Long Island - NYIS",
                "parent": "NYIS",
                "parent-name": "New York Independent System Operator",
                "value": "1760",
                "value-units": "megawatthours"
            },
            {
                "period": "2024-04-10T12",
                "subba": "ZONA",
                "subba-name": "West - NYIS",
                "parent": "NYIS",
                "parent-name": "New York Independent System Operator",
                "value": "1659",
                "value-units": "megawatthours"
            },
            {
                "period": "2024-04-10T12",
                "subba": "ZONB",
                "subba-name": "Genesee - NYIS",
                "parent": "NYIS",
                "parent-name": "New York Independent System Operator",
                "value": "1004",
                "value-units": "megawatthours"
            },
            {
                "period": "2024-04-10T12",
                "subba": "ZONC",
                "subba-name": "Central - NYIS",
                "parent": "NYIS",
                "parent-name": "New York Independent System Operator",
                "value": "1634",
                "value-units": "megawatthours"
            },
            {
                "period": "2024-04-10T12",
                "subba": "ZOND",
                "subba-name": "North - NYIS",
                "parent": "NYIS",
                "parent-name": "New York Independent System Operator",
                "value": "656",
                "value-units": "megawatthours"
            },
            {
                "period": "2024-04-10T12",
                "subba": "ZONE",
                "subba-name": "Mohawk Valley - NYIS",
                "parent": "NYIS",
                "parent-name": "New York Independent System Operator",
                "value": "766",
                "value-units": "megawatthours"
            },
            {
                "period": "2024-04-10T12",
                "subba": "ZONF",
                "subba-name": "Capital - NYIS",
                "parent": "NYIS",
                "parent-name": "New York Independent System Operator",
                "value": "1179",
                "value-units": "megawatthours"
            },
            {
                "period": "2024-04-10T12",
                "subba": "ZONG",
                "subba-name": "Hudson Valley - NYIS",
                "parent": "NYIS",
                "parent-name": "New York Independent System Operator",
                "value": "912",
                "value-units": "megawatthours"
            },
            {
                "period": "2024-04-10T12",
                "subba": "ZONH",
                "subba-name": "Millwood - NYIS",
                "parent": "NYIS",
                "parent-name": "New York Independent System Operator",
                "value": "272",
                "value-units": "megawatthours"
            },
            {
                "period": "2024-04-10T12",
                "subba": "ZONI",
                "subba-name": "Dunwoodie - NYIS",
                "parent": "NYIS",
                "parent-name": "New York Independent System Operator",
                "value": "525",
                "value-units": "megawatthours"
            },
            {
                "period": "2024-04-10T12",
                "subba": "ZONJ",
                "subba-name": "New York City - NYIS",
                "parent": "NYIS",
                "parent-name": "New York Independent System Operator",
                "value": "4818",
                "value-units": "megawatthours"
            },
            {
                "period": "2024-04-10T12",
                "subba": "ZONK",
                "subba-name": "Long Island - NYIS",
                "parent": "NYIS",
                "parent-name": "New York Independent System Operator",
                "value": "1818",
                "value-units": "megawatthours"
            },
            {
                "period": "2024-04-10T11",
                "subba": "ZONA",
                "subba-name": "West - NYIS",
                "parent": "NYIS",
                "parent-name": "New York Independent System Operator",
                "value": "1589",
                "value-units": "megawatthours"
            },
            {
                "period": "2024-04-10T11",
                "subba": "ZONB",
                "subba-name": "Genesee - NYIS",
                "parent": "NYIS",
                "parent-name": "New York Independent System Operator",
                "value": "949",
                "value-units": "megawatthours"
            },
            {
                "period": "2024-04-10T11",
                "subba": "ZONC",
                "subba-name": "Central - NYIS",
                "parent": "NYIS",
                "parent-name": "New York Independent System Operator",
                "value": "1543",
                "value-units": "megawatthours"
            },
            {
                "period": "2024-04-10T11",
                "subba": "ZOND",
                "subba-name": "North - NYIS",
                "parent": "NYIS",
                "parent-name": "New York Independent System Operator",
                "value": "635",
                "value-units": "megawatthours"
            },
            {
                "period": "2024-04-10T11",
                "subba": "ZONE",
                "subba-name": "Mohawk Valley - NYIS",
                "parent": "NYIS",
                "parent-name": "New York Independent System Operator",
                "value": "745",
                "value-units": "megawatthours"
            },
            {
                "period": "2024-04-10T11",
                "subba": "ZONF",
                "subba-name": "Capital - NYIS",
                "parent": "NYIS",
                "parent-name": "New York Independent System Operator",
                "value": "1137",
                "value-units": "megawatthours"
            },
            {
                "period": "2024-04-10T11",
                "subba": "ZONG",
                "subba-name": "Hudson Valley - NYIS",
                "parent": "NYIS",
                "parent-name": "New York Independent System Operator",
                "value": "877",
                "value-units": "megawatthours"
            },
            {
                "period": "2024-04-10T11",
                "subba": "ZONH",
                "subba-name": "Millwood - NYIS",
                "parent": "NYIS",
                "parent-name": "New York Independent System Operator",
                "value": "259",
                "value-units": "megawatthours"
            },
            {
                "period": "2024-04-10T11",
                "subba": "ZONI",
                "subba-name": "Dunwoodie - NYIS",
                "parent": "NYIS",
                "parent-name": "New York Independent System Operator",
                "value": "488",
                "value-units": "megawatthours"
            },
            {
                "period": "2024-04-10T11",
                "subba": "ZONJ",
                "subba-name": "New York City - NYIS",
                "parent": "NYIS",
                "parent-name": "New York Independent System Operator",
                "value": "4439",
                "value-units": "megawatthours"
            },
            {
                "period": "2024-04-10T11",
                "subba": "ZONK",
                "subba-name": "Long Island - NYIS",
                "parent": "NYIS",
                "parent-name": "New York Independent System Operator",
                "value": "1758",
                "value-units": "megawatthours"
            },
            {
                "period": "2024-04-10T10",
                "subba": "ZONA",
                "subba-name": "West - NYIS",
                "parent": "NYIS",
                "parent-name": "New York Independent System Operator",
                "value": "1478",
                "value-units": "megawatthours"
            },
            {
                "period": "2024-04-10T10",
                "subba": "ZONB",
                "subba-name": "Genesee - NYIS",
                "parent": "NYIS",
                "parent-name": "New York Independent System Operator",
                "value": "864",
                "value-units": "megawatthours"
            },
            {
                "period": "2024-04-10T10",
                "subba": "ZONC",
                "subba-name": "Central - NYIS",
                "parent": "NYIS",
                "parent-name": "New York Independent System Operator",
                "value": "1382",
                "value-units": "megawatthours"
            },
            {
                "period": "2024-04-10T10",
                "subba": "ZOND",
                "subba-name": "North - NYIS",
                "parent": "NYIS",
                "parent-name": "New York Independent System Operator",
                "value": "624",
                "value-units": "megawatthours"
            },
            {
                "period": "2024-04-10T10",
                "subba": "ZONE",
                "subba-name": "Mohawk Valley - NYIS",
                "parent": "NYIS",
                "parent-name": "New York Independent System Operator",
                "value": "659",
                "value-units": "megawatthours"
            },
            {
                "period": "2024-04-10T10",
                "subba": "ZONF",
                "subba-name": "Capital - NYIS",
                "parent": "NYIS",
                "parent-name": "New York Independent System Operator",
                "value": "1018",
                "value-units": "megawatthours"
            },
            {
                "period": "2024-04-10T10",
                "subba": "ZONG",
                "subba-name": "Hudson Valley - NYIS",
                "parent": "NYIS",
                "parent-name": "New York Independent System Operator",
                "value": "801",
                "value-units": "megawatthours"
            },
            {
                "period": "2024-04-10T10",
                "subba": "ZONH",
                "subba-name": "Millwood - NYIS",
                "parent": "NYIS",
                "parent-name": "New York Independent System Operator",
                "value": "221",
                "value-units": "megawatthours"
            },
            {
                "period": "2024-04-10T10",
                "subba": "ZONI",
                "subba-name": "Dunwoodie - NYIS",
                "parent": "NYIS",
                "parent-name": "New York Independent System Operator",
                "value": "447",
                "value-units": "megawatthours"
            },
            {
                "period": "2024-04-10T10",
                "subba": "ZONJ",
                "subba-name": "New York City - NYIS",
                "parent": "NYIS",
                "parent-name": "New York Independent System Operator",
                "value": "4029",
                "value-units": "megawatthours"
            },
            {
                "period": "2024-04-10T10",
                "subba": "ZONK",
                "subba-name": "Long Island - NYIS",
                "parent": "NYIS",
                "parent-name": "New York Independent System Operator",
                "value": "1608",
                "value-units": "megawatthours"
            },
            {
                "period": "2024-04-10T09",
                "subba": "ZONA",
                "subba-name": "West - NYIS",
                "parent": "NYIS",
                "parent-name": "New York Independent System Operator",
                "value": "1425",
                "value-units": "megawatthours"
            },
            {
                "period": "2024-04-10T09",
                "subba": "ZONB",
                "subba-name": "Genesee - NYIS",
                "parent": "NYIS",
                "parent-name": "New York Independent System Operator",
                "value": "824",
                "value-units": "megawatthours"
            },
            {
                "period": "2024-04-10T09",
                "subba": "ZONC",
                "subba-name": "Central - NYIS",
                "parent": "NYIS",
                "parent-name": "New York Independent System Operator",
                "value": "1280",
                "value-units": "megawatthours"
            },
            {
                "period": "2024-04-10T09",
                "subba": "ZOND",
                "subba-name": "North - NYIS",
                "parent": "NYIS",
                "parent-name": "New York Independent System Operator",
                "value": "589",
                "value-units": "megawatthours"
            },
            {
                "period": "2024-04-10T09",
                "subba": "ZONE",
                "subba-name": "Mohawk Valley - NYIS",
                "parent": "NYIS",
                "parent-name": "New York Independent System Operator",
                "value": "602",
                "value-units": "megawatthours"
            },
            {
                "period": "2024-04-10T09",
                "subba": "ZONF",
                "subba-name": "Capital - NYIS",
                "parent": "NYIS",
                "parent-name": "New York Independent System Operator",
                "value": "949",
                "value-units": "megawatthours"
            },
            {
                "period": "2024-04-10T09",
                "subba": "ZONG",
                "subba-name": "Hudson Valley - NYIS",
                "parent": "NYIS",
                "parent-name": "New York Independent System Operator",
                "value": "756",
                "value-units": "megawatthours"
            },
            {
                "period": "2024-04-10T09",
                "subba": "ZONH",
                "subba-name": "Millwood - NYIS",
                "parent": "NYIS",
                "parent-name": "New York Independent System Operator",
                "value": "206",
                "value-units": "megawatthours"
            },
            {
                "period": "2024-04-10T09",
                "subba": "ZONI",
                "subba-name": "Dunwoodie - NYIS",
                "parent": "NYIS",
                "parent-name": "New York Independent System Operator",
                "value": "419",
                "value-units": "megawatthours"
            },
            {
                "period": "2024-04-10T09",
                "subba": "ZONJ",
                "subba-name": "New York City - NYIS",
                "parent": "NYIS",
                "parent-name": "New York Independent System Operator",
                "value": "3852",
                "value-units": "megawatthours"
            },
            {
                "period": "2024-04-10T09",
                "subba": "ZONK",
                "subba-name": "Long Island - NYIS",
                "parent": "NYIS",
                "parent-name": "New York Independent System Operator",
                "value": "1503",
                "value-units": "megawatthours"
            },
            {
                "period": "2024-04-10T08",
                "subba": "ZONA",
                "subba-name": "West - NYIS",
                "parent": "NYIS",
                "parent-name": "New York Independent System Operator",
                "value": "1410",
                "value-units": "megawatthours"
            },
            {
                "period": "2024-04-10T08",
                "subba": "ZONB",
                "subba-name": "Genesee - NYIS",
                "parent": "NYIS",
                "parent-name": "New York Independent System Operator",
                "value": "817",
                "value-units": "megawatthours"
            },
            {
                "period": "2024-04-10T08",
                "subba": "ZONC",
                "subba-name": "Central - NYIS",
                "parent": "NYIS",
                "parent-name": "New York Independent System Operator",
                "value": "1257",
                "value-units": "megawatthours"
            },
            {
                "period": "2024-04-10T08",
                "subba": "ZOND",
                "subba-name": "North - NYIS",
                "parent": "NYIS",
                "parent-name": "New York Independent System Operator",
                "value": "589",
                "value-units": "megawatthours"
            },
            {
                "period": "2024-04-10T08",
                "subba": "ZONE",
                "subba-name": "Mohawk Valley - NYIS",
                "parent": "NYIS",
                "parent-name": "New York Independent System Operator",
                "value": "574",
                "value-units": "megawatthours"
            },
            {
                "period": "2024-04-10T08",
                "subba": "ZONF",
                "subba-name": "Capital - NYIS",
                "parent": "NYIS",
                "parent-name": "New York Independent System Operator",
                "value": "921",
                "value-units": "megawatthours"
            },
            {
                "period": "2024-04-10T08",
                "subba": "ZONG",
                "subba-name": "Hudson Valley - NYIS",
                "parent": "NYIS",
                "parent-name": "New York Independent System Operator",
                "value": "745",
                "value-units": "megawatthours"
            },
            {
                "period": "2024-04-10T08",
                "subba": "ZONH",
                "subba-name": "Millwood - NYIS",
                "parent": "NYIS",
                "parent-name": "New York Independent System Operator",
                "value": "204",
                "value-units": "megawatthours"
            },
            {
                "period": "2024-04-10T08",
                "subba": "ZONI",
                "subba-name": "Dunwoodie - NYIS",
                "parent": "NYIS",
                "parent-name": "New York Independent System Operator",
                "value": "414",
                "value-units": "megawatthours"
            },
            {
                "period": "2024-04-10T08",
                "subba": "ZONJ",
                "subba-name": "New York City - NYIS",
                "parent": "NYIS",
                "parent-name": "New York Independent System Operator",
                "value": "3874",
                "value-units": "megawatthours"
            },
            {
                "period": "2024-04-10T08",
                "subba": "ZONK",
                "subba-name": "Long Island - NYIS",
                "parent": "NYIS",
                "parent-name": "New York Independent System Operator",
                "value": "1471",
                "value-units": "megawatthours"
            },
            {
                "period": "2024-04-10T07",
                "subba": "ZONA",
                "subba-name": "West - NYIS",
                "parent": "NYIS",
                "parent-name": "New York Independent System Operator",
                "value": "1420",
                "value-units": "megawatthours"
            },
            {
                "period": "2024-04-10T07",
                "subba": "ZONB",
                "subba-name": "Genesee - NYIS",
                "parent": "NYIS",
                "parent-name": "New York Independent System Operator",
                "value": "824",
                "value-units": "megawatthours"
            },
            {
                "period": "2024-04-10T07",
                "subba": "ZONC",
                "subba-name": "Central - NYIS",
                "parent": "NYIS",
                "parent-name": "New York Independent System Operator",
                "value": "1291",
                "value-units": "megawatthours"
            },
            {
                "period": "2024-04-10T07",
                "subba": "ZOND",
                "subba-name": "North - NYIS",
                "parent": "NYIS",
                "parent-name": "New York Independent System Operator",
                "value": "610",
                "value-units": "megawatthours"
            },
            {
                "period": "2024-04-10T07",
                "subba": "ZONE",
                "subba-name": "Mohawk Valley - NYIS",
                "parent": "NYIS",
                "parent-name": "New York Independent System Operator",
                "value": "579",
                "value-units": "megawatthours"
            },
            {
                "period": "2024-04-10T07",
                "subba": "ZONF",
                "subba-name": "Capital - NYIS",
                "parent": "NYIS",
                "parent-name": "New York Independent System Operator",
                "value": "916",
                "value-units": "megawatthours"
            },
            {
                "period": "2024-04-10T07",
                "subba": "ZONG",
                "subba-name": "Hudson Valley - NYIS",
                "parent": "NYIS",
                "parent-name": "New York Independent System Operator",
                "value": "752",
                "value-units": "megawatthours"
            },
            {
                "period": "2024-04-10T07",
                "subba": "ZONH",
                "subba-name": "Millwood - NYIS",
                "parent": "NYIS",
                "parent-name": "New York Independent System Operator",
                "value": "207",
                "value-units": "megawatthours"
            },
            {
                "period": "2024-04-10T07",
                "subba": "ZONI",
                "subba-name": "Dunwoodie - NYIS",
                "parent": "NYIS",
                "parent-name": "New York Independent System Operator",
                "value": "418",
                "value-units": "megawatthours"
            },
            {
                "period": "2024-04-10T07",
                "subba": "ZONJ",
                "subba-name": "New York City - NYIS",
                "parent": "NYIS",
                "parent-name": "New York Independent System Operator",
                "value": "3946",
                "value-units": "megawatthours"
            },
            {
                "period": "2024-04-10T07",
                "subba": "ZONK",
                "subba-name": "Long Island - NYIS",
                "parent": "NYIS",
                "parent-name": "New York Independent System Operator",
                "value": "1491",
                "value-units": "megawatthours"
            },
            {
                "period": "2024-04-10T06",
                "subba": "ZONA",
                "subba-name": "West - NYIS",
                "parent": "NYIS",
                "parent-name": "New York Independent System Operator",
                "value": "1444",
                "value-units": "megawatthours"
            },
            {
                "period": "2024-04-10T06",
                "subba": "ZONB",
                "subba-name": "Genesee - NYIS",
                "parent": "NYIS",
                "parent-name": "New York Independent System Operator",
                "value": "845",
                "value-units": "megawatthours"
            },
            {
                "period": "2024-04-10T06",
                "subba": "ZONC",
                "subba-name": "Central - NYIS",
                "parent": "NYIS",
                "parent-name": "New York Independent System Operator",
                "value": "1280",
                "value-units": "megawatthours"
            },
            {
                "period": "2024-04-10T06",
                "subba": "ZOND",
                "subba-name": "North - NYIS",
                "parent": "NYIS",
                "parent-name": "New York Independent System Operator",
                "value": "613",
                "value-units": "megawatthours"
            },
            {
                "period": "2024-04-10T06",
                "subba": "ZONE",
                "subba-name": "Mohawk Valley - NYIS",
                "parent": "NYIS",
                "parent-name": "New York Independent System Operator",
                "value": "592",
                "value-units": "megawatthours"
            },
            {
                "period": "2024-04-10T06",
                "subba": "ZONF",
                "subba-name": "Capital - NYIS",
                "parent": "NYIS",
                "parent-name": "New York Independent System Operator",
                "value": "922",
                "value-units": "megawatthours"
            },
            {
                "period": "2024-04-10T06",
                "subba": "ZONG",
                "subba-name": "Hudson Valley - NYIS",
                "parent": "NYIS",
                "parent-name": "New York Independent System Operator",
                "value": "775",
                "value-units": "megawatthours"
            },
            {
                "period": "2024-04-10T06",
                "subba": "ZONH",
                "subba-name": "Millwood - NYIS",
                "parent": "NYIS",
                "parent-name": "New York Independent System Operator",
                "value": "209",
                "value-units": "megawatthours"
            },
            {
                "period": "2024-04-10T06",
                "subba": "ZONI",
                "subba-name": "Dunwoodie - NYIS",
                "parent": "NYIS",
                "parent-name": "New York Independent System Operator",
                "value": "435",
                "value-units": "megawatthours"
            },
            {
                "period": "2024-04-10T06",
                "subba": "ZONJ",
                "subba-name": "New York City - NYIS",
                "parent": "NYIS",
                "parent-name": "New York Independent System Operator",
                "value": "4064",
                "value-units": "megawatthours"
            },
            {
                "period": "2024-04-10T06",
                "subba": "ZONK",
                "subba-name": "Long Island - NYIS",
                "parent": "NYIS",
                "parent-name": "New York Independent System Operator",
                "value": "1537",
                "value-units": "megawatthours"
            },
            {
                "period": "2024-04-10T05",
                "subba": "ZONA",
                "subba-name": "West - NYIS",
                "parent": "NYIS",
                "parent-name": "New York Independent System Operator",
                "value": "1470",
                "value-units": "megawatthours"
            },
            {
                "period": "2024-04-10T05",
                "subba": "ZONB",
                "subba-name": "Genesee - NYIS",
                "parent": "NYIS",
                "parent-name": "New York Independent System Operator",
                "value": "869",
                "value-units": "megawatthours"
            },
            {
                "period": "2024-04-10T05",
                "subba": "ZONC",
                "subba-name": "Central - NYIS",
                "parent": "NYIS",
                "parent-name": "New York Independent System Operator",
                "value": "1325",
                "value-units": "megawatthours"
            },
            {
                "period": "2024-04-10T05",
                "subba": "ZOND",
                "subba-name": "North - NYIS",
                "parent": "NYIS",
                "parent-name": "New York Independent System Operator",
                "value": "607",
                "value-units": "megawatthours"
            },
            {
                "period": "2024-04-10T05",
                "subba": "ZONE",
                "subba-name": "Mohawk Valley - NYIS",
                "parent": "NYIS",
                "parent-name": "New York Independent System Operator",
                "value": "602",
                "value-units": "megawatthours"
            },
            {
                "period": "2024-04-10T05",
                "subba": "ZONF",
                "subba-name": "Capital - NYIS",
                "parent": "NYIS",
                "parent-name": "New York Independent System Operator",
                "value": "939",
                "value-units": "megawatthours"
            },
            {
                "period": "2024-04-10T05",
                "subba": "ZONG",
                "subba-name": "Hudson Valley - NYIS",
                "parent": "NYIS",
                "parent-name": "New York Independent System Operator",
                "value": "807",
                "value-units": "megawatthours"
            },
            {
                "period": "2024-04-10T05",
                "subba": "ZONH",
                "subba-name": "Millwood - NYIS",
                "parent": "NYIS",
                "parent-name": "New York Independent System Operator",
                "value": "226",
                "value-units": "megawatthours"
            },
            {
                "period": "2024-04-10T05",
                "subba": "ZONI",
                "subba-name": "Dunwoodie - NYIS",
                "parent": "NYIS",
                "parent-name": "New York Independent System Operator",
                "value": "448",
                "value-units": "megawatthours"
            },
            {
                "period": "2024-04-10T05",
                "subba": "ZONJ",
                "subba-name": "New York City - NYIS",
                "parent": "NYIS",
                "parent-name": "New York Independent System Operator",
                "value": "4253",
                "value-units": "megawatthours"
            },
            {
                "period": "2024-04-10T05",
                "subba": "ZONK",
                "subba-name": "Long Island - NYIS",
                "parent": "NYIS",
                "parent-name": "New York Independent System Operator",
                "value": "1620",
                "value-units": "megawatthours"
            },
            {
                "period": "2024-04-10T04",
                "subba": "ZONA",
                "subba-name": "West - NYIS",
                "parent": "NYIS",
                "parent-name": "New York Independent System Operator",
                "value": "1532",
                "value-units": "megawatthours"
            },
            {
                "period": "2024-04-10T04",
                "subba": "ZONB",
                "subba-name": "Genesee - NYIS",
                "parent": "NYIS",
                "parent-name": "New York Independent System Operator",
                "value": "902",
                "value-units": "megawatthours"
            },
            {
                "period": "2024-04-10T04",
                "subba": "ZONC",
                "subba-name": "Central - NYIS",
                "parent": "NYIS",
                "parent-name": "New York Independent System Operator",
                "value": "1401",
                "value-units": "megawatthours"
            },
            {
                "period": "2024-04-10T04",
                "subba": "ZOND",
                "subba-name": "North - NYIS",
                "parent": "NYIS",
                "parent-name": "New York Independent System Operator",
                "value": "608",
                "value-units": "megawatthours"
            },
            {
                "period": "2024-04-10T04",
                "subba": "ZONE",
                "subba-name": "Mohawk Valley - NYIS",
                "parent": "NYIS",
                "parent-name": "New York Independent System Operator",
                "value": "637",
                "value-units": "megawatthours"
            },
            {
                "period": "2024-04-10T04",
                "subba": "ZONF",
                "subba-name": "Capital - NYIS",
                "parent": "NYIS",
                "parent-name": "New York Independent System Operator",
                "value": "980",
                "value-units": "megawatthours"
            },
            {
                "period": "2024-04-10T04",
                "subba": "ZONG",
                "subba-name": "Hudson Valley - NYIS",
                "parent": "NYIS",
                "parent-name": "New York Independent System Operator",
                "value": "852",
                "value-units": "megawatthours"
            },
            {
                "period": "2024-04-10T04",
                "subba": "ZONH",
                "subba-name": "Millwood - NYIS",
                "parent": "NYIS",
                "parent-name": "New York Independent System Operator",
                "value": "236",
                "value-units": "megawatthours"
            },
            {
                "period": "2024-04-10T04",
                "subba": "ZONI",
                "subba-name": "Dunwoodie - NYIS",
                "parent": "NYIS",
                "parent-name": "New York Independent System Operator",
                "value": "486",
                "value-units": "megawatthours"
            },
            {
                "period": "2024-04-10T04",
                "subba": "ZONJ",
                "subba-name": "New York City - NYIS",
                "parent": "NYIS",
                "parent-name": "New York Independent System Operator",
                "value": "4519",
                "value-units": "megawatthours"
            },
            {
                "period": "2024-04-10T04",
                "subba": "ZONK",
                "subba-name": "Long Island - NYIS",
                "parent": "NYIS",
                "parent-name": "New York Independent System Operator",
                "value": "1728",
                "value-units": "megawatthours"
            },
            {
                "period": "2024-04-10T03",
                "subba": "ZONA",
                "subba-name": "West - NYIS",
                "parent": "NYIS",
                "parent-name": "New York Independent System Operator",
                "value": "1626",
                "value-units": "megawatthours"
            },
            {
                "period": "2024-04-10T03",
                "subba": "ZONB",
                "subba-name": "Genesee - NYIS",
                "parent": "NYIS",
                "parent-name": "New York Independent System Operator",
                "value": "957",
                "value-units": "megawatthours"
            },
            {
                "period": "2024-04-10T03",
                "subba": "ZONC",
                "subba-name": "Central - NYIS",
                "parent": "NYIS",
                "parent-name": "New York Independent System Operator",
                "value": "1469",
                "value-units": "megawatthours"
            },
            {
                "period": "2024-04-10T03",
                "subba": "ZOND",
                "subba-name": "North - NYIS",
                "parent": "NYIS",
                "parent-name": "New York Independent System Operator",
                "value": "612",
                "value-units": "megawatthours"
            },
            {
                "period": "2024-04-10T03",
                "subba": "ZONE",
                "subba-name": "Mohawk Valley - NYIS",
                "parent": "NYIS",
                "parent-name": "New York Independent System Operator",
                "value": "688",
                "value-units": "megawatthours"
            },
            {
                "period": "2024-04-10T03",
                "subba": "ZONF",
                "subba-name": "Capital - NYIS",
                "parent": "NYIS",
                "parent-name": "New York Independent System Operator",
                "value": "1061",
                "value-units": "megawatthours"
            },
            {
                "period": "2024-04-10T03",
                "subba": "ZONG",
                "subba-name": "Hudson Valley - NYIS",
                "parent": "NYIS",
                "parent-name": "New York Independent System Operator",
                "value": "926",
                "value-units": "megawatthours"
            },
            {
                "period": "2024-04-10T03",
                "subba": "ZONH",
                "subba-name": "Millwood - NYIS",
                "parent": "NYIS",
                "parent-name": "New York Independent System Operator",
                "value": "263",
                "value-units": "megawatthours"
            },
            {
                "period": "2024-04-10T03",
                "subba": "ZONI",
                "subba-name": "Dunwoodie - NYIS",
                "parent": "NYIS",
                "parent-name": "New York Independent System Operator",
                "value": "530",
                "value-units": "megawatthours"
            },
            {
                "period": "2024-04-10T03",
                "subba": "ZONJ",
                "subba-name": "New York City - NYIS",
                "parent": "NYIS",
                "parent-name": "New York Independent System Operator",
                "value": "4824",
                "value-units": "megawatthours"
            },
            {
                "period": "2024-04-10T03",
                "subba": "ZONK",
                "subba-name": "Long Island - NYIS",
                "parent": "NYIS",
                "parent-name": "New York Independent System Operator",
                "value": "1884",
                "value-units": "megawatthours"
            },
            {
                "period": "2024-04-10T02",
                "subba": "ZONA",
                "subba-name": "West - NYIS",
                "parent": "NYIS",
                "parent-name": "New York Independent System Operator",
                "value": "1724",
                "value-units": "megawatthours"
            },
            {
                "period": "2024-04-10T02",
                "subba": "ZONB",
                "subba-name": "Genesee - NYIS",
                "parent": "NYIS",
                "parent-name": "New York Independent System Operator",
                "value": "1033",
                "value-units": "megawatthours"
            },
            {
                "period": "2024-04-10T02",
                "subba": "ZONC",
                "subba-name": "Central - NYIS",
                "parent": "NYIS",
                "parent-name": "New York Independent System Operator",
                "value": "1579",
                "value-units": "megawatthours"
            },
            {
                "period": "2024-04-10T02",
                "subba": "ZOND",
                "subba-name": "North - NYIS",
                "parent": "NYIS",
                "parent-name": "New York Independent System Operator",
                "value": "615",
                "value-units": "megawatthours"
            },
            {
                "period": "2024-04-10T02",
                "subba": "ZONE",
                "subba-name": "Mohawk Valley - NYIS",
                "parent": "NYIS",
                "parent-name": "New York Independent System Operator",
                "value": "745",
                "value-units": "megawatthours"
            },
            {
                "period": "2024-04-10T02",
                "subba": "ZONF",
                "subba-name": "Capital - NYIS",
                "parent": "NYIS",
                "parent-name": "New York Independent System Operator",
                "value": "1152",
                "value-units": "megawatthours"
            },
            {
                "period": "2024-04-10T02",
                "subba": "ZONG",
                "subba-name": "Hudson Valley - NYIS",
                "parent": "NYIS",
                "parent-name": "New York Independent System Operator",
                "value": "1008",
                "value-units": "megawatthours"
            },
            {
                "period": "2024-04-10T02",
                "subba": "ZONH",
                "subba-name": "Millwood - NYIS",
                "parent": "NYIS",
                "parent-name": "New York Independent System Operator",
                "value": "292",
                "value-units": "megawatthours"
            },
            {
                "period": "2024-04-10T02",
                "subba": "ZONI",
                "subba-name": "Dunwoodie - NYIS",
                "parent": "NYIS",
                "parent-name": "New York Independent System Operator",
                "value": "558",
                "value-units": "megawatthours"
            },
            {
                "period": "2024-04-10T02",
                "subba": "ZONJ",
                "subba-name": "New York City - NYIS",
                "parent": "NYIS",
                "parent-name": "New York Independent System Operator",
                "value": "5109",
                "value-units": "megawatthours"
            },
            {
                "period": "2024-04-10T02",
                "subba": "ZONK",
                "subba-name": "Long Island - NYIS",
                "parent": "NYIS",
                "parent-name": "New York Independent System Operator",
                "value": "2041",
                "value-units": "megawatthours"
            },
            {
                "period": "2024-04-10T01",
                "subba": "ZONA",
                "subba-name": "West - NYIS",
                "parent": "NYIS",
                "parent-name": "New York Independent System Operator",
                "value": "1793",
                "value-units": "megawatthours"
            },
            {
                "period": "2024-04-10T01",
                "subba": "ZONB",
                "subba-name": "Genesee - NYIS",
                "parent": "NYIS",
                "parent-name": "New York Independent System Operator",
                "value": "1090",
                "value-units": "megawatthours"
            },
            {
                "period": "2024-04-10T01",
                "subba": "ZONC",
                "subba-name": "Central - NYIS",
                "parent": "NYIS",
                "parent-name": "New York Independent System Operator",
                "value": "1695",
                "value-units": "megawatthours"
            },
            {
                "period": "2024-04-10T01",
                "subba": "ZOND",
                "subba-name": "North - NYIS",
                "parent": "NYIS",
                "parent-name": "New York Independent System Operator",
                "value": "633",
                "value-units": "megawatthours"
            },
            {
                "period": "2024-04-10T01",
                "subba": "ZONE",
                "subba-name": "Mohawk Valley - NYIS",
                "parent": "NYIS",
                "parent-name": "New York Independent System Operator",
                "value": "789",
                "value-units": "megawatthours"
            },
            {
                "period": "2024-04-10T01",
                "subba": "ZONF",
                "subba-name": "Capital - NYIS",
                "parent": "NYIS",
                "parent-name": "New York Independent System Operator",
                "value": "1230",
                "value-units": "megawatthours"
            },
            {
                "period": "2024-04-10T01",
                "subba": "ZONG",
                "subba-name": "Hudson Valley - NYIS",
                "parent": "NYIS",
                "parent-name": "New York Independent System Operator",
                "value": "1067",
                "value-units": "megawatthours"
            },
            {
                "period": "2024-04-10T01",
                "subba": "ZONH",
                "subba-name": "Millwood - NYIS",
                "parent": "NYIS",
                "parent-name": "New York Independent System Operator",
                "value": "304",
                "value-units": "megawatthours"
            },
            {
                "period": "2024-04-10T01",
                "subba": "ZONI",
                "subba-name": "Dunwoodie - NYIS",
                "parent": "NYIS",
                "parent-name": "New York Independent System Operator",
                "value": "586",
                "value-units": "megawatthours"
            },
            {
                "period": "2024-04-10T01",
                "subba": "ZONJ",
                "subba-name": "New York City - NYIS",
                "parent": "NYIS",
                "parent-name": "New York Independent System Operator",
                "value": "5277",
                "value-units": "megawatthours"
            },
            {
                "period": "2024-04-10T01",
                "subba": "ZONK",
                "subba-name": "Long Island - NYIS",
                "parent": "NYIS",
                "parent-name": "New York Independent System Operator",
                "value": "2158",
                "value-units": "megawatthours"
            },
            {
                "period": "2024-04-10T00",
                "subba": "ZONA",
                "subba-name": "West - NYIS",
                "parent": "NYIS",
                "parent-name": "New York Independent System Operator",
                "value": "1777",
                "value-units": "megawatthours"
            },
            {
                "period": "2024-04-10T00",
                "subba": "ZONB",
                "subba-name": "Genesee - NYIS",
                "parent": "NYIS",
                "parent-name": "New York Independent System Operator",
                "value": "1086",
                "value-units": "megawatthours"
            },
            {
                "period": "2024-04-10T00",
                "subba": "ZONC",
                "subba-name": "Central - NYIS",
                "parent": "NYIS",
                "parent-name": "New York Independent System Operator",
                "value": "1692",
                "value-units": "megawatthours"
            },
            {
                "period": "2024-04-10T00",
                "subba": "ZOND",
                "subba-name": "North - NYIS",
                "parent": "NYIS",
                "parent-name": "New York Independent System Operator",
                "value": "637",
                "value-units": "megawatthours"
            },
            {
                "period": "2024-04-10T00",
                "subba": "ZONE",
                "subba-name": "Mohawk Valley - NYIS",
                "parent": "NYIS",
                "parent-name": "New York Independent System Operator",
                "value": "790",
                "value-units": "megawatthours"
            },
            {
                "period": "2024-04-10T00",
                "subba": "ZONF",
                "subba-name": "Capital - NYIS",
                "parent": "NYIS",
                "parent-name": "New York Independent System Operator",
                "value": "1237",
                "value-units": "megawatthours"
            },
            {
                "period": "2024-04-10T00",
                "subba": "ZONG",
                "subba-name": "Hudson Valley - NYIS",
                "parent": "NYIS",
                "parent-name": "New York Independent System Operator",
                "value": "1058",
                "value-units": "megawatthours"
            },
            {
                "period": "2024-04-10T00",
                "subba": "ZONH",
                "subba-name": "Millwood - NYIS",
                "parent": "NYIS",
                "parent-name": "New York Independent System Operator",
                "value": "313",
                "value-units": "megawatthours"
            },
            {
                "period": "2024-04-10T00",
                "subba": "ZONI",
                "subba-name": "Dunwoodie - NYIS",
                "parent": "NYIS",
                "parent-name": "New York Independent System Operator",
                "value": "589",
                "value-units": "megawatthours"
            },
            {
                "period": "2024-04-10T00",
                "subba": "ZONJ",
                "subba-name": "New York City - NYIS",
                "parent": "NYIS",
                "parent-name": "New York Independent System Operator",
                "value": "5371",
                "value-units": "megawatthours"
            },
            {
                "period": "2024-04-10T00",
                "subba": "ZONK",
                "subba-name": "Long Island - NYIS",
                "parent": "NYIS",
                "parent-name": "New York Independent System Operator",
                "value": "2157",
                "value-units": "megawatthours"
            }
        ],
        "description": "Hourly demand by balancing authority subregion.  \n    Source: Form EIA-930\n    Product: Hourly Electric Grid Monitor"
    },
    "request": {
        "command": "/v2/electricity/rto/region-sub-ba-data/data/",
        "params": {
            "frequency": "hourly",
            "data": [
                "value"
            ],
            "sort": [
                {
                    "column": "period",
                    "direction": "desc"
                }
            ],
            "facets": {
                "parent": [
                    "NYIS"
                ]
            },
            "offset": "0",
            "length": "5000",
            "start": "2024-04-10",
            "end": "2024-04-11",
            "api_key": "dqRq8VpXSoyUrCbrPhuYFxGl6Rul9kmVcRshZ98c"
        }
    },
    "apiVersion": "2.1.8",
    "ExcelAddInVersion": "2.1.0"
}