{
    "response": {
        "total": "275",
        "dateFormat": "YYYY-MM-DD\"T\"HH24",
        "frequency": "hourly",
        "data": [
            {
                "period": "2023-11-26T00",
                "subba": "ZONA",
                "subba-name": "West - NYIS",
                "parent": "NYIS",
                "parent-name": "New York Independent System Operator",
                "value": "1800",
                "value-units": "megawatthours"
            },
            {
                "period": "2023-11-26T00",
                "subba": "ZONB",
                "subba-name": "Genesee - NYIS",
                "parent": "NYIS",
                "parent-name": "New York Independent System Operator",
                "value": "1160",
                "value-units": "megawatthours"
            },
            {
                "period": "2023-11-26T00",
                "subba": "ZONC",
                "subba-name": "Central - NYIS",
                "parent": "NYIS",
                "parent-name": "New York Independent System Operator",
                "value": "1911",
                "value-units": "megawatthours"
            },
            {
                "period": "2023-11-26T00",
                "subba": "ZOND",
                "subba-name": "North - NYIS",
                "parent": "NYIS",
                "parent-name": "New York Independent System Operator",
                "value": "720",
                "value-units": "megawatthours"
            },
            {
                "period": "2023-11-26T00",
                "subba": "ZONE",
                "subba-name": "Mohawk Valley - NYIS",
                "parent": "NYIS",
                "parent-name": "New York Independent System Operator",
                "value": "996",
                "value-units": "megawatthours"
            },
            {
                "period": "2023-11-26T00",
                "subba": "ZONF",
                "subba-name": "Capital - NYIS",
                "parent": "NYIS",
                "parent-name": "New York Independent System Operator",
                "value": "1455",
                "value-units": "megawatthours"
            },
            {
                "period": "2023-11-26T00",
                "subba": "ZONG",
                "subba-name": "Hudson Valley - NYIS",
                "parent": "NYIS",
                "parent-name": "New York Independent System Operator",
                "value": "1221",
                "value-units": "megawatthours"
            },
            {
                "period": "2023-11-26T00",
                "subba": "ZONH",
                "subba-name": "Millwood - NYIS",
                "parent": "NYIS",
                "parent-name": "New York Independent System Operator",
                "value": "375",
                "value-units": "megawatthours"
            },
            {
                "period": "2023-11-26T00",
                "subba": "ZONI",
                "subba-name": "Dunwoodie - NYIS",
                "parent": "NYIS",
                "parent-name": "New York Independent System Operator",
                "value": "690",
                "value-units": "megawatthours"
            },
            {
                "period": "2023-11-26T00",
                "subba": "ZONJ",
                "subba-name": "New York City - NYIS",
                "parent": "NYIS",
                "parent-name": "New York Independent System Operator",
                "value": "5475",
                "value-units": "megawatthours"
            },
            {
                "period": "2023-11-26T00",
                "subba": "ZONK",
                "subba-name": "Long Island - NYIS",
                "parent": "NYIS",
                "parent-name": "New York Independent System Operator",
                "value": "2501",
                "value-units": "megawatthours"
            },
            {
                "period": "2023-11-25T23",
                "subba": "ZONA",
                "subba-name": "West - NYIS",
                "parent": "NYIS",
                "parent-name": "New York Independent System Operator",
                "value": "1804",
                "value-units": "megawatthours"
            },
            {
                "period": "2023-11-25T23",
                "subba": "ZONB",
                "subba-name": "Genesee - NYIS",
                "parent": "NYIS",
                "parent-name": "New York Independent System Operator",
                "value": "1167",
                "value-units": "megawatthours"
            },
            {
                "period": "2023-11-25T23",
                "subba": "ZONC",
                "subba-name": "Central - NYIS",
                "parent": "NYIS",
                "parent-name": "New York Independent System Operator",
                "value": "1923",
                "value-units": "megawatthours"
            },
            {
                "period": "2023-11-25T23",
                "subba": "ZOND",
                "subba-name": "North - NYIS",
                "parent": "NYIS",
                "parent-name": "New York Independent System Operator",
                "value": "722",
                "value-units": "megawatthours"
            },
            {
                "period": "2023-11-25T23",
                "subba": "ZONE",
                "subba-name": "Mohawk Valley - NYIS",
                "parent": "NYIS",
                "parent-name": "New York Independent System Operator",
                "value": "992",
                "value-units": "megawatthours"
            },
            {
                "period": "2023-11-25T23",
                "subba": "ZONF",
                "subba-name": "Capital - NYIS",
                "parent": "NYIS",
                "parent-name": "New York Independent System Operator",
                "value": "1468",
                "value-units": "megawatthours"
            },
            {
                "period": "2023-11-25T23",
                "subba": "ZONG",
                "subba-name": "Hudson Valley - NYIS",
                "parent": "NYIS",
                "parent-name": "New York Independent System Operator",
                "value": "1220",
                "value-units": "megawatthours"
            },
            {
                "period": "2023-11-25T23",
                "subba": "ZONH",
                "subba-name": "Millwood - NYIS",
                "parent": "NYIS",
                "parent-name": "New York Independent System Operator",
                "value": "378",
                "value-units": "megawatthours"
            },
            {
                "period": "2023-11-25T23",
                "subba": "ZONI",
                "subba-name": "Dunwoodie - NYIS",
                "parent": "NYIS",
                "parent-name": "New York Independent System Operator",
                "value": "685",
                "value-units": "megawatthours"
            },
            {
                "period": "2023-11-25T23",
                "subba": "ZONJ",
                "subba-name": "New York City - NYIS",
                "parent": "NYIS",
                "parent-name": "New York Independent System Operator",
                "value": "5478",
                "value-units": "megawatthours"
            },
            {
                "period": "2023-11-25T23",
                "subba": "ZONK",
                "subba-name": "Long Island - NYIS",
                "parent": "NYIS",
                "parent-name": "New York Independent System Operator",
                "value": "2496",
                "value-units": "megawatthours"
            },
            {
                "period": "2023-11-25T22",
                "subba": "ZONA",
                "subba-name": "West - NYIS",
                "parent": "NYIS",
                "parent-name": "New York Independent System Operator",
                "value": "1714",
                "value-units": "megawatthours"
            },
            {
                "period": "2023-11-25T22",
                "subba": "ZONB",
                "subba-name": "Genesee - NYIS",
                "parent": "NYIS",
                "parent-name": "New York Independent System Operator",
                "value": "1102",
                "value-units": "megawatthours"
            },
            {
                "period": "2023-11-25T22",
                "subba": "ZONC",
                "subba-name": "Central - NYIS",
                "parent": "NYIS",
                "parent-name": "New York Independent System Operator",
                "value": "1830",
                "value-units": "megawatthours"
            },
            {
                "period": "2023-11-25T22",
                "subba": "ZOND",
                "subba-name": "North - NYIS",
                "parent": "NYIS",
                "parent-name": "New York Independent System Operator",
                "value": "715",
                "value-units": "megawatthours"
            },
            {
                "period": "2023-11-25T22",
                "subba": "ZONE",
                "subba-name": "Mohawk Valley - NYIS",
                "parent": "NYIS",
                "parent-name": "New York Independent System Operator",
                "value": "943",
                "value-units": "megawatthours"
            },
            {
                "period": "2023-11-25T22",
                "subba": "ZONF",
                "subba-name": "Capital - NYIS",
                "parent": "NYIS",
                "parent-name": "New York Independent System Operator",
                "value": "1414",
                "value-units": "megawatthours"
            },
            {
                "period": "2023-11-25T22",
                "subba": "ZONG",
                "subba-name": "Hudson Valley - NYIS",
                "parent": "NYIS",
                "parent-name": "New York Independent System Operator",
                "value": "1145",
                "value-units": "megawatthours"
            },
            {
                "period": "2023-11-25T22",
                "subba": "ZONH",
                "subba-name": "Millwood - NYIS",
                "parent": "NYIS",
                "parent-name": "New York Independent System Operator",
                "value": "354",
                "value-units": "megawatthours"
            },
            {
                "period": "2023-11-25T22",
                "subba": "ZONI",
                "subba-name": "Dunwoodie - NYIS",
                "parent": "NYIS",
                "parent-name": "New York Independent System Operator",
                "value": "638",
                "value-units": "megawatthours"
            },
            {
                "period": "2023-11-25T22",
                "subba": "ZONJ",
                "subba-name": "New York City - NYIS",
                "parent": "NYIS",
                "parent-name": "New York Independent System Operator",
                "value": "5350",
                "value-units": "megawatthours"
            },
            {
                "period": "2023-11-25T22",
                "subba": "ZONK",
                "subba-name": "Long Island - NYIS",
                "parent": "NYIS",
                "parent-name": "New York Independent System Operator",
                "value": "2340",
                "value-units": "megawatthours"
            },
            {
                "period": "2023-11-25T21",
                "subba": "ZONA",
                "subba-name": "West - NYIS",
                "parent": "NYIS",
                "parent-name": "New York Independent System Operator",
                "value": "1667",
                "value-units": "megawatthours"
            },
            {
                "period": "2023-11-25T21",
                "subba": "ZONB",
                "subba-name": "Genesee - NYIS",
                "parent": "NYIS",
                "parent-name": "New York Independent System Operator",
                "value": "1003",
                "value-units": "megawatthours"
            },
            {
                "period": "2023-11-25T21",
                "subba": "ZONC",
                "subba-name": "Central - NYIS",
                "parent": "NYIS",
                "parent-name": "New York Independent System Operator",
                "value": "1665",
                "value-units": "megawatthours"
            },
            {
                "period": "2023-11-25T21",
                "subba": "ZOND",
                "subba-name": "North - NYIS",
                "parent": "NYIS",
                "parent-name": "New York Independent System Operator",
                "value": "701",
                "value-units": "megawatthours"
            },
            {
                "period": "2023-11-25T21",
                "subba": "ZONE",
                "subba-name": "Mohawk Valley - NYIS",
                "parent": "NYIS",
                "parent-name": "New York Independent System Operator",
                "value": "908",
                "value-units": "megawatthours"
            },
            {
                "period": "2023-11-25T21",
                "subba": "ZONF",
                "subba-name": "Capital - NYIS",
                "parent": "NYIS",
                "parent-name": "New York Independent System Operator",
                "value": "1338",
                "value-units": "megawatthours"
            },
            {
                "period": "2023-11-25T21",
                "subba": "ZONG",
                "subba-name": "Hudson Valley - NYIS",
                "parent": "NYIS",
                "parent-name": "New York Independent System Operator",
                "value": "1022",
                "value-units": "megawatthours"
            },
            {
                "period": "2023-11-25T21",
                "subba": "ZONH",
                "subba-name": "Millwood - NYIS",
                "parent": "NYIS",
                "parent-name": "New York Independent System Operator",
                "value": "326",
                "value-units": "megawatthours"
            },
            {
                "period": "2023-11-25T21",
                "subba": "ZONI",
                "subba-name": "Dunwoodie - NYIS",
                "parent": "NYIS",
                "parent-name": "New York Independent System Operator",
                "value": "610",
                "value-units": "megawatthours"
            },
            {
                "period": "2023-11-25T21",
                "subba": "ZONJ",
                "subba-name": "New York City - NYIS",
                "parent": "NYIS",
                "parent-name": "New York Independent System Operator",
                "value": "5203",
                "value-units": "megawatthours"
            },
            {
                "period": "2023-11-25T21",
                "subba": "ZONK",
                "subba-name": "Long Island - NYIS",
                "parent": "NYIS",
                "parent-name": "New York Independent System Operator",
                "value": "2120",
                "value-units": "megawatthours"
            },
            {
                "period": "2023-11-25T20",
                "subba": "ZONA",
                "subba-name": "West - NYIS",
                "parent": "NYIS",
                "parent-name": "New York Independent System Operator",
                "value": "1632",
                "value-units": "megawatthours"
            },
            {
                "period": "2023-11-25T20",
                "subba": "ZONB",
                "subba-name": "Genesee - NYIS",
                "parent": "NYIS",
                "parent-name": "New York Independent System Operator",
                "value": "934",
                "value-units": "megawatthours"
            },
            {
                "period": "2023-11-25T20",
                "subba": "ZONC",
                "subba-name": "Central - NYIS",
                "parent": "NYIS",
                "parent-name": "New York Independent System Operator",
                "value": "1534",
                "value-units": "megawatthours"
            },
            {
                "period": "2023-11-25T20",
                "subba": "ZOND",
                "subba-name": "North - NYIS",
                "parent": "NYIS",
                "parent-name": "New York Independent System Operator",
                "value": "694",
                "value-units": "megawatthours"
            },
            {
                "period": "2023-11-25T20",
                "subba": "ZONE",
                "subba-name": "Mohawk Valley - NYIS",
                "parent": "NYIS",
                "parent-name": "New York Independent System Operator",
                "value": "865",
                "value-units": "megawatthours"
            },
            {
                "period": "2023-11-25T20",
                "subba": "ZONF",
                "subba-name": "Capital - NYIS",
                "parent": "NYIS",
                "parent-name": "New York Independent System Operator",
                "value": "1262",
                "value-units": "megawatthours"
            },
            {
                "period": "2023-11-25T20",
                "subba": "ZONG",
                "subba-name": "Hudson Valley - NYIS",
                "parent": "NYIS",
                "parent-name": "New York Independent System Operator",
                "value": "901",
                "value-units": "megawatthours"
            },
            {
                "period": "2023-11-25T20",
                "subba": "ZONH",
                "subba-name": "Millwood - NYIS",
                "parent": "NYIS",
                "parent-name": "New York Independent System Operator",
                "value": "313",
                "value-units": "megawatthours"
            },
            {
                "period": "2023-11-25T20",
                "subba": "ZONI",
                "subba-name": "Dunwoodie - NYIS",
                "parent": "NYIS",
                "parent-name": "New York Independent System Operator",
                "value": "588",
                "value-units": "megawatthours"
            },
            {
                "period": "2023-11-25T20",
                "subba": "ZONJ",
                "subba-name": "New York City - NYIS",
                "parent": "NYIS",
                "parent-name": "New York Independent System Operator",
                "value": "5137",
                "value-units": "megawatthours"
            },
            {
                "period": "2023-11-25T20",
                "subba": "ZONK",
                "subba-name": "Long Island - NYIS",
                "parent": "NYIS",
                "parent-name": "New York Independent System Operator",
                "value": "1983",
                "value-units": "megawatthours"
            },
            {
                "period": "2023-11-25T19",
                "subba": "ZONA",
                "subba-name": "West - NYIS",
                "parent": "NYIS",
                "parent-name": "New York Independent System Operator",
                "value": "1618",
                "value-units": "megawatthours"
            },
            {
                "period": "2023-11-25T19",
                "subba": "ZONB",
                "subba-name": "Genesee - NYIS",
                "parent": "NYIS",
                "parent-name": "New York Independent System Operator",
                "value": "916",
                "value-units": "megawatthours"
            },
            {
                "period": "2023-11-25T19",
                "subba": "ZONC",
                "subba-name": "Central - NYIS",
                "parent": "NYIS",
                "parent-name": "New York Independent System Operator",
                "value": "1513",
                "value-units": "megawatthours"
            },
            {
                "period": "2023-11-25T19",
                "subba": "ZOND",
                "subba-name": "North - NYIS",
                "parent": "NYIS",
                "parent-name": "New York Independent System Operator",
                "value": "689",
                "value-units": "megawatthours"
            },
            {
                "period": "2023-11-25T19",
                "subba": "ZONE",
                "subba-name": "Mohawk Valley - NYIS",
                "parent": "NYIS",
                "parent-name": "New York Independent System Operator",
                "value": "861",
                "value-units": "megawatthours"
            },
            {
                "period": "2023-11-25T19",
                "subba": "ZONF",
                "subba-name": "Capital - NYIS",
                "parent": "NYIS",
                "parent-name": "New York Independent System Operator",
                "value": "1211",
                "value-units": "megawatthours"
            },
            {
                "period": "2023-11-25T19",
                "subba": "ZONG",
                "subba-name": "Hudson Valley - NYIS",
                "parent": "NYIS",
                "parent-name": "New York Independent System Operator",
                "value": "844",
                "value-units": "megawatthours"
            },
            {
                "period": "2023-11-25T19",
                "subba": "ZONH",
                "subba-name": "Millwood - NYIS",
                "parent": "NYIS",
                "parent-name": "New York Independent System Operator",
                "value": "311",
                "value-units": "megawatthours"
            },
            {
                "period": "2023-11-25T19",
                "subba": "ZONI",
                "subba-name": "Dunwoodie - NYIS",
                "parent": "NYIS",
                "parent-name": "New York Independent System Operator",
                "value": "587",
                "value-units": "megawatthours"
            },
            {
                "period": "2023-11-25T19",
                "subba": "ZONJ",
                "subba-name": "New York City - NYIS",
                "parent": "NYIS",
                "parent-name": "New York Independent System Operator",
                "value": "5125",
                "value-units": "megawatthours"
            },
            {
                "period": "2023-11-25T19",
                "subba": "ZONK",
                "subba-name": "Long Island - NYIS",
                "parent": "NYIS",
                "parent-name": "New York Independent System Operator",
                "value": "1946",
                "value-units": "megawatthours"
            },
            {
                "period": "2023-11-25T18",
                "subba": "ZONA",
                "subba-name": "West - NYIS",
                "parent": "NYIS",
                "parent-name": "New York Independent System Operator",
                "value": "1622",
                "value-units": "megawatthours"
            },
            {
                "period": "2023-11-25T18",
                "subba": "ZONB",
                "subba-name": "Genesee - NYIS",
                "parent": "NYIS",
                "parent-name": "New York Independent System Operator",
                "value": "906",
                "value-units": "megawatthours"
            },
            {
                "period": "2023-11-25T18",
                "subba": "ZONC",
                "subba-name": "Central - NYIS",
                "parent": "NYIS",
                "parent-name": "New York Independent System Operator",
                "value": "1542",
                "value-units": "megawatthours"
            },
            {
                "period": "2023-11-25T18",
                "subba": "ZOND",
                "subba-name": "North - NYIS",
                "parent": "NYIS",
                "parent-name": "New York Independent System Operator",
                "value": "695",
                "value-units": "megawatthours"
            },
            {
                "period": "2023-11-25T18",
                "subba": "ZONE",
                "subba-name": "Mohawk Valley - NYIS",
                "parent": "NYIS",
                "parent-name": "New York Independent System Operator",
                "value": "876",
                "value-units": "megawatthours"
            },
            {
                "period": "2023-11-25T18",
                "subba": "ZONF",
                "subba-name": "Capital - NYIS",
                "parent": "NYIS",
                "parent-name": "New York Independent System Operator",
                "value": "1129",
                "value-units": "megawatthours"
            },
            {
                "period": "2023-11-25T18",
                "subba": "ZONG",
                "subba-name": "Hudson Valley - NYIS",
                "parent": "NYIS",
                "parent-name": "New York Independent System Operator",
                "value": "851",
                "value-units": "megawatthours"
            },
            {
                "period": "2023-11-25T18",
                "subba": "ZONH",
                "subba-name": "Millwood - NYIS",
                "parent": "NYIS",
                "parent-name": "New York Independent System Operator",
                "value": "315",
                "value-units": "megawatthours"
            },
            {
                "period": "2023-11-25T18",
                "subba": "ZONI",
                "subba-name": "Dunwoodie - NYIS",
                "parent": "NYIS",
                "parent-name": "New York Independent System Operator",
                "value": "595",
                "value-units": "megawatthours"
            },
            {
                "period": "2023-11-25T18",
                "subba": "ZONJ",
                "subba-name": "New York City - NYIS",
                "parent": "NYIS",
                "parent-name": "New York Independent System Operator",
                "value": "5150",
                "value-units": "megawatthours"
            },
            {
                "period": "2023-11-25T18",
                "subba": "ZONK",
                "subba-name": "Long Island - NYIS",
                "parent": "NYIS",
                "parent-name": "New York Independent System Operator",
                "value": "1956",
                "value-units": "megawatthours"
            },
            {
                "period": "2023-11-25T17",
                "subba": "ZONA",
                "subba-name": "West - NYIS",
                "parent": "NYIS",
                "parent-name": "New York Independent System Operator",
                "value": "1632",
                "value-units": "megawatthours"
            },
            {
                "period": "2023-11-25T17",
                "subba": "ZONB",
                "subba-name": "Genesee - NYIS",
                "parent": "NYIS",
                "parent-name": "New York Independent System Operator",
                "value": "914",
                "value-units": "megawatthours"
            },
            {
                "period": "2023-11-25T17",
                "subba": "ZONC",
                "subba-name": "Central - NYIS",
                "parent": "NYIS",
                "parent-name": "New York Independent System Operator",
                "value": "1605",
                "value-units": "megawatthours"
            },
            {
                "period": "2023-11-25T17",
                "subba": "ZOND",
                "subba-name": "North - NYIS",
                "parent": "NYIS",
                "parent-name": "New York Independent System Operator",
                "value": "701",
                "value-units": "megawatthours"
            },
            {
                "period": "2023-11-25T17",
                "subba": "ZONE",
                "subba-name": "Mohawk Valley - NYIS",
                "parent": "NYIS",
                "parent-name": "New York Independent System Operator",
                "value": "890",
                "value-units": "megawatthours"
            },
            {
                "period": "2023-11-25T17",
                "subba": "ZONF",
                "subba-name": "Capital - NYIS",
                "parent": "NYIS",
                "parent-name": "New York Independent System Operator",
                "value": "1091",
                "value-units": "megawatthours"
            },
            {
                "period": "2023-11-25T17",
                "subba": "ZONG",
                "subba-name": "Hudson Valley - NYIS",
                "parent": "NYIS",
                "parent-name": "New York Independent System Operator",
                "value": "869",
                "value-units": "megawatthours"
            },
            {
                "period": "2023-11-25T17",
                "subba": "ZONH",
                "subba-name": "Millwood - NYIS",
                "parent": "NYIS",
                "parent-name": "New York Independent System Operator",
                "value": "320",
                "value-units": "megawatthours"
            },
            {
                "period": "2023-11-25T17",
                "subba": "ZONI",
                "subba-name": "Dunwoodie - NYIS",
                "parent": "NYIS",
                "parent-name": "New York Independent System Operator",
                "value": "589",
                "value-units": "megawatthours"
            },
            {
                "period": "2023-11-25T17",
                "subba": "ZONJ",
                "subba-name": "New York City - NYIS",
                "parent": "NYIS",
                "parent-name": "New York Independent System Operator",
                "value": "5113",
                "value-units": "megawatthours"
            },
            {
                "period": "2023-11-25T17",
                "subba": "ZONK",
                "subba-name": "Long Island - NYIS",
                "parent": "NYIS",
                "parent-name": "New York Independent System Operator",
                "value": "1880",
                "value-units": "megawatthours"
            },
            {
                "period": "2023-11-25T16",
                "subba": "ZONA",
                "subba-name": "West - NYIS",
                "parent": "NYIS",
                "parent-name": "New York Independent System Operator",
                "value": "1646",
                "value-units": "megawatthours"
            },
            {
                "period": "2023-11-25T16",
                "subba": "ZONB",
                "subba-name": "Genesee - NYIS",
                "parent": "NYIS",
                "parent-name": "New York Independent System Operator",
                "value": "920",
                "value-units": "megawatthours"
            },
            {
                "period": "2023-11-25T16",
                "subba": "ZONC",
                "subba-name": "Central - NYIS",
                "parent": "NYIS",
                "parent-name": "New York Independent System Operator",
                "value": "1664",
                "value-units": "megawatthours"
            },
            {
                "period": "2023-11-25T16",
                "subba": "ZOND",
                "subba-name": "North - NYIS",
                "parent": "NYIS",
                "parent-name": "New York Independent System Operator",
                "value": "698",
                "value-units": "megawatthours"
            },
            {
                "period": "2023-11-25T16",
                "subba": "ZONE",
                "subba-name": "Mohawk Valley - NYIS",
                "parent": "NYIS",
                "parent-name": "New York Independent System Operator",
                "value": "902",
                "value-units": "megawatthours"
            },
            {
                "period": "2023-11-25T16",
                "subba": "ZONF",
                "subba-name": "Capital - NYIS",
                "parent": "NYIS",
                "parent-name": "New York Independent System Operator",
                "value": "1102",
                "value-units": "megawatthours"
            },
            {
                "period": "2023-11-25T16",
                "subba": "ZONG",
                "subba-name": "Hudson Valley - NYIS",
                "parent": "NYIS",
                "parent-name": "New York Independent System Operator",
                "value": "875",
                "value-units": "megawatthours"
            },
            {
                "period": "2023-11-25T16",
                "subba": "ZONH",
                "subba-name": "Millwood - NYIS",
                "parent": "NYIS",
                "parent-name": "New York Independent System Operator",
                "value": "321",
                "value-units": "megawatthours"
            },
            {
                "period": "2023-11-25T16",
                "subba": "ZONI",
                "subba-name": "Dunwoodie - NYIS",
                "parent": "NYIS",
                "parent-name": "New York Independent System Operator",
                "value": "587",
                "value-units": "megawatthours"
            },
            {
                "period": "2023-11-25T16",
                "subba": "ZONJ",
                "subba-name": "New York City - NYIS",
                "parent": "NYIS",
                "parent-name": "New York Independent System Operator",
                "value": "5034",
                "value-units": "megawatthours"
            },
            {
                "period": "2023-11-25T16",
                "subba": "ZONK",
                "subba-name": "Long Island - NYIS",
                "parent": "NYIS",
                "parent-name": "New York Independent System Operator",
                "value": "1899",
                "value-units": "megawatthours"
            },
            {
                "period": "2023-11-25T15",
                "subba": "ZONA",
                "subba-name": "West - NYIS",
                "parent": "NYIS",
                "parent-name": "New York Independent System Operator",
                "value": "1659",
                "value-units": "megawatthours"
            },
            {
                "period": "2023-11-25T15",
                "subba": "ZONB",
                "subba-name": "Genesee - NYIS",
                "parent": "NYIS",
                "parent-name": "New York Independent System Operator",
                "value": "925",
                "value-units": "megawatthours"
            },
            {
                "period": "2023-11-25T15",
                "subba": "ZONC",
                "subba-name": "Central - NYIS",
                "parent": "NYIS",
                "parent-name": "New York Independent System Operator",
                "value": "1721",
                "value-units": "megawatthours"
            },
            {
                "period": "2023-11-25T15",
                "subba": "ZOND",
                "subba-name": "North - NYIS",
                "parent": "NYIS",
                "parent-name": "New York Independent System Operator",
                "value": "703",
                "value-units": "megawatthours"
            },
            {
                "period": "2023-11-25T15",
                "subba": "ZONE",
                "subba-name": "Mohawk Valley - NYIS",
                "parent": "NYIS",
                "parent-name": "New York Independent System Operator",
                "value": "889",
                "value-units": "megawatthours"
            },
            {
                "period": "2023-11-25T15",
                "subba": "ZONF",
                "subba-name": "Capital - NYIS",
                "parent": "NYIS",
                "parent-name": "New York Independent System Operator",
                "value": "1161",
                "value-units": "megawatthours"
            },
            {
                "period": "2023-11-25T15",
                "subba": "ZONG",
                "subba-name": "Hudson Valley - NYIS",
                "parent": "NYIS",
                "parent-name": "New York Independent System Operator",
                "value": "907",
                "value-units": "megawatthours"
            },
            {
                "period": "2023-11-25T15",
                "subba": "ZONH",
                "subba-name": "Millwood - NYIS",
                "parent": "NYIS",
                "parent-name": "New York Independent System Operator",
                "value": "323",
                "value-units": "megawatthours"
            },
            {
                "period": "2023-11-25T15",
                "subba": "ZONI",
                "subba-name": "Dunwoodie - NYIS",
                "parent": "NYIS",
                "parent-name": "New York Independent System Operator",
                "value": "583",
                "value-units": "megawatthours"
            },
            {
                "period": "2023-11-25T15",
                "subba": "ZONJ",
                "subba-name": "New York City - NYIS",
                "parent": "NYIS",
                "parent-name": "New York Independent System Operator",
                "value": "4930",
                "value-units": "megawatthours"
            },
            {
                "period": "2023-11-25T15",
                "subba": "ZONK",
                "subba-name": "Long Island - NYIS",
                "parent": "NYIS",
                "parent-name": "New York Independent System Operator",
                "value": "1917",
                "value-units": "megawatthours"
            },
            {
                "period": "2023-11-25T14",
                "subba": "ZONA",
                "subba-name": "West - NYIS",
                "parent": "NYIS",
                "parent-name": "New York Independent System Operator",
                "value": "1653",
                "value-units": "megawatthours"
            },
            {
                "period": "2023-11-25T14",
                "subba": "ZONB",
                "subba-name": "Genesee - NYIS",
                "parent": "NYIS",
                "parent-name": "New York Independent System Operator",
                "value": "985",
                "value-units": "megawatthours"
            },
            {
                "period": "2023-11-25T14",
                "subba": "ZONC",
                "subba-name": "Central - NYIS",
                "parent": "NYIS",
                "parent-name": "New York Independent System Operator",
                "value": "1732",
                "value-units": "megawatthours"
            },
            {
                "period": "2023-11-25T14",
                "subba": "ZOND",
                "subba-name": "North - NYIS",
                "parent": "NYIS",
                "parent-name": "New York Independent System Operator",
                "value": "716",
                "value-units": "megawatthours"
            },
            {
                "period": "2023-11-25T14",
                "subba": "ZONE",
                "subba-name": "Mohawk Valley - NYIS",
                "parent": "NYIS",
                "parent-name": "New York Independent System Operator",
                "value": "876",
                "value-units": "megawatthours"
            },
            {
                "period": "2023-11-25T14",
                "subba": "ZONF",
                "subba-name": "Capital - NYIS",
                "parent": "NYIS",
                "parent-name": "New York Independent System Operator",
                "value": "1255",
                "value-units": "megawatthours"
            },
            {
                "period": "2023-11-25T14",
                "subba": "ZONG",
                "subba-name": "Hudson Valley - NYIS",
                "parent": "NYIS",
                "parent-name": "New York Independent System Operator",
                "value": "976",
                "value-units": "megawatthours"
            },
            {
                "period": "2023-11-25T14",
                "subba": "ZONH",
                "subba-name": "Millwood - NYIS",
                "parent": "NYIS",
                "parent-name": "New York Independent System Operator",
                "value": "328",
                "value-units": "megawatthours"
            },
            {
                "period": "2023-11-25T14",
                "subba": "ZONI",
                "subba-name": "Dunwoodie - NYIS",
                "parent": "NYIS",
                "parent-name": "New York Independent System Operator",
                "value": "575",
                "value-units": "megawatthours"
            },
            {
                "period": "2023-11-25T14",
                "subba": "ZONJ",
                "subba-name": "New York City - NYIS",
                "parent": "NYIS",
                "parent-name": "New York Independent System Operator",
                "value": "4795",
                "value-units": "megawatthours"
            },
            {
                "period": "2023-11-25T14",
                "subba": "ZONK",
                "subba-name": "Long Island - NYIS",
                "parent": "NYIS",
                "parent-name": "New York Independent System Operator",
                "value": "1932",
                "value-units": "megawatthours"
            },
            {
                "period": "2023-11-25T13",
                "subba": "ZONA",
                "subba-name": "West - NYIS",
                "parent": "NYIS",
                "parent-name": "New York Independent System Operator",
                "value": "1632",
                "value-units": "megawatthours"
            },
            {
                "period": "2023-11-25T13",
                "subba": "ZONB",
                "subba-name": "Genesee - NYIS",
                "parent": "NYIS",
                "parent-name": "New York Independent System Operator",
                "value": "1008",
                "value-units": "megawatthours"
            },
            {
                "period": "2023-11-25T13",
                "subba": "ZONC",
                "subba-name": "Central - NYIS",
                "parent": "NYIS",
                "parent-name": "New York Independent System Operator",
                "value": "1695",
                "value-units": "megawatthours"
            },
            {
                "period": "2023-11-25T13",
                "subba": "ZOND",
                "subba-name": "North - NYIS",
                "parent": "NYIS",
                "parent-name": "New York Independent System Operator",
                "value": "720",
                "value-units": "megawatthours"
            },
            {
                "period": "2023-11-25T13",
                "subba": "ZONE",
                "subba-name": "Mohawk Valley - NYIS",
                "parent": "NYIS",
                "parent-name": "New York Independent System Operator",
                "value": "875",
                "value-units": "megawatthours"
            },
            {
                "period": "2023-11-25T13",
                "subba": "ZONF",
                "subba-name": "Capital - NYIS",
                "parent": "NYIS",
                "parent-name": "New York Independent System Operator",
                "value": "1322",
                "value-units": "megawatthours"
            },
            {
                "period": "2023-11-25T13",
                "subba": "ZONG",
                "subba-name": "Hudson Valley - NYIS",
                "parent": "NYIS",
                "parent-name": "New York Independent System Operator",
                "value": "1037",
                "value-units": "megawatthours"
            },
            {
                "period": "2023-11-25T13",
                "subba": "ZONH",
                "subba-name": "Millwood - NYIS",
                "parent": "NYIS",
                "parent-name": "New York Independent System Operator",
                "value": "323",
                "value-units": "megawatthours"
            },
            {
                "period": "2023-11-25T13",
                "subba": "ZONI",
                "subba-name": "Dunwoodie - NYIS",
                "parent": "NYIS",
                "parent-name": "New York Independent System Operator",
                "value": "569",
                "value-units": "megawatthours"
            },
            {
                "period": "2023-11-25T13",
                "subba": "ZONJ",
                "subba-name": "New York City - NYIS",
                "parent": "NYIS",
                "parent-name": "New York Independent System Operator",
                "value": "4638",
                "value-units": "megawatthours"
            },
            {
                "period": "2023-11-25T13",
                "subba": "ZONK",
                "subba-name": "Long Island - NYIS",
                "parent": "NYIS",
                "parent-name": "New York Independent System Operator",
                "value": "1955",
                "value-units": "megawatthours"
            },
            {
                "period": "2023-11-25T12",
                "subba": "ZONA",
                "subba-name": "West - NYIS",
                "parent": "NYIS",
                "parent-name": "New York Independent System Operator",
                "value": "1600",
                "value-units": "megawatthours"
            },
            {
                "period": "2023-11-25T12",
                "subba": "ZONB",
                "subba-name": "Genesee - NYIS",
                "parent": "NYIS",
                "parent-name": "New York Independent System Operator",
                "value": "980",
                "value-units": "megawatthours"
            },
            {
                "period": "2023-11-25T12",
                "subba": "ZONC",
                "subba-name": "Central - NYIS",
                "parent": "NYIS",
                "parent-name": "New York Independent System Operator",
                "value": "1645",
                "value-units": "megawatthours"
            },
            {
                "period": "2023-11-25T12",
                "subba": "ZOND",
                "subba-name": "North - NYIS",
                "parent": "NYIS",
                "parent-name": "New York Independent System Operator",
                "value": "712",
                "value-units": "megawatthours"
            },
            {
                "period": "2023-11-25T12",
                "subba": "ZONE",
                "subba-name": "Mohawk Valley - NYIS",
                "parent": "NYIS",
                "parent-name": "New York Independent System Operator",
                "value": "852",
                "value-units": "megawatthours"
            },
            {
                "period": "2023-11-25T12",
                "subba": "ZONF",
                "subba-name": "Capital - NYIS",
                "parent": "NYIS",
                "parent-name": "New York Independent System Operator",
                "value": "1283",
                "value-units": "megawatthours"
            },
            {
                "period": "2023-11-25T12",
                "subba": "ZONG",
                "subba-name": "Hudson Valley - NYIS",
                "parent": "NYIS",
                "parent-name": "New York Independent System Operator",
                "value": "1011",
                "value-units": "megawatthours"
            },
            {
                "period": "2023-11-25T12",
                "subba": "ZONH",
                "subba-name": "Millwood - NYIS",
                "parent": "NYIS",
                "parent-name": "New York Independent System Operator",
                "value": "307",
                "value-units": "megawatthours"
            },
            {
                "period": "2023-11-25T12",
                "subba": "ZONI",
                "subba-name": "Dunwoodie - NYIS",
                "parent": "NYIS",
                "parent-name": "New York Independent System Operator",
                "value": "545",
                "value-units": "megawatthours"
            },
            {
                "period": "2023-11-25T12",
                "subba": "ZONJ",
                "subba-name": "New York City - NYIS",
                "parent": "NYIS",
                "parent-name": "New York Independent System Operator",
                "value": "4491",
                "value-units": "megawatthours"
            },
            {
                "period": "2023-11-25T12",
                "subba": "ZONK",
                "subba-name": "Long Island - NYIS",
                "parent": "NYIS",
                "parent-name": "New York Independent System Operator",
                "value": "1918",
                "value-units": "megawatthours"
            },
            {
                "period": "2023-11-25T11",
                "subba": "ZONA",
                "subba-name": "West - NYIS",
                "parent": "NYIS",
                "parent-name": "New York Independent System Operator",
                "value": "1555",
                "value-units": "megawatthours"
            },
            {
                "period": "2023-11-25T11",
                "subba": "ZONB",
                "subba-name": "Genesee - NYIS",
                "parent": "NYIS",
                "parent-name": "New York Independent System Operator",
                "value": "943",
                "value-units": "megawatthours"
            },
            {
                "period": "2023-11-25T11",
                "subba": "ZONC",
                "subba-name": "Central - NYIS",
                "parent": "NYIS",
                "parent-name": "New York Independent System Operator",
                "value": "1579",
                "value-units": "megawatthours"
            },
            {
                "period": "2023-11-25T11",
                "subba": "ZOND",
                "subba-name": "North - NYIS",
                "parent": "NYIS",
                "parent-name": "New York Independent System Operator",
                "value": "702",
                "value-units": "megawatthours"
            },
            {
                "period": "2023-11-25T11",
                "subba": "ZONE",
                "subba-name": "Mohawk Valley - NYIS",
                "parent": "NYIS",
                "parent-name": "New York Independent System Operator",
                "value": "807",
                "value-units": "megawatthours"
            },
            {
                "period": "2023-11-25T11",
                "subba": "ZONF",
                "subba-name": "Capital - NYIS",
                "parent": "NYIS",
                "parent-name": "New York Independent System Operator",
                "value": "1230",
                "value-units": "megawatthours"
            },
            {
                "period": "2023-11-25T11",
                "subba": "ZONG",
                "subba-name": "Hudson Valley - NYIS",
                "parent": "NYIS",
                "parent-name": "New York Independent System Operator",
                "value": "966",
                "value-units": "megawatthours"
            },
            {
                "period": "2023-11-25T11",
                "subba": "ZONH",
                "subba-name": "Millwood - NYIS",
                "parent": "NYIS",
                "parent-name": "New York Independent System Operator",
                "value": "287",
                "value-units": "megawatthours"
            },
            {
                "period": "2023-11-25T11",
                "subba": "ZONI",
                "subba-name": "Dunwoodie - NYIS",
                "parent": "NYIS",
                "parent-name": "New York Independent System Operator",
                "value": "513",
                "value-units": "megawatthours"
            },
            {
                "period": "2023-11-25T11",
                "subba": "ZONJ",
                "subba-name": "New York City - NYIS",
                "parent": "NYIS",
                "parent-name": "New York Independent System Operator",
                "value": "4348",
                "value-units": "megawatthours"
            },
            {
                "period": "2023-11-25T11",
                "subba": "ZONK",
                "subba-name": "Long Island - NYIS",
                "parent": "NYIS",
                "parent-name": "New York Independent System Operator",
                "value": "1829",
                "value-units": "megawatthours"
            },
            {
                "period": "2023-11-25T10",
                "subba": "ZONA",
                "subba-name": "West - NYIS",
                "parent": "NYIS",
                "parent-name": "New York Independent System Operator",
                "value": "1528",
                "value-units": "megawatthours"
            },
            {
                "period": "2023-11-25T10",
                "subba": "ZONB",
                "subba-name": "Genesee - NYIS",
                "parent": "NYIS",
                "parent-name": "New York Independent System Operator",
                "value": "919",
                "value-units": "megawatthours"
            },
            {
                "period": "2023-11-25T10",
                "subba": "ZONC",
                "subba-name": "Central - NYIS",
                "parent": "NYIS",
                "parent-name": "New York Independent System Operator",
                "value": "1542",
                "value-units": "megawatthours"
            },
            {
                "period": "2023-11-25T10",
                "subba": "ZOND",
                "subba-name": "North - NYIS",
                "parent": "NYIS",
                "parent-name": "New York Independent System Operator",
                "value": "690",
                "value-units": "megawatthours"
            },
            {
                "period": "2023-11-25T10",
                "subba": "ZONE",
                "subba-name": "Mohawk Valley - NYIS",
                "parent": "NYIS",
                "parent-name": "New York Independent System Operator",
                "value": "781",
                "value-units": "megawatthours"
            },
            {
                "period": "2023-11-25T10",
                "subba": "ZONF",
                "subba-name": "Capital - NYIS",
                "parent": "NYIS",
                "parent-name": "New York Independent System Operator",
                "value": "1200",
                "value-units": "megawatthours"
            },
            {
                "period": "2023-11-25T10",
                "subba": "ZONG",
                "subba-name": "Hudson Valley - NYIS",
                "parent": "NYIS",
                "parent-name": "New York Independent System Operator",
                "value": "943",
                "value-units": "megawatthours"
            },
            {
                "period": "2023-11-25T10",
                "subba": "ZONH",
                "subba-name": "Millwood - NYIS",
                "parent": "NYIS",
                "parent-name": "New York Independent System Operator",
                "value": "270",
                "value-units": "megawatthours"
            },
            {
                "period": "2023-11-25T10",
                "subba": "ZONI",
                "subba-name": "Dunwoodie - NYIS",
                "parent": "NYIS",
                "parent-name": "New York Independent System Operator",
                "value": "491",
                "value-units": "megawatthours"
            },
            {
                "period": "2023-11-25T10",
                "subba": "ZONJ",
                "subba-name": "New York City - NYIS",
                "parent": "NYIS",
                "parent-name": "New York Independent System Operator",
                "value": "4284",
                "value-units": "megawatthours"
            },
            {
                "period": "2023-11-25T10",
                "subba": "ZONK",
                "subba-name": "Long Island - NYIS",
                "parent": "NYIS",
                "parent-name": "New York Independent System Operator",
                "value": "1782",
                "value-units": "megawatthours"
            },
            {
                "period": "2023-11-25T09",
                "subba": "ZONA",
                "subba-name": "West - NYIS",
                "parent": "NYIS",
                "parent-name": "New York Independent System Operator",
                "value": "1518",
                "value-units": "megawatthours"
            },
            {
                "period": "2023-11-25T09",
                "subba": "ZONB",
                "subba-name": "Genesee - NYIS",
                "parent": "NYIS",
                "parent-name": "New York Independent System Operator",
                "value": "910",
                "value-units": "megawatthours"
            },
            {
                "period": "2023-11-25T09",
                "subba": "ZONC",
                "subba-name": "Central - NYIS",
                "parent": "NYIS",
                "parent-name": "New York Independent System Operator",
                "value": "1533",
                "value-units": "megawatthours"
            },
            {
                "period": "2023-11-25T09",
                "subba": "ZOND",
                "subba-name": "North - NYIS",
                "parent": "NYIS",
                "parent-name": "New York Independent System Operator",
                "value": "685",
                "value-units": "megawatthours"
            },
            {
                "period": "2023-11-25T09",
                "subba": "ZONE",
                "subba-name": "Mohawk Valley - NYIS",
                "parent": "NYIS",
                "parent-name": "New York Independent System Operator",
                "value": "772",
                "value-units": "megawatthours"
            },
            {
                "period": "2023-11-25T09",
                "subba": "ZONF",
                "subba-name": "Capital - NYIS",
                "parent": "NYIS",
                "parent-name": "New York Independent System Operator",
                "value": "1171",
                "value-units": "megawatthours"
            },
            {
                "period": "2023-11-25T09",
                "subba": "ZONG",
                "subba-name": "Hudson Valley - NYIS",
                "parent": "NYIS",
                "parent-name": "New York Independent System Operator",
                "value": "935",
                "value-units": "megawatthours"
            },
            {
                "period": "2023-11-25T09",
                "subba": "ZONH",
                "subba-name": "Millwood - NYIS",
                "parent": "NYIS",
                "parent-name": "New York Independent System Operator",
                "value": "266",
                "value-units": "megawatthours"
            },
            {
                "period": "2023-11-25T09",
                "subba": "ZONI",
                "subba-name": "Dunwoodie - NYIS",
                "parent": "NYIS",
                "parent-name": "New York Independent System Operator",
                "value": "506",
                "value-units": "megawatthours"
            },
            {
                "period": "2023-11-25T09",
                "subba": "ZONJ",
                "subba-name": "New York City - NYIS",
                "parent": "NYIS",
                "parent-name": "New York Independent System Operator",
                "value": "4280",
                "value-units": "megawatthours"
            },
            {
                "period": "2023-11-25T09",
                "subba": "ZONK",
                "subba-name": "Long Island - NYIS",
                "parent": "NYIS",
                "parent-name": "New York Independent System Operator",
                "value": "1769",
                "value-units": "megawatthours"
            },
            {
                "period": "2023-11-25T08",
                "subba": "ZONA",
                "subba-name": "West - NYIS",
                "parent": "NYIS",
                "parent-name": "New York Independent System Operator",
                "value": "1526",
                "value-units": "megawatthours"
            },
            {
                "period": "2023-11-25T08",
                "subba": "ZONB",
                "subba-name": "Genesee - NYIS",
                "parent": "NYIS",
                "parent-name": "New York Independent System Operator",
                "value": "917",
                "value-units": "megawatthours"
            },
            {
                "period": "2023-11-25T08",
                "subba": "ZONC",
                "subba-name": "Central - NYIS",
                "parent": "NYIS",
                "parent-name": "New York Independent System Operator",
                "value": "1537",
                "value-units": "megawatthours"
            },
            {
                "period": "2023-11-25T08",
                "subba": "ZOND",
                "subba-name": "North - NYIS",
                "parent": "NYIS",
                "parent-name": "New York Independent System Operator",
                "value": "687",
                "value-units": "megawatthours"
            },
            {
                "period": "2023-11-25T08",
                "subba": "ZONE",
                "subba-name": "Mohawk Valley - NYIS",
                "parent": "NYIS",
                "parent-name": "New York Independent System Operator",
                "value": "771",
                "value-units": "megawatthours"
            },
            {
                "period": "2023-11-25T08",
                "subba": "ZONF",
                "subba-name": "Capital - NYIS",
                "parent": "NYIS",
                "parent-name": "New York Independent System Operator",
                "value": "1166",
                "value-units": "megawatthours"
            },
            {
                "period": "2023-11-25T08",
                "subba": "ZONG",
                "subba-name": "Hudson Valley - NYIS",
                "parent": "NYIS",
                "parent-name": "New York Independent System Operator",
                "value": "938",
                "value-units": "megawatthours"
            },
            {
                "period": "2023-11-25T08",
                "subba": "ZONH",
                "subba-name": "Millwood - NYIS",
                "parent": "NYIS",
                "parent-name": "New York Independent System Operator",
                "value": "265",
                "value-units": "megawatthours"
            },
            {
                "period": "2023-11-25T08",
                "subba": "ZONI",
                "subba-name": "Dunwoodie - NYIS",
                "parent": "NYIS",
                "parent-name": "New York Independent System Operator",
                "value": "511",
                "value-units": "megawatthours"
            },
            {
                "period": "2023-11-25T08",
                "subba": "ZONJ",
                "subba-name": "New York City - NYIS",
                "parent": "NYIS",
                "parent-name": "New York Independent System Operator",
                "value": "4357",
                "value-units": "megawatthours"
            },
            {
                "period": "2023-11-25T08",
                "subba": "ZONK",
                "subba-name": "Long Island - NYIS",
                "parent": "NYIS",
                "parent-name": "New York Independent System Operator",
                "value": "1783",
                "value-units": "megawatthours"
            },
            {
                "period": "2023-11-25T07",
                "subba": "ZONA",
                "subba-name": "West - NYIS",
                "parent": "NYIS",
                "parent-name": "New York Independent System Operator",
                "value": "1541",
                "value-units": "megawatthours"
            },
            {
                "period": "2023-11-25T07",
                "subba": "ZONB",
                "subba-name": "Genesee - NYIS",
                "parent": "NYIS",
                "parent-name": "New York Independent System Operator",
                "value": "933",
                "value-units": "megawatthours"
            },
            {
                "period": "2023-11-25T07",
                "subba": "ZONC",
                "subba-name": "Central - NYIS",
                "parent": "NYIS",
                "parent-name": "New York Independent System Operator",
                "value": "1555",
                "value-units": "megawatthours"
            },
            {
                "period": "2023-11-25T07",
                "subba": "ZOND",
                "subba-name": "North - NYIS",
                "parent": "NYIS",
                "parent-name": "New York Independent System Operator",
                "value": "690",
                "value-units": "megawatthours"
            },
            {
                "period": "2023-11-25T07",
                "subba": "ZONE",
                "subba-name": "Mohawk Valley - NYIS",
                "parent": "NYIS",
                "parent-name": "New York Independent System Operator",
                "value": "786",
                "value-units": "megawatthours"
            },
            {
                "period": "2023-11-25T07",
                "subba": "ZONF",
                "subba-name": "Capital - NYIS",
                "parent": "NYIS",
                "parent-name": "New York Independent System Operator",
                "value": "1180",
                "value-units": "megawatthours"
            },
            {
                "period": "2023-11-25T07",
                "subba": "ZONG",
                "subba-name": "Hudson Valley - NYIS",
                "parent": "NYIS",
                "parent-name": "New York Independent System Operator",
                "value": "948",
                "value-units": "megawatthours"
            },
            {
                "period": "2023-11-25T07",
                "subba": "ZONH",
                "subba-name": "Millwood - NYIS",
                "parent": "NYIS",
                "parent-name": "New York Independent System Operator",
                "value": "270",
                "value-units": "megawatthours"
            },
            {
                "period": "2023-11-25T07",
                "subba": "ZONI",
                "subba-name": "Dunwoodie - NYIS",
                "parent": "NYIS",
                "parent-name": "New York Independent System Operator",
                "value": "517",
                "value-units": "megawatthours"
            },
            {
                "period": "2023-11-25T07",
                "subba": "ZONJ",
                "subba-name": "New York City - NYIS",
                "parent": "NYIS",
                "parent-name": "New York Independent System Operator",
                "value": "4479",
                "value-units": "megawatthours"
            },
            {
                "period": "2023-11-25T07",
                "subba": "ZONK",
                "subba-name": "Long Island - NYIS",
                "parent": "NYIS",
                "parent-name": "New York Independent System Operator",
                "value": "1822",
                "value-units": "megawatthours"
            },
            {
                "period": "2023-11-25T06",
                "subba": "ZONA",
                "subba-name": "West - NYIS",
                "parent": "NYIS",
                "parent-name": "New York Independent System Operator",
                "value": "1570",
                "value-units": "megawatthours"
            },
            {
                "period": "2023-11-25T06",
                "subba": "ZONB",
                "subba-name": "Genesee - NYIS",
                "parent": "NYIS",
                "parent-name": "New York Independent System Operator",
                "value": "958",
                "value-units": "megawatthours"
            },
            {
                "period": "2023-11-25T06",
                "subba": "ZONC",
                "subba-name": "Central - NYIS",
                "parent": "NYIS",
                "parent-name": "New York Independent System Operator",
                "value": "1575",
                "value-units": "megawatthours"
            },
            {
                "period": "2023-11-25T06",
                "subba": "ZOND",
                "subba-name": "North - NYIS",
                "parent": "NYIS",
                "parent-name": "New York Independent System Operator",
                "value": "698",
                "value-units": "megawatthours"
            },
            {
                "period": "2023-11-25T06",
                "subba": "ZONE",
                "subba-name": "Mohawk Valley - NYIS",
                "parent": "NYIS",
                "parent-name": "New York Independent System Operator",
                "value": "798",
                "value-units": "megawatthours"
            },
            {
                "period": "2023-11-25T06",
                "subba": "ZONF",
                "subba-name": "Capital - NYIS",
                "parent": "NYIS",
                "parent-name": "New York Independent System Operator",
                "value": "1198",
                "value-units": "megawatthours"
            },
            {
                "period": "2023-11-25T06",
                "subba": "ZONG",
                "subba-name": "Hudson Valley - NYIS",
                "parent": "NYIS",
                "parent-name": "New York Independent System Operator",
                "value": "973",
                "value-units": "megawatthours"
            },
            {
                "period": "2023-11-25T06",
                "subba": "ZONH",
                "subba-name": "Millwood - NYIS",
                "parent": "NYIS",
                "parent-name": "New York Independent System Operator",
                "value": "281",
                "value-units": "megawatthours"
            },
            {
                "period": "2023-11-25T06",
                "subba": "ZONI",
                "subba-name": "Dunwoodie - NYIS",
                "parent": "NYIS",
                "parent-name": "New York Independent System Operator",
                "value": "535",
                "value-units": "megawatthours"
            },
            {
                "period": "2023-11-25T06",
                "subba": "ZONJ",
                "subba-name": "New York City - NYIS",
                "parent": "NYIS",
                "parent-name": "New York Independent System Operator",
                "value": "4640",
                "value-units": "megawatthours"
            },
            {
                "period": "2023-11-25T06",
                "subba": "ZONK",
                "subba-name": "Long Island - NYIS",
                "parent": "NYIS",
                "parent-name": "New York Independent System Operator",
                "value": "1907",
                "value-units": "megawatthours"
            },
            {
                "period": "2023-11-25T05",
                "subba": "ZONA",
                "subba-name": "West - NYIS",
                "parent": "NYIS",
                "parent-name": "New York Independent System Operator",
                "value": "1626",
                "value-units": "megawatthours"
            },
            {
                "period": "2023-11-25T05",
                "subba": "ZONB",
                "subba-name": "Genesee - NYIS",
                "parent": "NYIS",
                "parent-name": "New York Independent System Operator",
                "value": "988",
                "value-units": "megawatthours"
            },
            {
                "period": "2023-11-25T05",
                "subba": "ZONC",
                "subba-name": "Central - NYIS",
                "parent": "NYIS",
                "parent-name": "New York Independent System Operator",
                "value": "1631",
                "value-units": "megawatthours"
            },
            {
                "period": "2023-11-25T05",
                "subba": "ZOND",
                "subba-name": "North - NYIS",
                "parent": "NYIS",
                "parent-name": "New York Independent System Operator",
                "value": "701",
                "value-units": "megawatthours"
            },
            {
                "period": "2023-11-25T05",
                "subba": "ZONE",
                "subba-name": "Mohawk Valley - NYIS",
                "parent": "NYIS",
                "parent-name": "New York Independent System Operator",
                "value": "825",
                "value-units": "megawatthours"
            },
            {
                "period": "2023-11-25T05",
                "subba": "ZONF",
                "subba-name": "Capital - NYIS",
                "parent": "NYIS",
                "parent-name": "New York Independent System Operator",
                "value": "1235",
                "value-units": "megawatthours"
            },
            {
                "period": "2023-11-25T05",
                "subba": "ZONG",
                "subba-name": "Hudson Valley - NYIS",
                "parent": "NYIS",
                "parent-name": "New York Independent System Operator",
                "value": "1018",
                "value-units": "megawatthours"
            },
            {
                "period": "2023-11-25T05",
                "subba": "ZONH",
                "subba-name": "Millwood - NYIS",
                "parent": "NYIS",
                "parent-name": "New York Independent System Operator",
                "value": "297",
                "value-units": "megawatthours"
            },
            {
                "period": "2023-11-25T05",
                "subba": "ZONI",
                "subba-name": "Dunwoodie - NYIS",
                "parent": "NYIS",
                "parent-name": "New York Independent System Operator",
                "value": "578",
                "value-units": "megawatthours"
            },
            {
                "period": "2023-11-25T05",
                "subba": "ZONJ",
                "subba-name": "New York City - NYIS",
                "parent": "NYIS",
                "parent-name": "New York Independent System Operator",
                "value": "4825",
                "value-units": "megawatthours"
            },
            {
                "period": "2023-11-25T05",
                "subba": "ZONK",
                "subba-name": "Long Island - NYIS",
                "parent": "NYIS",
                "parent-name": "New York Independent System Operator",
                "value": "2014",
                "value-units": "megawatthours"
            },
            {
                "period": "2023-11-25T04",
                "subba": "ZONA",
                "subba-name": "West - NYIS",
                "parent": "NYIS",
                "parent-name": "New York Independent System Operator",
                "value": "1677",
                "value-units": "megawatthours"
            },
            {
                "period": "2023-11-25T04",
                "subba": "ZONB",
                "subba-name": "Genesee - NYIS",
                "parent": "NYIS",
                "parent-name": "New York Independent System Operator",
                "value": "1024",
                "value-units": "megawatthours"
            },
            {
                "period": "2023-11-25T04",
                "subba": "ZONC",
                "subba-name": "Central - NYIS",
                "parent": "NYIS",
                "parent-name": "New York Independent System Operator",
                "value": "1689",
                "value-units": "megawatthours"
            },
            {
                "period": "2023-11-25T04",
                "subba": "ZOND",
                "subba-name": "North - NYIS",
                "parent": "NYIS",
                "parent-name": "New York Independent System Operator",
                "value": "708",
                "value-units": "megawatthours"
            },
            {
                "period": "2023-11-25T04",
                "subba": "ZONE",
                "subba-name": "Mohawk Valley - NYIS",
                "parent": "NYIS",
                "parent-name": "New York Independent System Operator",
                "value": "856",
                "value-units": "megawatthours"
            },
            {
                "period": "2023-11-25T04",
                "subba": "ZONF",
                "subba-name": "Capital - NYIS",
                "parent": "NYIS",
                "parent-name": "New York Independent System Operator",
                "value": "1290",
                "value-units": "megawatthours"
            },
            {
                "period": "2023-11-25T04",
                "subba": "ZONG",
                "subba-name": "Hudson Valley - NYIS",
                "parent": "NYIS",
                "parent-name": "New York Independent System Operator",
                "value": "1072",
                "value-units": "megawatthours"
            },
            {
                "period": "2023-11-25T04",
                "subba": "ZONH",
                "subba-name": "Millwood - NYIS",
                "parent": "NYIS",
                "parent-name": "New York Independent System Operator",
                "value": "316",
                "value-units": "megawatthours"
            },
            {
                "period": "2023-11-25T04",
                "subba": "ZONI",
                "subba-name": "Dunwoodie - NYIS",
                "parent": "NYIS",
                "parent-name": "New York Independent System Operator",
                "value": "611",
                "value-units": "megawatthours"
            },
            {
                "period": "2023-11-25T04",
                "subba": "ZONJ",
                "subba-name": "New York City - NYIS",
                "parent": "NYIS",
                "parent-name": "New York Independent System Operator",
                "value": "5030",
                "value-units": "megawatthours"
            },
            {
                "period": "2023-11-25T04",
                "subba": "ZONK",
                "subba-name": "Long Island - NYIS",
                "parent": "NYIS",
                "parent-name": "New York Independent System Operator",
                "value": "2137",
                "value-units": "megawatthours"
            },
            {
                "period": "2023-11-25T03",
                "subba": "ZONA",
                "subba-name": "West - NYIS",
                "parent": "NYIS",
                "parent-name": "New York Independent System Operator",
                "value": "1733",
                "value-units": "megawatthours"
            },
            {
                "period": "2023-11-25T03",
                "subba": "ZONB",
                "subba-name": "Genesee - NYIS",
                "parent": "NYIS",
                "parent-name": "New York Independent System Operator",
                "value": "1075",
                "value-units": "megawatthours"
            },
            {
                "period": "2023-11-25T03",
                "subba": "ZONC",
                "subba-name": "Central - NYIS",
                "parent": "NYIS",
                "parent-name": "New York Independent System Operator",
                "value": "1764",
                "value-units": "megawatthours"
            },
            {
                "period": "2023-11-25T03",
                "subba": "ZOND",
                "subba-name": "North - NYIS",
                "parent": "NYIS",
                "parent-name": "New York Independent System Operator",
                "value": "716",
                "value-units": "megawatthours"
            },
            {
                "period": "2023-11-25T03",
                "subba": "ZONE",
                "subba-name": "Mohawk Valley - NYIS",
                "parent": "NYIS",
                "parent-name": "New York Independent System Operator",
                "value": "898",
                "value-units": "megawatthours"
            },
            {
                "period": "2023-11-25T03",
                "subba": "ZONF",
                "subba-name": "Capital - NYIS",
                "parent": "NYIS",
                "parent-name": "New York Independent System Operator",
                "value": "1351",
                "value-units": "megawatthours"
            },
            {
                "period": "2023-11-25T03",
                "subba": "ZONG",
                "subba-name": "Hudson Valley - NYIS",
                "parent": "NYIS",
                "parent-name": "New York Independent System Operator",
                "value": "1123",
                "value-units": "megawatthours"
            },
            {
                "period": "2023-11-25T03",
                "subba": "ZONH",
                "subba-name": "Millwood - NYIS",
                "parent": "NYIS",
                "parent-name": "New York Independent System Operator",
                "value": "337",
                "value-units": "megawatthours"
            },
            {
                "period": "2023-11-25T03",
                "subba": "ZONI",
                "subba-name": "Dunwoodie - NYIS",
                "parent": "NYIS",
                "parent-name": "New York Independent System Operator",
                "value": "631",
                "value-units": "megawatthours"
            },
            {
                "period": "2023-11-25T03",
                "subba": "ZONJ",
                "subba-name": "New York City - NYIS",
                "parent": "NYIS",
                "parent-name": "New York Independent System Operator",
                "value": "5244",
                "value-units": "megawatthours"
            },
            {
                "period": "2023-11-25T03",
                "subba": "ZONK",
                "subba-name": "Long Island - NYIS",
                "parent": "NYIS",
                "parent-name": "New York Independent System Operator",
                "value": "2249",
                "value-units": "megawatthours"
            },
            {
                "period": "2023-11-25T02",
                "subba": "ZONA",
                "subba-name": "West - NYIS",
                "parent": "NYIS",
                "parent-name": "New York Independent System Operator",
                "value": "1775",
                "value-units": "megawatthours"
            },
            {
                "period": "2023-11-25T02",
                "subba": "ZONB",
                "subba-name": "Genesee - NYIS",
                "parent": "NYIS",
                "parent-name": "New York Independent System Operator",
                "value": "1115",
                "value-units": "megawatthours"
            },
            {
                "period": "2023-11-25T02",
                "subba": "ZONC",
                "subba-name": "Central - NYIS",
                "parent": "NYIS",
                "parent-name": "New York Independent System Operator",
                "value": "1833",
                "value-units": "megawatthours"
            },
            {
                "period": "2023-11-25T02",
                "subba": "ZOND",
                "subba-name": "North - NYIS",
                "parent": "NYIS",
                "parent-name": "New York Independent System Operator",
                "value": "724",
                "value-units": "megawatthours"
            },
            {
                "period": "2023-11-25T02",
                "subba": "ZONE",
                "subba-name": "Mohawk Valley - NYIS",
                "parent": "NYIS",
                "parent-name": "New York Independent System Operator",
                "value": "943",
                "value-units": "megawatthours"
            },
            {
                "period": "2023-11-25T02",
                "subba": "ZONF",
                "subba-name": "Capital - NYIS",
                "parent": "NYIS",
                "parent-name": "New York Independent System Operator",
                "value": "1392",
                "value-units": "megawatthours"
            },
            {
                "period": "2023-11-25T02",
                "subba": "ZONG",
                "subba-name": "Hudson Valley - NYIS",
                "parent": "NYIS",
                "parent-name": "New York Independent System Operator",
                "value": "1158",
                "value-units": "megawatthours"
            },
            {
                "period": "2023-11-25T02",
                "subba": "ZONH",
                "subba-name": "Millwood - NYIS",
                "parent": "NYIS",
                "parent-name": "New York Independent System Operator",
                "value": "345",
                "value-units": "megawatthours"
            },
            {
                "period": "2023-11-25T02",
                "subba": "ZONI",
                "subba-name": "Dunwoodie - NYIS",
                "parent": "NYIS",
                "parent-name": "New York Independent System Operator",
                "value": "646",
                "value-units": "megawatthours"
            },
            {
                "period": "2023-11-25T02",
                "subba": "ZONJ",
                "subba-name": "New York City - NYIS",
                "parent": "NYIS",
                "parent-name": "New York Independent System Operator",
                "value": "5368",
                "value-units": "megawatthours"
            },
            {
                "period": "2023-11-25T02",
                "subba": "ZONK",
                "subba-name": "Long Island - NYIS",
                "parent": "NYIS",
                "parent-name": "New York Independent System Operator",
                "value": "2319",
                "value-units": "megawatthours"
            },
            {
                "period": "2023-11-25T01",
                "subba": "ZONA",
                "subba-name": "West - NYIS",
                "parent": "NYIS",
                "parent-name": "New York Independent System Operator",
                "value": "1804",
                "value-units": "megawatthours"
            },
            {
                "period": "2023-11-25T01",
                "subba": "ZONB",
                "subba-name": "Genesee - NYIS",
                "parent": "NYIS",
                "parent-name": "New York Independent System Operator",
                "value": "1144",
                "value-units": "megawatthours"
            },
            {
                "period": "2023-11-25T01",
                "subba": "ZONC",
                "subba-name": "Central - NYIS",
                "parent": "NYIS",
                "parent-name": "New York Independent System Operator",
                "value": "1894",
                "value-units": "megawatthours"
            },
            {
                "period": "2023-11-25T01",
                "subba": "ZOND",
                "subba-name": "North - NYIS",
                "parent": "NYIS",
                "parent-name": "New York Independent System Operator",
                "value": "729",
                "value-units": "megawatthours"
            },
            {
                "period": "2023-11-25T01",
                "subba": "ZONE",
                "subba-name": "Mohawk Valley - NYIS",
                "parent": "NYIS",
                "parent-name": "New York Independent System Operator",
                "value": "969",
                "value-units": "megawatthours"
            },
            {
                "period": "2023-11-25T01",
                "subba": "ZONF",
                "subba-name": "Capital - NYIS",
                "parent": "NYIS",
                "parent-name": "New York Independent System Operator",
                "value": "1428",
                "value-units": "megawatthours"
            },
            {
                "period": "2023-11-25T01",
                "subba": "ZONG",
                "subba-name": "Hudson Valley - NYIS",
                "parent": "NYIS",
                "parent-name": "New York Independent System Operator",
                "value": "1176",
                "value-units": "megawatthours"
            },
            {
                "period": "2023-11-25T01",
                "subba": "ZONH",
                "subba-name": "Millwood - NYIS",
                "parent": "NYIS",
                "parent-name": "New York Independent System Operator",
                "value": "351",
                "value-units": "megawatthours"
            },
            {
                "period": "2023-11-25T01",
                "subba": "ZONI",
                "subba-name": "Dunwoodie - NYIS",
                "parent": "NYIS",
                "parent-name": "New York Independent System Operator",
                "value": "662",
                "value-units": "megawatthours"
            },
            {
                "period": "2023-11-25T01",
                "subba": "ZONJ",
                "subba-name": "New York City - NYIS",
                "parent": "NYIS",
                "parent-name": "New York Independent System Operator",
                "value": "5462",
                "value-units": "megawatthours"
            },
            {
                "period": "2023-11-25T01",
                "subba": "ZONK",
                "subba-name": "Long Island - NYIS",
                "parent": "NYIS",
                "parent-name": "New York Independent System Operator",
                "value": "2375",
                "value-units": "megawatthours"
            },
            {
                "period": "2023-11-25T00",
                "subba": "ZONA",
                "subba-name": "West - NYIS",
                "parent": "NYIS",
                "parent-name": "New York Independent System Operator",
                "value": "1819",
                "value-units": "megawatthours"
            },
            {
                "period": "2023-11-25T00",
                "subba": "ZONB",
                "subba-name": "Genesee - NYIS",
                "parent": "NYIS",
                "parent-name": "New York Independent System Operator",
                "value": "1165",
                "value-units": "megawatthours"
            },
            {
                "period": "2023-11-25T00",
                "subba": "ZONC",
                "subba-name": "Central - NYIS",
                "parent": "NYIS",
                "parent-name": "New York Independent System Operator",
                "value": "1927",
                "value-units": "megawatthours"
            },
            {
                "period": "2023-11-25T00",
                "subba": "ZOND",
                "subba-name": "North - NYIS",
                "parent": "NYIS",
                "parent-name": "New York Independent System Operator",
                "value": "729",
                "value-units": "megawatthours"
            },
            {
                "period": "2023-11-25T00",
                "subba": "ZONE",
                "subba-name": "Mohawk Valley - NYIS",
                "parent": "NYIS",
                "parent-name": "New York Independent System Operator",
                "value": "989",
                "value-units": "megawatthours"
            },
            {
                "period": "2023-11-25T00",
                "subba": "ZONF",
                "subba-name": "Capital - NYIS",
                "parent": "NYIS",
                "parent-name": "New York Independent System Operator",
                "value": "1459",
                "value-units": "megawatthours"
            },
            {
                "period": "2023-11-25T00",
                "subba": "ZONG",
                "subba-name": "Hudson Valley - NYIS",
                "parent": "NYIS",
                "parent-name": "New York Independent System Operator",
                "value": "1198",
                "value-units": "megawatthours"
            },
            {
                "period": "2023-11-25T00",
                "subba": "ZONH",
                "subba-name": "Millwood - NYIS",
                "parent": "NYIS",
                "parent-name": "New York Independent System Operator",
                "value": "355",
                "value-units": "megawatthours"
            },
            {
                "period": "2023-11-25T00",
                "subba": "ZONI",
                "subba-name": "Dunwoodie - NYIS",
                "parent": "NYIS",
                "parent-name": "New York Independent System Operator",
                "value": "670",
                "value-units": "megawatthours"
            },
            {
                "period": "2023-11-25T00",
                "subba": "ZONJ",
                "subba-name": "New York City - NYIS",
                "parent": "NYIS",
                "parent-name": "New York Independent System Operator",
                "value": "5530",
                "value-units": "megawatthours"
            },
            {
                "period": "2023-11-25T00",
                "subba": "ZONK",
                "subba-name": "Long Island - NYIS",
                "parent": "NYIS",
                "parent-name": "New York Independent System Operator",
                "value": "2399",
                "value-units": "megawatthours"
            }
        ],
        "description": "Hourly demand by balancing authority subregion.  \n    Source: Form EIA-930\n    Product: Hourly Electric Grid Monitor"
    },
    "request": {
        "command": "/v2/electricity/rto/region-sub-ba-data/data/",
        "params": {
            "frequency": "hourly",
            "data": [
                "value"
            ],
            "sort": [
                {
                    "column": "period",
                    "direction": "desc"
                }
            ],
            "facets": {
                "parent": [
                    "NYIS"
                ]
            },
            "offset": "0",
            "length": "5000",
            "start": "2023-11-25",
            "end": "2023-11-26",
            "api_key": "dqRq8VpXSoyUrCbrPhuYFxGl6Rul9kmVcRshZ98c"
        }
    },
    "apiVersion": "2.1.8",
    "ExcelAddInVersion": "2.1.0"
}