{
    "response": {
        "total": "275",
        "dateFormat": "YYYY-MM-DD\"T\"HH24",
        "frequency": "hourly",
        "data": [
            {
                "period": "2024-12-26T00",
                "subba": "ZONA",
                "subba-name": "West",
                "parent": "NYIS",
                "parent-name": "New York Independent System Operator",
                "value": "1889",
                "value-units": "megawatthours"
            },
            {
                "period": "2024-12-26T00",
                "subba": "ZONB",
                "subba-name": "Genesee",
                "parent": "NYIS",
                "parent-name": "New York Independent System Operator",
                "value": "1181",
                "value-units": "megawatthours"
            },
            {
                "period": "2024-12-26T00",
                "subba": "ZONC",
                "subba-name": "Central",
                "parent": "NYIS",
                "parent-name": "New York Independent System Operator",
                "value": "1921",
                "value-units": "megawatthours"
            },
            {
                "period": "2024-12-26T00",
                "subba": "ZOND",
                "subba-name": "North",
                "parent": "NYIS",
                "parent-name": "New York Independent System Operator",
                "value": "694",
                "value-units": "megawatthours"
            },
            {
                "period": "2024-12-26T00",
                "subba": "ZONE",
                "subba-name": "Mohawk Valley",
                "parent": "NYIS",
                "parent-name": "New York Independent System Operator",
                "value": "1082",
                "value-units": "megawatthours"
            },
            {
                "period": "2024-12-26T00",
                "subba": "ZONF",
                "subba-name": "Capital",
                "parent": "NYIS",
                "parent-name": "New York Independent System Operator",
                "value": "1642",
                "value-units": "megawatthours"
            },
            {
                "period": "2024-12-26T00",
                "subba": "ZONG",
                "subba-name": "Hudson Valley",
                "parent": "NYIS",
                "parent-name": "New York Independent System Operator",
                "value": "1320",
                "value-units": "megawatthours"
            },
            {
                "period": "2024-12-26T00",
                "subba": "ZONH",
                "subba-name": "Millwood",
                "parent": "NYIS",
                "parent-name": "New York Independent System Operator",
                "value": "401",
                "value-units": "megawatthours"
            },
            {
                "period": "2024-12-26T00",
                "subba": "ZONI",
                "subba-name": "Dunwoodie",
                "parent": "NYIS",
                "parent-name": "New York Independent System Operator",
                "value": "735",
                "value-units": "megawatthours"
            },
            {
                "period": "2024-12-26T00",
                "subba": "ZONJ",
                "subba-name": "New York City",
                "parent": "NYIS",
                "parent-name": "New York Independent System Operator",
                "value": "5796",
                "value-units": "megawatthours"
            },
            {
                "period": "2024-12-26T00",
                "subba": "ZONK",
                "subba-name": "Long Island",
                "parent": "NYIS",
                "parent-name": "New York Independent System Operator",
                "value": "2561",
                "value-units": "megawatthours"
            },
            {
                "period": "2024-12-25T23",
                "subba": "ZONA",
                "subba-name": "West",
                "parent": "NYIS",
                "parent-name": "New York Independent System Operator",
                "value": "1902",
                "value-units": "megawatthours"
            },
            {
                "period": "2024-12-25T23",
                "subba": "ZONB",
                "subba-name": "Genesee",
                "parent": "NYIS",
                "parent-name": "New York Independent System Operator",
                "value": "1192",
                "value-units": "megawatthours"
            },
            {
                "period": "2024-12-25T23",
                "subba": "ZONC",
                "subba-name": "Central",
                "parent": "NYIS",
                "parent-name": "New York Independent System Operator",
                "value": "1929",
                "value-units": "megawatthours"
            },
            {
                "period": "2024-12-25T23",
                "subba": "ZOND",
                "subba-name": "North",
                "parent": "NYIS",
                "parent-name": "New York Independent System Operator",
                "value": "642",
                "value-units": "megawatthours"
            },
            {
                "period": "2024-12-25T23",
                "subba": "ZONE",
                "subba-name": "Mohawk Valley",
                "parent": "NYIS",
                "parent-name": "New York Independent System Operator",
                "value": "1074",
                "value-units": "megawatthours"
            },
            {
                "period": "2024-12-25T23",
                "subba": "ZONF",
                "subba-name": "Capital",
                "parent": "NYIS",
                "parent-name": "New York Independent System Operator",
                "value": "1644",
                "value-units": "megawatthours"
            },
            {
                "period": "2024-12-25T23",
                "subba": "ZONG",
                "subba-name": "Hudson Valley",
                "parent": "NYIS",
                "parent-name": "New York Independent System Operator",
                "value": "1326",
                "value-units": "megawatthours"
            },
            {
                "period": "2024-12-25T23",
                "subba": "ZONH",
                "subba-name": "Millwood",
                "parent": "NYIS",
                "parent-name": "New York Independent System Operator",
                "value": "400",
                "value-units": "megawatthours"
            },
            {
                "period": "2024-12-25T23",
                "subba": "ZONI",
                "subba-name": "Dunwoodie",
                "parent": "NYIS",
                "parent-name": "New York Independent System Operator",
                "value": "736",
                "value-units": "megawatthours"
            },
            {
                "period": "2024-12-25T23",
                "subba": "ZONJ",
                "subba-name": "New York City",
                "parent": "NYIS",
                "parent-name": "New York Independent System Operator",
                "value": "5842",
                "value-units": "megawatthours"
            },
            {
                "period": "2024-12-25T23",
                "subba": "ZONK",
                "subba-name": "Long Island",
                "parent": "NYIS",
                "parent-name": "New York Independent System Operator",
                "value": "2585",
                "value-units": "megawatthours"
            },
            {
                "period": "2024-12-25T22",
                "subba": "ZONA",
                "subba-name": "West",
                "parent": "NYIS",
                "parent-name": "New York Independent System Operator",
                "value": "1854",
                "value-units": "megawatthours"
            },
            {
                "period": "2024-12-25T22",
                "subba": "ZONB",
                "subba-name": "Genesee",
                "parent": "NYIS",
                "parent-name": "New York Independent System Operator",
                "value": "1162",
                "value-units": "megawatthours"
            },
            {
                "period": "2024-12-25T22",
                "subba": "ZONC",
                "subba-name": "Central",
                "parent": "NYIS",
                "parent-name": "New York Independent System Operator",
                "value": "1884",
                "value-units": "megawatthours"
            },
            {
                "period": "2024-12-25T22",
                "subba": "ZOND",
                "subba-name": "North",
                "parent": "NYIS",
                "parent-name": "New York Independent System Operator",
                "value": "716",
                "value-units": "megawatthours"
            },
            {
                "period": "2024-12-25T22",
                "subba": "ZONE",
                "subba-name": "Mohawk Valley",
                "parent": "NYIS",
                "parent-name": "New York Independent System Operator",
                "value": "1026",
                "value-units": "megawatthours"
            },
            {
                "period": "2024-12-25T22",
                "subba": "ZONF",
                "subba-name": "Capital",
                "parent": "NYIS",
                "parent-name": "New York Independent System Operator",
                "value": "1591",
                "value-units": "megawatthours"
            },
            {
                "period": "2024-12-25T22",
                "subba": "ZONG",
                "subba-name": "Hudson Valley",
                "parent": "NYIS",
                "parent-name": "New York Independent System Operator",
                "value": "1271",
                "value-units": "megawatthours"
            },
            {
                "period": "2024-12-25T22",
                "subba": "ZONH",
                "subba-name": "Millwood",
                "parent": "NYIS",
                "parent-name": "New York Independent System Operator",
                "value": "378",
                "value-units": "megawatthours"
            },
            {
                "period": "2024-12-25T22",
                "subba": "ZONI",
                "subba-name": "Dunwoodie",
                "parent": "NYIS",
                "parent-name": "New York Independent System Operator",
                "value": "713",
                "value-units": "megawatthours"
            },
            {
                "period": "2024-12-25T22",
                "subba": "ZONJ",
                "subba-name": "New York City",
                "parent": "NYIS",
                "parent-name": "New York Independent System Operator",
                "value": "5730",
                "value-units": "megawatthours"
            },
            {
                "period": "2024-12-25T22",
                "subba": "ZONK",
                "subba-name": "Long Island",
                "parent": "NYIS",
                "parent-name": "New York Independent System Operator",
                "value": "2462",
                "value-units": "megawatthours"
            },
            {
                "period": "2024-12-25T21",
                "subba": "ZONA",
                "subba-name": "West",
                "parent": "NYIS",
                "parent-name": "New York Independent System Operator",
                "value": "1809",
                "value-units": "megawatthours"
            },
            {
                "period": "2024-12-25T21",
                "subba": "ZONB",
                "subba-name": "Genesee",
                "parent": "NYIS",
                "parent-name": "New York Independent System Operator",
                "value": "1135",
                "value-units": "megawatthours"
            },
            {
                "period": "2024-12-25T21",
                "subba": "ZONC",
                "subba-name": "Central",
                "parent": "NYIS",
                "parent-name": "New York Independent System Operator",
                "value": "1827",
                "value-units": "megawatthours"
            },
            {
                "period": "2024-12-25T21",
                "subba": "ZOND",
                "subba-name": "North",
                "parent": "NYIS",
                "parent-name": "New York Independent System Operator",
                "value": "705",
                "value-units": "megawatthours"
            },
            {
                "period": "2024-12-25T21",
                "subba": "ZONE",
                "subba-name": "Mohawk Valley",
                "parent": "NYIS",
                "parent-name": "New York Independent System Operator",
                "value": "945",
                "value-units": "megawatthours"
            },
            {
                "period": "2024-12-25T21",
                "subba": "ZONF",
                "subba-name": "Capital",
                "parent": "NYIS",
                "parent-name": "New York Independent System Operator",
                "value": "1514",
                "value-units": "megawatthours"
            },
            {
                "period": "2024-12-25T21",
                "subba": "ZONG",
                "subba-name": "Hudson Valley",
                "parent": "NYIS",
                "parent-name": "New York Independent System Operator",
                "value": "1151",
                "value-units": "megawatthours"
            },
            {
                "period": "2024-12-25T21",
                "subba": "ZONH",
                "subba-name": "Millwood",
                "parent": "NYIS",
                "parent-name": "New York Independent System Operator",
                "value": "358",
                "value-units": "megawatthours"
            },
            {
                "period": "2024-12-25T21",
                "subba": "ZONI",
                "subba-name": "Dunwoodie",
                "parent": "NYIS",
                "parent-name": "New York Independent System Operator",
                "value": "674",
                "value-units": "megawatthours"
            },
            {
                "period": "2024-12-25T21",
                "subba": "ZONJ",
                "subba-name": "New York City",
                "parent": "NYIS",
                "parent-name": "New York Independent System Operator",
                "value": "5606",
                "value-units": "megawatthours"
            },
            {
                "period": "2024-12-25T21",
                "subba": "ZONK",
                "subba-name": "Long Island",
                "parent": "NYIS",
                "parent-name": "New York Independent System Operator",
                "value": "2260",
                "value-units": "megawatthours"
            },
            {
                "period": "2024-12-25T20",
                "subba": "ZONA",
                "subba-name": "West",
                "parent": "NYIS",
                "parent-name": "New York Independent System Operator",
                "value": "1793",
                "value-units": "megawatthours"
            },
            {
                "period": "2024-12-25T20",
                "subba": "ZONB",
                "subba-name": "Genesee",
                "parent": "NYIS",
                "parent-name": "New York Independent System Operator",
                "value": "1139",
                "value-units": "megawatthours"
            },
            {
                "period": "2024-12-25T20",
                "subba": "ZONC",
                "subba-name": "Central",
                "parent": "NYIS",
                "parent-name": "New York Independent System Operator",
                "value": "1818",
                "value-units": "megawatthours"
            },
            {
                "period": "2024-12-25T20",
                "subba": "ZOND",
                "subba-name": "North",
                "parent": "NYIS",
                "parent-name": "New York Independent System Operator",
                "value": "692",
                "value-units": "megawatthours"
            },
            {
                "period": "2024-12-25T20",
                "subba": "ZONE",
                "subba-name": "Mohawk Valley",
                "parent": "NYIS",
                "parent-name": "New York Independent System Operator",
                "value": "893",
                "value-units": "megawatthours"
            },
            {
                "period": "2024-12-25T20",
                "subba": "ZONF",
                "subba-name": "Capital",
                "parent": "NYIS",
                "parent-name": "New York Independent System Operator",
                "value": "1492",
                "value-units": "megawatthours"
            },
            {
                "period": "2024-12-25T20",
                "subba": "ZONG",
                "subba-name": "Hudson Valley",
                "parent": "NYIS",
                "parent-name": "New York Independent System Operator",
                "value": "1044",
                "value-units": "megawatthours"
            },
            {
                "period": "2024-12-25T20",
                "subba": "ZONH",
                "subba-name": "Millwood",
                "parent": "NYIS",
                "parent-name": "New York Independent System Operator",
                "value": "338",
                "value-units": "megawatthours"
            },
            {
                "period": "2024-12-25T20",
                "subba": "ZONI",
                "subba-name": "Dunwoodie",
                "parent": "NYIS",
                "parent-name": "New York Independent System Operator",
                "value": "657",
                "value-units": "megawatthours"
            },
            {
                "period": "2024-12-25T20",
                "subba": "ZONJ",
                "subba-name": "New York City",
                "parent": "NYIS",
                "parent-name": "New York Independent System Operator",
                "value": "5588",
                "value-units": "megawatthours"
            },
            {
                "period": "2024-12-25T20",
                "subba": "ZONK",
                "subba-name": "Long Island",
                "parent": "NYIS",
                "parent-name": "New York Independent System Operator",
                "value": "2130",
                "value-units": "megawatthours"
            },
            {
                "period": "2024-12-25T19",
                "subba": "ZONA",
                "subba-name": "West",
                "parent": "NYIS",
                "parent-name": "New York Independent System Operator",
                "value": "1788",
                "value-units": "megawatthours"
            },
            {
                "period": "2024-12-25T19",
                "subba": "ZONB",
                "subba-name": "Genesee",
                "parent": "NYIS",
                "parent-name": "New York Independent System Operator",
                "value": "1141",
                "value-units": "megawatthours"
            },
            {
                "period": "2024-12-25T19",
                "subba": "ZONC",
                "subba-name": "Central",
                "parent": "NYIS",
                "parent-name": "New York Independent System Operator",
                "value": "1810",
                "value-units": "megawatthours"
            },
            {
                "period": "2024-12-25T19",
                "subba": "ZOND",
                "subba-name": "North",
                "parent": "NYIS",
                "parent-name": "New York Independent System Operator",
                "value": "693",
                "value-units": "megawatthours"
            },
            {
                "period": "2024-12-25T19",
                "subba": "ZONE",
                "subba-name": "Mohawk Valley",
                "parent": "NYIS",
                "parent-name": "New York Independent System Operator",
                "value": "899",
                "value-units": "megawatthours"
            },
            {
                "period": "2024-12-25T19",
                "subba": "ZONF",
                "subba-name": "Capital",
                "parent": "NYIS",
                "parent-name": "New York Independent System Operator",
                "value": "1514",
                "value-units": "megawatthours"
            },
            {
                "period": "2024-12-25T19",
                "subba": "ZONG",
                "subba-name": "Hudson Valley",
                "parent": "NYIS",
                "parent-name": "New York Independent System Operator",
                "value": "999",
                "value-units": "megawatthours"
            },
            {
                "period": "2024-12-25T19",
                "subba": "ZONH",
                "subba-name": "Millwood",
                "parent": "NYIS",
                "parent-name": "New York Independent System Operator",
                "value": "333",
                "value-units": "megawatthours"
            },
            {
                "period": "2024-12-25T19",
                "subba": "ZONI",
                "subba-name": "Dunwoodie",
                "parent": "NYIS",
                "parent-name": "New York Independent System Operator",
                "value": "654",
                "value-units": "megawatthours"
            },
            {
                "period": "2024-12-25T19",
                "subba": "ZONJ",
                "subba-name": "New York City",
                "parent": "NYIS",
                "parent-name": "New York Independent System Operator",
                "value": "5591",
                "value-units": "megawatthours"
            },
            {
                "period": "2024-12-25T19",
                "subba": "ZONK",
                "subba-name": "Long Island",
                "parent": "NYIS",
                "parent-name": "New York Independent System Operator",
                "value": "2074",
                "value-units": "megawatthours"
            },
            {
                "period": "2024-12-25T18",
                "subba": "ZONA",
                "subba-name": "West",
                "parent": "NYIS",
                "parent-name": "New York Independent System Operator",
                "value": "1790",
                "value-units": "megawatthours"
            },
            {
                "period": "2024-12-25T18",
                "subba": "ZONB",
                "subba-name": "Genesee",
                "parent": "NYIS",
                "parent-name": "New York Independent System Operator",
                "value": "1142",
                "value-units": "megawatthours"
            },
            {
                "period": "2024-12-25T18",
                "subba": "ZONC",
                "subba-name": "Central",
                "parent": "NYIS",
                "parent-name": "New York Independent System Operator",
                "value": "1818",
                "value-units": "megawatthours"
            },
            {
                "period": "2024-12-25T18",
                "subba": "ZOND",
                "subba-name": "North",
                "parent": "NYIS",
                "parent-name": "New York Independent System Operator",
                "value": "697",
                "value-units": "megawatthours"
            },
            {
                "period": "2024-12-25T18",
                "subba": "ZONE",
                "subba-name": "Mohawk Valley",
                "parent": "NYIS",
                "parent-name": "New York Independent System Operator",
                "value": "931",
                "value-units": "megawatthours"
            },
            {
                "period": "2024-12-25T18",
                "subba": "ZONF",
                "subba-name": "Capital",
                "parent": "NYIS",
                "parent-name": "New York Independent System Operator",
                "value": "1542",
                "value-units": "megawatthours"
            },
            {
                "period": "2024-12-25T18",
                "subba": "ZONG",
                "subba-name": "Hudson Valley",
                "parent": "NYIS",
                "parent-name": "New York Independent System Operator",
                "value": "1035",
                "value-units": "megawatthours"
            },
            {
                "period": "2024-12-25T18",
                "subba": "ZONH",
                "subba-name": "Millwood",
                "parent": "NYIS",
                "parent-name": "New York Independent System Operator",
                "value": "332",
                "value-units": "megawatthours"
            },
            {
                "period": "2024-12-25T18",
                "subba": "ZONI",
                "subba-name": "Dunwoodie",
                "parent": "NYIS",
                "parent-name": "New York Independent System Operator",
                "value": "656",
                "value-units": "megawatthours"
            },
            {
                "period": "2024-12-25T18",
                "subba": "ZONJ",
                "subba-name": "New York City",
                "parent": "NYIS",
                "parent-name": "New York Independent System Operator",
                "value": "5610",
                "value-units": "megawatthours"
            },
            {
                "period": "2024-12-25T18",
                "subba": "ZONK",
                "subba-name": "Long Island",
                "parent": "NYIS",
                "parent-name": "New York Independent System Operator",
                "value": "2061",
                "value-units": "megawatthours"
            },
            {
                "period": "2024-12-25T17",
                "subba": "ZONA",
                "subba-name": "West",
                "parent": "NYIS",
                "parent-name": "New York Independent System Operator",
                "value": "1795",
                "value-units": "megawatthours"
            },
            {
                "period": "2024-12-25T17",
                "subba": "ZONB",
                "subba-name": "Genesee",
                "parent": "NYIS",
                "parent-name": "New York Independent System Operator",
                "value": "1144",
                "value-units": "megawatthours"
            },
            {
                "period": "2024-12-25T17",
                "subba": "ZONC",
                "subba-name": "Central",
                "parent": "NYIS",
                "parent-name": "New York Independent System Operator",
                "value": "1829",
                "value-units": "megawatthours"
            },
            {
                "period": "2024-12-25T17",
                "subba": "ZOND",
                "subba-name": "North",
                "parent": "NYIS",
                "parent-name": "New York Independent System Operator",
                "value": "706",
                "value-units": "megawatthours"
            },
            {
                "period": "2024-12-25T17",
                "subba": "ZONE",
                "subba-name": "Mohawk Valley",
                "parent": "NYIS",
                "parent-name": "New York Independent System Operator",
                "value": "963",
                "value-units": "megawatthours"
            },
            {
                "period": "2024-12-25T17",
                "subba": "ZONF",
                "subba-name": "Capital",
                "parent": "NYIS",
                "parent-name": "New York Independent System Operator",
                "value": "1566",
                "value-units": "megawatthours"
            },
            {
                "period": "2024-12-25T17",
                "subba": "ZONG",
                "subba-name": "Hudson Valley",
                "parent": "NYIS",
                "parent-name": "New York Independent System Operator",
                "value": "1113",
                "value-units": "megawatthours"
            },
            {
                "period": "2024-12-25T17",
                "subba": "ZONH",
                "subba-name": "Millwood",
                "parent": "NYIS",
                "parent-name": "New York Independent System Operator",
                "value": "320",
                "value-units": "megawatthours"
            },
            {
                "period": "2024-12-25T17",
                "subba": "ZONI",
                "subba-name": "Dunwoodie",
                "parent": "NYIS",
                "parent-name": "New York Independent System Operator",
                "value": "664",
                "value-units": "megawatthours"
            },
            {
                "period": "2024-12-25T17",
                "subba": "ZONJ",
                "subba-name": "New York City",
                "parent": "NYIS",
                "parent-name": "New York Independent System Operator",
                "value": "5591",
                "value-units": "megawatthours"
            },
            {
                "period": "2024-12-25T17",
                "subba": "ZONK",
                "subba-name": "Long Island",
                "parent": "NYIS",
                "parent-name": "New York Independent System Operator",
                "value": "2075",
                "value-units": "megawatthours"
            },
            {
                "period": "2024-12-25T16",
                "subba": "ZONA",
                "subba-name": "West",
                "parent": "NYIS",
                "parent-name": "New York Independent System Operator",
                "value": "1798",
                "value-units": "megawatthours"
            },
            {
                "period": "2024-12-25T16",
                "subba": "ZONB",
                "subba-name": "Genesee",
                "parent": "NYIS",
                "parent-name": "New York Independent System Operator",
                "value": "1146",
                "value-units": "megawatthours"
            },
            {
                "period": "2024-12-25T16",
                "subba": "ZONC",
                "subba-name": "Central",
                "parent": "NYIS",
                "parent-name": "New York Independent System Operator",
                "value": "1862",
                "value-units": "megawatthours"
            },
            {
                "period": "2024-12-25T16",
                "subba": "ZOND",
                "subba-name": "North",
                "parent": "NYIS",
                "parent-name": "New York Independent System Operator",
                "value": "713",
                "value-units": "megawatthours"
            },
            {
                "period": "2024-12-25T16",
                "subba": "ZONE",
                "subba-name": "Mohawk Valley",
                "parent": "NYIS",
                "parent-name": "New York Independent System Operator",
                "value": "999",
                "value-units": "megawatthours"
            },
            {
                "period": "2024-12-25T16",
                "subba": "ZONF",
                "subba-name": "Capital",
                "parent": "NYIS",
                "parent-name": "New York Independent System Operator",
                "value": "1582",
                "value-units": "megawatthours"
            },
            {
                "period": "2024-12-25T16",
                "subba": "ZONG",
                "subba-name": "Hudson Valley",
                "parent": "NYIS",
                "parent-name": "New York Independent System Operator",
                "value": "1167",
                "value-units": "megawatthours"
            },
            {
                "period": "2024-12-25T16",
                "subba": "ZONH",
                "subba-name": "Millwood",
                "parent": "NYIS",
                "parent-name": "New York Independent System Operator",
                "value": "343",
                "value-units": "megawatthours"
            },
            {
                "period": "2024-12-25T16",
                "subba": "ZONI",
                "subba-name": "Dunwoodie",
                "parent": "NYIS",
                "parent-name": "New York Independent System Operator",
                "value": "683",
                "value-units": "megawatthours"
            },
            {
                "period": "2024-12-25T16",
                "subba": "ZONJ",
                "subba-name": "New York City",
                "parent": "NYIS",
                "parent-name": "New York Independent System Operator",
                "value": "5519",
                "value-units": "megawatthours"
            },
            {
                "period": "2024-12-25T16",
                "subba": "ZONK",
                "subba-name": "Long Island",
                "parent": "NYIS",
                "parent-name": "New York Independent System Operator",
                "value": "2136",
                "value-units": "megawatthours"
            },
            {
                "period": "2024-12-25T15",
                "subba": "ZONA",
                "subba-name": "West",
                "parent": "NYIS",
                "parent-name": "New York Independent System Operator",
                "value": "1789",
                "value-units": "megawatthours"
            },
            {
                "period": "2024-12-25T15",
                "subba": "ZONB",
                "subba-name": "Genesee",
                "parent": "NYIS",
                "parent-name": "New York Independent System Operator",
                "value": "1134",
                "value-units": "megawatthours"
            },
            {
                "period": "2024-12-25T15",
                "subba": "ZONC",
                "subba-name": "Central",
                "parent": "NYIS",
                "parent-name": "New York Independent System Operator",
                "value": "1876",
                "value-units": "megawatthours"
            },
            {
                "period": "2024-12-25T15",
                "subba": "ZOND",
                "subba-name": "North",
                "parent": "NYIS",
                "parent-name": "New York Independent System Operator",
                "value": "716",
                "value-units": "megawatthours"
            },
            {
                "period": "2024-12-25T15",
                "subba": "ZONE",
                "subba-name": "Mohawk Valley",
                "parent": "NYIS",
                "parent-name": "New York Independent System Operator",
                "value": "1025",
                "value-units": "megawatthours"
            },
            {
                "period": "2024-12-25T15",
                "subba": "ZONF",
                "subba-name": "Capital",
                "parent": "NYIS",
                "parent-name": "New York Independent System Operator",
                "value": "1559",
                "value-units": "megawatthours"
            },
            {
                "period": "2024-12-25T15",
                "subba": "ZONG",
                "subba-name": "Hudson Valley",
                "parent": "NYIS",
                "parent-name": "New York Independent System Operator",
                "value": "1201",
                "value-units": "megawatthours"
            },
            {
                "period": "2024-12-25T15",
                "subba": "ZONH",
                "subba-name": "Millwood",
                "parent": "NYIS",
                "parent-name": "New York Independent System Operator",
                "value": "352",
                "value-units": "megawatthours"
            },
            {
                "period": "2024-12-25T15",
                "subba": "ZONI",
                "subba-name": "Dunwoodie",
                "parent": "NYIS",
                "parent-name": "New York Independent System Operator",
                "value": "674",
                "value-units": "megawatthours"
            },
            {
                "period": "2024-12-25T15",
                "subba": "ZONJ",
                "subba-name": "New York City",
                "parent": "NYIS",
                "parent-name": "New York Independent System Operator",
                "value": "5397",
                "value-units": "megawatthours"
            },
            {
                "period": "2024-12-25T15",
                "subba": "ZONK",
                "subba-name": "Long Island",
                "parent": "NYIS",
                "parent-name": "New York Independent System Operator",
                "value": "2168",
                "value-units": "megawatthours"
            },
            {
                "period": "2024-12-25T14",
                "subba": "ZONA",
                "subba-name": "West",
                "parent": "NYIS",
                "parent-name": "New York Independent System Operator",
                "value": "1761",
                "value-units": "megawatthours"
            },
            {
                "period": "2024-12-25T14",
                "subba": "ZONB",
                "subba-name": "Genesee",
                "parent": "NYIS",
                "parent-name": "New York Independent System Operator",
                "value": "1106",
                "value-units": "megawatthours"
            },
            {
                "period": "2024-12-25T14",
                "subba": "ZONC",
                "subba-name": "Central",
                "parent": "NYIS",
                "parent-name": "New York Independent System Operator",
                "value": "1855",
                "value-units": "megawatthours"
            },
            {
                "period": "2024-12-25T14",
                "subba": "ZOND",
                "subba-name": "North",
                "parent": "NYIS",
                "parent-name": "New York Independent System Operator",
                "value": "719",
                "value-units": "megawatthours"
            },
            {
                "period": "2024-12-25T14",
                "subba": "ZONE",
                "subba-name": "Mohawk Valley",
                "parent": "NYIS",
                "parent-name": "New York Independent System Operator",
                "value": "1028",
                "value-units": "megawatthours"
            },
            {
                "period": "2024-12-25T14",
                "subba": "ZONF",
                "subba-name": "Capital",
                "parent": "NYIS",
                "parent-name": "New York Independent System Operator",
                "value": "1526",
                "value-units": "megawatthours"
            },
            {
                "period": "2024-12-25T14",
                "subba": "ZONG",
                "subba-name": "Hudson Valley",
                "parent": "NYIS",
                "parent-name": "New York Independent System Operator",
                "value": "1183",
                "value-units": "megawatthours"
            },
            {
                "period": "2024-12-25T14",
                "subba": "ZONH",
                "subba-name": "Millwood",
                "parent": "NYIS",
                "parent-name": "New York Independent System Operator",
                "value": "345",
                "value-units": "megawatthours"
            },
            {
                "period": "2024-12-25T14",
                "subba": "ZONI",
                "subba-name": "Dunwoodie",
                "parent": "NYIS",
                "parent-name": "New York Independent System Operator",
                "value": "653",
                "value-units": "megawatthours"
            },
            {
                "period": "2024-12-25T14",
                "subba": "ZONJ",
                "subba-name": "New York City",
                "parent": "NYIS",
                "parent-name": "New York Independent System Operator",
                "value": "5232",
                "value-units": "megawatthours"
            },
            {
                "period": "2024-12-25T14",
                "subba": "ZONK",
                "subba-name": "Long Island",
                "parent": "NYIS",
                "parent-name": "New York Independent System Operator",
                "value": "2156",
                "value-units": "megawatthours"
            },
            {
                "period": "2024-12-25T13",
                "subba": "ZONA",
                "subba-name": "West",
                "parent": "NYIS",
                "parent-name": "New York Independent System Operator",
                "value": "1726",
                "value-units": "megawatthours"
            },
            {
                "period": "2024-12-25T13",
                "subba": "ZONB",
                "subba-name": "Genesee",
                "parent": "NYIS",
                "parent-name": "New York Independent System Operator",
                "value": "1065",
                "value-units": "megawatthours"
            },
            {
                "period": "2024-12-25T13",
                "subba": "ZONC",
                "subba-name": "Central",
                "parent": "NYIS",
                "parent-name": "New York Independent System Operator",
                "value": "1797",
                "value-units": "megawatthours"
            },
            {
                "period": "2024-12-25T13",
                "subba": "ZOND",
                "subba-name": "North",
                "parent": "NYIS",
                "parent-name": "New York Independent System Operator",
                "value": "711",
                "value-units": "megawatthours"
            },
            {
                "period": "2024-12-25T13",
                "subba": "ZONE",
                "subba-name": "Mohawk Valley",
                "parent": "NYIS",
                "parent-name": "New York Independent System Operator",
                "value": "994",
                "value-units": "megawatthours"
            },
            {
                "period": "2024-12-25T13",
                "subba": "ZONF",
                "subba-name": "Capital",
                "parent": "NYIS",
                "parent-name": "New York Independent System Operator",
                "value": "1470",
                "value-units": "megawatthours"
            },
            {
                "period": "2024-12-25T13",
                "subba": "ZONG",
                "subba-name": "Hudson Valley",
                "parent": "NYIS",
                "parent-name": "New York Independent System Operator",
                "value": "1140",
                "value-units": "megawatthours"
            },
            {
                "period": "2024-12-25T13",
                "subba": "ZONH",
                "subba-name": "Millwood",
                "parent": "NYIS",
                "parent-name": "New York Independent System Operator",
                "value": "330",
                "value-units": "megawatthours"
            },
            {
                "period": "2024-12-25T13",
                "subba": "ZONI",
                "subba-name": "Dunwoodie",
                "parent": "NYIS",
                "parent-name": "New York Independent System Operator",
                "value": "630",
                "value-units": "megawatthours"
            },
            {
                "period": "2024-12-25T13",
                "subba": "ZONJ",
                "subba-name": "New York City",
                "parent": "NYIS",
                "parent-name": "New York Independent System Operator",
                "value": "5064",
                "value-units": "megawatthours"
            },
            {
                "period": "2024-12-25T13",
                "subba": "ZONK",
                "subba-name": "Long Island",
                "parent": "NYIS",
                "parent-name": "New York Independent System Operator",
                "value": "2131",
                "value-units": "megawatthours"
            },
            {
                "period": "2024-12-25T12",
                "subba": "ZONA",
                "subba-name": "West",
                "parent": "NYIS",
                "parent-name": "New York Independent System Operator",
                "value": "1664",
                "value-units": "megawatthours"
            },
            {
                "period": "2024-12-25T12",
                "subba": "ZONB",
                "subba-name": "Genesee",
                "parent": "NYIS",
                "parent-name": "New York Independent System Operator",
                "value": "1008",
                "value-units": "megawatthours"
            },
            {
                "period": "2024-12-25T12",
                "subba": "ZONC",
                "subba-name": "Central",
                "parent": "NYIS",
                "parent-name": "New York Independent System Operator",
                "value": "1731",
                "value-units": "megawatthours"
            },
            {
                "period": "2024-12-25T12",
                "subba": "ZOND",
                "subba-name": "North",
                "parent": "NYIS",
                "parent-name": "New York Independent System Operator",
                "value": "706",
                "value-units": "megawatthours"
            },
            {
                "period": "2024-12-25T12",
                "subba": "ZONE",
                "subba-name": "Mohawk Valley",
                "parent": "NYIS",
                "parent-name": "New York Independent System Operator",
                "value": "945",
                "value-units": "megawatthours"
            },
            {
                "period": "2024-12-25T12",
                "subba": "ZONF",
                "subba-name": "Capital",
                "parent": "NYIS",
                "parent-name": "New York Independent System Operator",
                "value": "1391",
                "value-units": "megawatthours"
            },
            {
                "period": "2024-12-25T12",
                "subba": "ZONG",
                "subba-name": "Hudson Valley",
                "parent": "NYIS",
                "parent-name": "New York Independent System Operator",
                "value": "1090",
                "value-units": "megawatthours"
            },
            {
                "period": "2024-12-25T12",
                "subba": "ZONH",
                "subba-name": "Millwood",
                "parent": "NYIS",
                "parent-name": "New York Independent System Operator",
                "value": "317",
                "value-units": "megawatthours"
            },
            {
                "period": "2024-12-25T12",
                "subba": "ZONI",
                "subba-name": "Dunwoodie",
                "parent": "NYIS",
                "parent-name": "New York Independent System Operator",
                "value": "614",
                "value-units": "megawatthours"
            },
            {
                "period": "2024-12-25T12",
                "subba": "ZONJ",
                "subba-name": "New York City",
                "parent": "NYIS",
                "parent-name": "New York Independent System Operator",
                "value": "4931",
                "value-units": "megawatthours"
            },
            {
                "period": "2024-12-25T12",
                "subba": "ZONK",
                "subba-name": "Long Island",
                "parent": "NYIS",
                "parent-name": "New York Independent System Operator",
                "value": "2082",
                "value-units": "megawatthours"
            },
            {
                "period": "2024-12-25T11",
                "subba": "ZONA",
                "subba-name": "West",
                "parent": "NYIS",
                "parent-name": "New York Independent System Operator",
                "value": "1617",
                "value-units": "megawatthours"
            },
            {
                "period": "2024-12-25T11",
                "subba": "ZONB",
                "subba-name": "Genesee",
                "parent": "NYIS",
                "parent-name": "New York Independent System Operator",
                "value": "975",
                "value-units": "megawatthours"
            },
            {
                "period": "2024-12-25T11",
                "subba": "ZONC",
                "subba-name": "Central",
                "parent": "NYIS",
                "parent-name": "New York Independent System Operator",
                "value": "1675",
                "value-units": "megawatthours"
            },
            {
                "period": "2024-12-25T11",
                "subba": "ZOND",
                "subba-name": "North",
                "parent": "NYIS",
                "parent-name": "New York Independent System Operator",
                "value": "700",
                "value-units": "megawatthours"
            },
            {
                "period": "2024-12-25T11",
                "subba": "ZONE",
                "subba-name": "Mohawk Valley",
                "parent": "NYIS",
                "parent-name": "New York Independent System Operator",
                "value": "906",
                "value-units": "megawatthours"
            },
            {
                "period": "2024-12-25T11",
                "subba": "ZONF",
                "subba-name": "Capital",
                "parent": "NYIS",
                "parent-name": "New York Independent System Operator",
                "value": "1340",
                "value-units": "megawatthours"
            },
            {
                "period": "2024-12-25T11",
                "subba": "ZONG",
                "subba-name": "Hudson Valley",
                "parent": "NYIS",
                "parent-name": "New York Independent System Operator",
                "value": "1059",
                "value-units": "megawatthours"
            },
            {
                "period": "2024-12-25T11",
                "subba": "ZONH",
                "subba-name": "Millwood",
                "parent": "NYIS",
                "parent-name": "New York Independent System Operator",
                "value": "297",
                "value-units": "megawatthours"
            },
            {
                "period": "2024-12-25T11",
                "subba": "ZONI",
                "subba-name": "Dunwoodie",
                "parent": "NYIS",
                "parent-name": "New York Independent System Operator",
                "value": "600",
                "value-units": "megawatthours"
            },
            {
                "period": "2024-12-25T11",
                "subba": "ZONJ",
                "subba-name": "New York City",
                "parent": "NYIS",
                "parent-name": "New York Independent System Operator",
                "value": "4805",
                "value-units": "megawatthours"
            },
            {
                "period": "2024-12-25T11",
                "subba": "ZONK",
                "subba-name": "Long Island",
                "parent": "NYIS",
                "parent-name": "New York Independent System Operator",
                "value": "2023",
                "value-units": "megawatthours"
            },
            {
                "period": "2024-12-25T10",
                "subba": "ZONA",
                "subba-name": "West",
                "parent": "NYIS",
                "parent-name": "New York Independent System Operator",
                "value": "1599",
                "value-units": "megawatthours"
            },
            {
                "period": "2024-12-25T10",
                "subba": "ZONB",
                "subba-name": "Genesee",
                "parent": "NYIS",
                "parent-name": "New York Independent System Operator",
                "value": "952",
                "value-units": "megawatthours"
            },
            {
                "period": "2024-12-25T10",
                "subba": "ZONC",
                "subba-name": "Central",
                "parent": "NYIS",
                "parent-name": "New York Independent System Operator",
                "value": "1639",
                "value-units": "megawatthours"
            },
            {
                "period": "2024-12-25T10",
                "subba": "ZOND",
                "subba-name": "North",
                "parent": "NYIS",
                "parent-name": "New York Independent System Operator",
                "value": "692",
                "value-units": "megawatthours"
            },
            {
                "period": "2024-12-25T10",
                "subba": "ZONE",
                "subba-name": "Mohawk Valley",
                "parent": "NYIS",
                "parent-name": "New York Independent System Operator",
                "value": "885",
                "value-units": "megawatthours"
            },
            {
                "period": "2024-12-25T10",
                "subba": "ZONF",
                "subba-name": "Capital",
                "parent": "NYIS",
                "parent-name": "New York Independent System Operator",
                "value": "1315",
                "value-units": "megawatthours"
            },
            {
                "period": "2024-12-25T10",
                "subba": "ZONG",
                "subba-name": "Hudson Valley",
                "parent": "NYIS",
                "parent-name": "New York Independent System Operator",
                "value": "1037",
                "value-units": "megawatthours"
            },
            {
                "period": "2024-12-25T10",
                "subba": "ZONH",
                "subba-name": "Millwood",
                "parent": "NYIS",
                "parent-name": "New York Independent System Operator",
                "value": "299",
                "value-units": "megawatthours"
            },
            {
                "period": "2024-12-25T10",
                "subba": "ZONI",
                "subba-name": "Dunwoodie",
                "parent": "NYIS",
                "parent-name": "New York Independent System Operator",
                "value": "590",
                "value-units": "megawatthours"
            },
            {
                "period": "2024-12-25T10",
                "subba": "ZONJ",
                "subba-name": "New York City",
                "parent": "NYIS",
                "parent-name": "New York Independent System Operator",
                "value": "4748",
                "value-units": "megawatthours"
            },
            {
                "period": "2024-12-25T10",
                "subba": "ZONK",
                "subba-name": "Long Island",
                "parent": "NYIS",
                "parent-name": "New York Independent System Operator",
                "value": "1990",
                "value-units": "megawatthours"
            },
            {
                "period": "2024-12-25T09",
                "subba": "ZONA",
                "subba-name": "West",
                "parent": "NYIS",
                "parent-name": "New York Independent System Operator",
                "value": "1595",
                "value-units": "megawatthours"
            },
            {
                "period": "2024-12-25T09",
                "subba": "ZONB",
                "subba-name": "Genesee",
                "parent": "NYIS",
                "parent-name": "New York Independent System Operator",
                "value": "948",
                "value-units": "megawatthours"
            },
            {
                "period": "2024-12-25T09",
                "subba": "ZONC",
                "subba-name": "Central",
                "parent": "NYIS",
                "parent-name": "New York Independent System Operator",
                "value": "1630",
                "value-units": "megawatthours"
            },
            {
                "period": "2024-12-25T09",
                "subba": "ZOND",
                "subba-name": "North",
                "parent": "NYIS",
                "parent-name": "New York Independent System Operator",
                "value": "671",
                "value-units": "megawatthours"
            },
            {
                "period": "2024-12-25T09",
                "subba": "ZONE",
                "subba-name": "Mohawk Valley",
                "parent": "NYIS",
                "parent-name": "New York Independent System Operator",
                "value": "878",
                "value-units": "megawatthours"
            },
            {
                "period": "2024-12-25T09",
                "subba": "ZONF",
                "subba-name": "Capital",
                "parent": "NYIS",
                "parent-name": "New York Independent System Operator",
                "value": "1308",
                "value-units": "megawatthours"
            },
            {
                "period": "2024-12-25T09",
                "subba": "ZONG",
                "subba-name": "Hudson Valley",
                "parent": "NYIS",
                "parent-name": "New York Independent System Operator",
                "value": "1032",
                "value-units": "megawatthours"
            },
            {
                "period": "2024-12-25T09",
                "subba": "ZONH",
                "subba-name": "Millwood",
                "parent": "NYIS",
                "parent-name": "New York Independent System Operator",
                "value": "304",
                "value-units": "megawatthours"
            },
            {
                "period": "2024-12-25T09",
                "subba": "ZONI",
                "subba-name": "Dunwoodie",
                "parent": "NYIS",
                "parent-name": "New York Independent System Operator",
                "value": "593",
                "value-units": "megawatthours"
            },
            {
                "period": "2024-12-25T09",
                "subba": "ZONJ",
                "subba-name": "New York City",
                "parent": "NYIS",
                "parent-name": "New York Independent System Operator",
                "value": "4774",
                "value-units": "megawatthours"
            },
            {
                "period": "2024-12-25T09",
                "subba": "ZONK",
                "subba-name": "Long Island",
                "parent": "NYIS",
                "parent-name": "New York Independent System Operator",
                "value": "1990",
                "value-units": "megawatthours"
            },
            {
                "period": "2024-12-25T08",
                "subba": "ZONA",
                "subba-name": "West",
                "parent": "NYIS",
                "parent-name": "New York Independent System Operator",
                "value": "1606",
                "value-units": "megawatthours"
            },
            {
                "period": "2024-12-25T08",
                "subba": "ZONB",
                "subba-name": "Genesee",
                "parent": "NYIS",
                "parent-name": "New York Independent System Operator",
                "value": "955",
                "value-units": "megawatthours"
            },
            {
                "period": "2024-12-25T08",
                "subba": "ZONC",
                "subba-name": "Central",
                "parent": "NYIS",
                "parent-name": "New York Independent System Operator",
                "value": "1630",
                "value-units": "megawatthours"
            },
            {
                "period": "2024-12-25T08",
                "subba": "ZOND",
                "subba-name": "North",
                "parent": "NYIS",
                "parent-name": "New York Independent System Operator",
                "value": "682",
                "value-units": "megawatthours"
            },
            {
                "period": "2024-12-25T08",
                "subba": "ZONE",
                "subba-name": "Mohawk Valley",
                "parent": "NYIS",
                "parent-name": "New York Independent System Operator",
                "value": "881",
                "value-units": "megawatthours"
            },
            {
                "period": "2024-12-25T08",
                "subba": "ZONF",
                "subba-name": "Capital",
                "parent": "NYIS",
                "parent-name": "New York Independent System Operator",
                "value": "1315",
                "value-units": "megawatthours"
            },
            {
                "period": "2024-12-25T08",
                "subba": "ZONG",
                "subba-name": "Hudson Valley",
                "parent": "NYIS",
                "parent-name": "New York Independent System Operator",
                "value": "1058",
                "value-units": "megawatthours"
            },
            {
                "period": "2024-12-25T08",
                "subba": "ZONH",
                "subba-name": "Millwood",
                "parent": "NYIS",
                "parent-name": "New York Independent System Operator",
                "value": "300",
                "value-units": "megawatthours"
            },
            {
                "period": "2024-12-25T08",
                "subba": "ZONI",
                "subba-name": "Dunwoodie",
                "parent": "NYIS",
                "parent-name": "New York Independent System Operator",
                "value": "604",
                "value-units": "megawatthours"
            },
            {
                "period": "2024-12-25T08",
                "subba": "ZONJ",
                "subba-name": "New York City",
                "parent": "NYIS",
                "parent-name": "New York Independent System Operator",
                "value": "4851",
                "value-units": "megawatthours"
            },
            {
                "period": "2024-12-25T08",
                "subba": "ZONK",
                "subba-name": "Long Island",
                "parent": "NYIS",
                "parent-name": "New York Independent System Operator",
                "value": "2029",
                "value-units": "megawatthours"
            },
            {
                "period": "2024-12-25T07",
                "subba": "ZONA",
                "subba-name": "West",
                "parent": "NYIS",
                "parent-name": "New York Independent System Operator",
                "value": "1628",
                "value-units": "megawatthours"
            },
            {
                "period": "2024-12-25T07",
                "subba": "ZONB",
                "subba-name": "Genesee",
                "parent": "NYIS",
                "parent-name": "New York Independent System Operator",
                "value": "973",
                "value-units": "megawatthours"
            },
            {
                "period": "2024-12-25T07",
                "subba": "ZONC",
                "subba-name": "Central",
                "parent": "NYIS",
                "parent-name": "New York Independent System Operator",
                "value": "1654",
                "value-units": "megawatthours"
            },
            {
                "period": "2024-12-25T07",
                "subba": "ZOND",
                "subba-name": "North",
                "parent": "NYIS",
                "parent-name": "New York Independent System Operator",
                "value": "693",
                "value-units": "megawatthours"
            },
            {
                "period": "2024-12-25T07",
                "subba": "ZONE",
                "subba-name": "Mohawk Valley",
                "parent": "NYIS",
                "parent-name": "New York Independent System Operator",
                "value": "896",
                "value-units": "megawatthours"
            },
            {
                "period": "2024-12-25T07",
                "subba": "ZONF",
                "subba-name": "Capital",
                "parent": "NYIS",
                "parent-name": "New York Independent System Operator",
                "value": "1333",
                "value-units": "megawatthours"
            },
            {
                "period": "2024-12-25T07",
                "subba": "ZONG",
                "subba-name": "Hudson Valley",
                "parent": "NYIS",
                "parent-name": "New York Independent System Operator",
                "value": "1080",
                "value-units": "megawatthours"
            },
            {
                "period": "2024-12-25T07",
                "subba": "ZONH",
                "subba-name": "Millwood",
                "parent": "NYIS",
                "parent-name": "New York Independent System Operator",
                "value": "307",
                "value-units": "megawatthours"
            },
            {
                "period": "2024-12-25T07",
                "subba": "ZONI",
                "subba-name": "Dunwoodie",
                "parent": "NYIS",
                "parent-name": "New York Independent System Operator",
                "value": "623",
                "value-units": "megawatthours"
            },
            {
                "period": "2024-12-25T07",
                "subba": "ZONJ",
                "subba-name": "New York City",
                "parent": "NYIS",
                "parent-name": "New York Independent System Operator",
                "value": "4966",
                "value-units": "megawatthours"
            },
            {
                "period": "2024-12-25T07",
                "subba": "ZONK",
                "subba-name": "Long Island",
                "parent": "NYIS",
                "parent-name": "New York Independent System Operator",
                "value": "2099",
                "value-units": "megawatthours"
            },
            {
                "period": "2024-12-25T06",
                "subba": "ZONA",
                "subba-name": "West",
                "parent": "NYIS",
                "parent-name": "New York Independent System Operator",
                "value": "1658",
                "value-units": "megawatthours"
            },
            {
                "period": "2024-12-25T06",
                "subba": "ZONB",
                "subba-name": "Genesee",
                "parent": "NYIS",
                "parent-name": "New York Independent System Operator",
                "value": "1002",
                "value-units": "megawatthours"
            },
            {
                "period": "2024-12-25T06",
                "subba": "ZONC",
                "subba-name": "Central",
                "parent": "NYIS",
                "parent-name": "New York Independent System Operator",
                "value": "1692",
                "value-units": "megawatthours"
            },
            {
                "period": "2024-12-25T06",
                "subba": "ZOND",
                "subba-name": "North",
                "parent": "NYIS",
                "parent-name": "New York Independent System Operator",
                "value": "636",
                "value-units": "megawatthours"
            },
            {
                "period": "2024-12-25T06",
                "subba": "ZONE",
                "subba-name": "Mohawk Valley",
                "parent": "NYIS",
                "parent-name": "New York Independent System Operator",
                "value": "922",
                "value-units": "megawatthours"
            },
            {
                "period": "2024-12-25T06",
                "subba": "ZONF",
                "subba-name": "Capital",
                "parent": "NYIS",
                "parent-name": "New York Independent System Operator",
                "value": "1370",
                "value-units": "megawatthours"
            },
            {
                "period": "2024-12-25T06",
                "subba": "ZONG",
                "subba-name": "Hudson Valley",
                "parent": "NYIS",
                "parent-name": "New York Independent System Operator",
                "value": "1122",
                "value-units": "megawatthours"
            },
            {
                "period": "2024-12-25T06",
                "subba": "ZONH",
                "subba-name": "Millwood",
                "parent": "NYIS",
                "parent-name": "New York Independent System Operator",
                "value": "310",
                "value-units": "megawatthours"
            },
            {
                "period": "2024-12-25T06",
                "subba": "ZONI",
                "subba-name": "Dunwoodie",
                "parent": "NYIS",
                "parent-name": "New York Independent System Operator",
                "value": "641",
                "value-units": "megawatthours"
            },
            {
                "period": "2024-12-25T06",
                "subba": "ZONJ",
                "subba-name": "New York City",
                "parent": "NYIS",
                "parent-name": "New York Independent System Operator",
                "value": "5104",
                "value-units": "megawatthours"
            },
            {
                "period": "2024-12-25T06",
                "subba": "ZONK",
                "subba-name": "Long Island",
                "parent": "NYIS",
                "parent-name": "New York Independent System Operator",
                "value": "2193",
                "value-units": "megawatthours"
            },
            {
                "period": "2024-12-25T05",
                "subba": "ZONA",
                "subba-name": "West",
                "parent": "NYIS",
                "parent-name": "New York Independent System Operator",
                "value": "1716",
                "value-units": "megawatthours"
            },
            {
                "period": "2024-12-25T05",
                "subba": "ZONB",
                "subba-name": "Genesee",
                "parent": "NYIS",
                "parent-name": "New York Independent System Operator",
                "value": "1032",
                "value-units": "megawatthours"
            },
            {
                "period": "2024-12-25T05",
                "subba": "ZONC",
                "subba-name": "Central",
                "parent": "NYIS",
                "parent-name": "New York Independent System Operator",
                "value": "1733",
                "value-units": "megawatthours"
            },
            {
                "period": "2024-12-25T05",
                "subba": "ZOND",
                "subba-name": "North",
                "parent": "NYIS",
                "parent-name": "New York Independent System Operator",
                "value": "593",
                "value-units": "megawatthours"
            },
            {
                "period": "2024-12-25T05",
                "subba": "ZONE",
                "subba-name": "Mohawk Valley",
                "parent": "NYIS",
                "parent-name": "New York Independent System Operator",
                "value": "956",
                "value-units": "megawatthours"
            },
            {
                "period": "2024-12-25T05",
                "subba": "ZONF",
                "subba-name": "Capital",
                "parent": "NYIS",
                "parent-name": "New York Independent System Operator",
                "value": "1429",
                "value-units": "megawatthours"
            },
            {
                "period": "2024-12-25T05",
                "subba": "ZONG",
                "subba-name": "Hudson Valley",
                "parent": "NYIS",
                "parent-name": "New York Independent System Operator",
                "value": "1166",
                "value-units": "megawatthours"
            },
            {
                "period": "2024-12-25T05",
                "subba": "ZONH",
                "subba-name": "Millwood",
                "parent": "NYIS",
                "parent-name": "New York Independent System Operator",
                "value": "335",
                "value-units": "megawatthours"
            },
            {
                "period": "2024-12-25T05",
                "subba": "ZONI",
                "subba-name": "Dunwoodie",
                "parent": "NYIS",
                "parent-name": "New York Independent System Operator",
                "value": "666",
                "value-units": "megawatthours"
            },
            {
                "period": "2024-12-25T05",
                "subba": "ZONJ",
                "subba-name": "New York City",
                "parent": "NYIS",
                "parent-name": "New York Independent System Operator",
                "value": "5279",
                "value-units": "megawatthours"
            },
            {
                "period": "2024-12-25T05",
                "subba": "ZONK",
                "subba-name": "Long Island",
                "parent": "NYIS",
                "parent-name": "New York Independent System Operator",
                "value": "2290",
                "value-units": "megawatthours"
            },
            {
                "period": "2024-12-25T04",
                "subba": "ZONA",
                "subba-name": "West",
                "parent": "NYIS",
                "parent-name": "New York Independent System Operator",
                "value": "1793",
                "value-units": "megawatthours"
            },
            {
                "period": "2024-12-25T04",
                "subba": "ZONB",
                "subba-name": "Genesee",
                "parent": "NYIS",
                "parent-name": "New York Independent System Operator",
                "value": "1082",
                "value-units": "megawatthours"
            },
            {
                "period": "2024-12-25T04",
                "subba": "ZONC",
                "subba-name": "Central",
                "parent": "NYIS",
                "parent-name": "New York Independent System Operator",
                "value": "1795",
                "value-units": "megawatthours"
            },
            {
                "period": "2024-12-25T04",
                "subba": "ZOND",
                "subba-name": "North",
                "parent": "NYIS",
                "parent-name": "New York Independent System Operator",
                "value": "605",
                "value-units": "megawatthours"
            },
            {
                "period": "2024-12-25T04",
                "subba": "ZONE",
                "subba-name": "Mohawk Valley",
                "parent": "NYIS",
                "parent-name": "New York Independent System Operator",
                "value": "1005",
                "value-units": "megawatthours"
            },
            {
                "period": "2024-12-25T04",
                "subba": "ZONF",
                "subba-name": "Capital",
                "parent": "NYIS",
                "parent-name": "New York Independent System Operator",
                "value": "1491",
                "value-units": "megawatthours"
            },
            {
                "period": "2024-12-25T04",
                "subba": "ZONG",
                "subba-name": "Hudson Valley",
                "parent": "NYIS",
                "parent-name": "New York Independent System Operator",
                "value": "1221",
                "value-units": "megawatthours"
            },
            {
                "period": "2024-12-25T04",
                "subba": "ZONH",
                "subba-name": "Millwood",
                "parent": "NYIS",
                "parent-name": "New York Independent System Operator",
                "value": "358",
                "value-units": "megawatthours"
            },
            {
                "period": "2024-12-25T04",
                "subba": "ZONI",
                "subba-name": "Dunwoodie",
                "parent": "NYIS",
                "parent-name": "New York Independent System Operator",
                "value": "696",
                "value-units": "megawatthours"
            },
            {
                "period": "2024-12-25T04",
                "subba": "ZONJ",
                "subba-name": "New York City",
                "parent": "NYIS",
                "parent-name": "New York Independent System Operator",
                "value": "5486",
                "value-units": "megawatthours"
            },
            {
                "period": "2024-12-25T04",
                "subba": "ZONK",
                "subba-name": "Long Island",
                "parent": "NYIS",
                "parent-name": "New York Independent System Operator",
                "value": "2390",
                "value-units": "megawatthours"
            },
            {
                "period": "2024-12-25T03",
                "subba": "ZONA",
                "subba-name": "West",
                "parent": "NYIS",
                "parent-name": "New York Independent System Operator",
                "value": "1850",
                "value-units": "megawatthours"
            },
            {
                "period": "2024-12-25T03",
                "subba": "ZONB",
                "subba-name": "Genesee",
                "parent": "NYIS",
                "parent-name": "New York Independent System Operator",
                "value": "1131",
                "value-units": "megawatthours"
            },
            {
                "period": "2024-12-25T03",
                "subba": "ZONC",
                "subba-name": "Central",
                "parent": "NYIS",
                "parent-name": "New York Independent System Operator",
                "value": "1856",
                "value-units": "megawatthours"
            },
            {
                "period": "2024-12-25T03",
                "subba": "ZOND",
                "subba-name": "North",
                "parent": "NYIS",
                "parent-name": "New York Independent System Operator",
                "value": "606",
                "value-units": "megawatthours"
            },
            {
                "period": "2024-12-25T03",
                "subba": "ZONE",
                "subba-name": "Mohawk Valley",
                "parent": "NYIS",
                "parent-name": "New York Independent System Operator",
                "value": "1050",
                "value-units": "megawatthours"
            },
            {
                "period": "2024-12-25T03",
                "subba": "ZONF",
                "subba-name": "Capital",
                "parent": "NYIS",
                "parent-name": "New York Independent System Operator",
                "value": "1548",
                "value-units": "megawatthours"
            },
            {
                "period": "2024-12-25T03",
                "subba": "ZONG",
                "subba-name": "Hudson Valley",
                "parent": "NYIS",
                "parent-name": "New York Independent System Operator",
                "value": "1270",
                "value-units": "megawatthours"
            },
            {
                "period": "2024-12-25T03",
                "subba": "ZONH",
                "subba-name": "Millwood",
                "parent": "NYIS",
                "parent-name": "New York Independent System Operator",
                "value": "373",
                "value-units": "megawatthours"
            },
            {
                "period": "2024-12-25T03",
                "subba": "ZONI",
                "subba-name": "Dunwoodie",
                "parent": "NYIS",
                "parent-name": "New York Independent System Operator",
                "value": "716",
                "value-units": "megawatthours"
            },
            {
                "period": "2024-12-25T03",
                "subba": "ZONJ",
                "subba-name": "New York City",
                "parent": "NYIS",
                "parent-name": "New York Independent System Operator",
                "value": "5678",
                "value-units": "megawatthours"
            },
            {
                "period": "2024-12-25T03",
                "subba": "ZONK",
                "subba-name": "Long Island",
                "parent": "NYIS",
                "parent-name": "New York Independent System Operator",
                "value": "2462",
                "value-units": "megawatthours"
            },
            {
                "period": "2024-12-25T02",
                "subba": "ZONA",
                "subba-name": "West",
                "parent": "NYIS",
                "parent-name": "New York Independent System Operator",
                "value": "1872",
                "value-units": "megawatthours"
            },
            {
                "period": "2024-12-25T02",
                "subba": "ZONB",
                "subba-name": "Genesee",
                "parent": "NYIS",
                "parent-name": "New York Independent System Operator",
                "value": "1161",
                "value-units": "megawatthours"
            },
            {
                "period": "2024-12-25T02",
                "subba": "ZONC",
                "subba-name": "Central",
                "parent": "NYIS",
                "parent-name": "New York Independent System Operator",
                "value": "1896",
                "value-units": "megawatthours"
            },
            {
                "period": "2024-12-25T02",
                "subba": "ZOND",
                "subba-name": "North",
                "parent": "NYIS",
                "parent-name": "New York Independent System Operator",
                "value": "622",
                "value-units": "megawatthours"
            },
            {
                "period": "2024-12-25T02",
                "subba": "ZONE",
                "subba-name": "Mohawk Valley",
                "parent": "NYIS",
                "parent-name": "New York Independent System Operator",
                "value": "1073",
                "value-units": "megawatthours"
            },
            {
                "period": "2024-12-25T02",
                "subba": "ZONF",
                "subba-name": "Capital",
                "parent": "NYIS",
                "parent-name": "New York Independent System Operator",
                "value": "1583",
                "value-units": "megawatthours"
            },
            {
                "period": "2024-12-25T02",
                "subba": "ZONG",
                "subba-name": "Hudson Valley",
                "parent": "NYIS",
                "parent-name": "New York Independent System Operator",
                "value": "1301",
                "value-units": "megawatthours"
            },
            {
                "period": "2024-12-25T02",
                "subba": "ZONH",
                "subba-name": "Millwood",
                "parent": "NYIS",
                "parent-name": "New York Independent System Operator",
                "value": "382",
                "value-units": "megawatthours"
            },
            {
                "period": "2024-12-25T02",
                "subba": "ZONI",
                "subba-name": "Dunwoodie",
                "parent": "NYIS",
                "parent-name": "New York Independent System Operator",
                "value": "734",
                "value-units": "megawatthours"
            },
            {
                "period": "2024-12-25T02",
                "subba": "ZONJ",
                "subba-name": "New York City",
                "parent": "NYIS",
                "parent-name": "New York Independent System Operator",
                "value": "5839",
                "value-units": "megawatthours"
            },
            {
                "period": "2024-12-25T02",
                "subba": "ZONK",
                "subba-name": "Long Island",
                "parent": "NYIS",
                "parent-name": "New York Independent System Operator",
                "value": "2533",
                "value-units": "megawatthours"
            },
            {
                "period": "2024-12-25T01",
                "subba": "ZONA",
                "subba-name": "West",
                "parent": "NYIS",
                "parent-name": "New York Independent System Operator",
                "value": "1907",
                "value-units": "megawatthours"
            },
            {
                "period": "2024-12-25T01",
                "subba": "ZONB",
                "subba-name": "Genesee",
                "parent": "NYIS",
                "parent-name": "New York Independent System Operator",
                "value": "1192",
                "value-units": "megawatthours"
            },
            {
                "period": "2024-12-25T01",
                "subba": "ZONC",
                "subba-name": "Central",
                "parent": "NYIS",
                "parent-name": "New York Independent System Operator",
                "value": "1926",
                "value-units": "megawatthours"
            },
            {
                "period": "2024-12-25T01",
                "subba": "ZOND",
                "subba-name": "North",
                "parent": "NYIS",
                "parent-name": "New York Independent System Operator",
                "value": "601",
                "value-units": "megawatthours"
            },
            {
                "period": "2024-12-25T01",
                "subba": "ZONE",
                "subba-name": "Mohawk Valley",
                "parent": "NYIS",
                "parent-name": "New York Independent System Operator",
                "value": "1098",
                "value-units": "megawatthours"
            },
            {
                "period": "2024-12-25T01",
                "subba": "ZONF",
                "subba-name": "Capital",
                "parent": "NYIS",
                "parent-name": "New York Independent System Operator",
                "value": "1617",
                "value-units": "megawatthours"
            },
            {
                "period": "2024-12-25T01",
                "subba": "ZONG",
                "subba-name": "Hudson Valley",
                "parent": "NYIS",
                "parent-name": "New York Independent System Operator",
                "value": "1332",
                "value-units": "megawatthours"
            },
            {
                "period": "2024-12-25T01",
                "subba": "ZONH",
                "subba-name": "Millwood",
                "parent": "NYIS",
                "parent-name": "New York Independent System Operator",
                "value": "398",
                "value-units": "megawatthours"
            },
            {
                "period": "2024-12-25T01",
                "subba": "ZONI",
                "subba-name": "Dunwoodie",
                "parent": "NYIS",
                "parent-name": "New York Independent System Operator",
                "value": "762",
                "value-units": "megawatthours"
            },
            {
                "period": "2024-12-25T01",
                "subba": "ZONJ",
                "subba-name": "New York City",
                "parent": "NYIS",
                "parent-name": "New York Independent System Operator",
                "value": "6042",
                "value-units": "megawatthours"
            },
            {
                "period": "2024-12-25T01",
                "subba": "ZONK",
                "subba-name": "Long Island",
                "parent": "NYIS",
                "parent-name": "New York Independent System Operator",
                "value": "2622",
                "value-units": "megawatthours"
            },
            {
                "period": "2024-12-25T00",
                "subba": "ZONA",
                "subba-name": "West",
                "parent": "NYIS",
                "parent-name": "New York Independent System Operator",
                "value": "1912",
                "value-units": "megawatthours"
            },
            {
                "period": "2024-12-25T00",
                "subba": "ZONB",
                "subba-name": "Genesee",
                "parent": "NYIS",
                "parent-name": "New York Independent System Operator",
                "value": "1221",
                "value-units": "megawatthours"
            },
            {
                "period": "2024-12-25T00",
                "subba": "ZONC",
                "subba-name": "Central",
                "parent": "NYIS",
                "parent-name": "New York Independent System Operator",
                "value": "1960",
                "value-units": "megawatthours"
            },
            {
                "period": "2024-12-25T00",
                "subba": "ZOND",
                "subba-name": "North",
                "parent": "NYIS",
                "parent-name": "New York Independent System Operator",
                "value": "604",
                "value-units": "megawatthours"
            },
            {
                "period": "2024-12-25T00",
                "subba": "ZONE",
                "subba-name": "Mohawk Valley",
                "parent": "NYIS",
                "parent-name": "New York Independent System Operator",
                "value": "1116",
                "value-units": "megawatthours"
            },
            {
                "period": "2024-12-25T00",
                "subba": "ZONF",
                "subba-name": "Capital",
                "parent": "NYIS",
                "parent-name": "New York Independent System Operator",
                "value": "1653",
                "value-units": "megawatthours"
            },
            {
                "period": "2024-12-25T00",
                "subba": "ZONG",
                "subba-name": "Hudson Valley",
                "parent": "NYIS",
                "parent-name": "New York Independent System Operator",
                "value": "1370",
                "value-units": "megawatthours"
            },
            {
                "period": "2024-12-25T00",
                "subba": "ZONH",
                "subba-name": "Millwood",
                "parent": "NYIS",
                "parent-name": "New York Independent System Operator",
                "value": "414",
                "value-units": "megawatthours"
            },
            {
                "period": "2024-12-25T00",
                "subba": "ZONI",
                "subba-name": "Dunwoodie",
                "parent": "NYIS",
                "parent-name": "New York Independent System Operator",
                "value": "792",
                "value-units": "megawatthours"
            },
            {
                "period": "2024-12-25T00",
                "subba": "ZONJ",
                "subba-name": "New York City",
                "parent": "NYIS",
                "parent-name": "New York Independent System Operator",
                "value": "6216",
                "value-units": "megawatthours"
            },
            {
                "period": "2024-12-25T00",
                "subba": "ZONK",
                "subba-name": "Long Island",
                "parent": "NYIS",
                "parent-name": "New York Independent System Operator",
                "value": "2716",
                "value-units": "megawatthours"
            }
        ],
        "description": "Hourly demand by balancing authority subregion.  \n    Source: Form EIA-930\n    Product: Hourly Electric Grid Monitor"
    },
    "request": {
        "command": "/v2/electricity/rto/region-sub-ba-data/data/",
        "params": {
            "frequency": "hourly",
            "data": [
                "value"
            ],
            "sort": [
                {
                    "column": "period",
                    "direction": "desc"
                }
            ],
            "facets": {
                "parent": [
                    "NYIS"
                ]
            },
            "offset": "0",
            "length": "5000",
            "start": "2024-12-25",
            "end": "2024-12-26",
            "api_key": "dqRq8VpXSoyUrCbrPhuYFxGl6Rul9kmVcRshZ98c"
        }
    },
    "apiVersion": "2.1.8",
    "ExcelAddInVersion": "2.1.0"
}